Using pre-set license
Built from '2022.3/staging' branch; Version is '2022.3.22f1 (887be4894c44) revision 8944612'; Using compiler version '192829333'; Build Type 'Release'
OS: 'Windows 11  (10.0.26100) 64bit Professional' Language: 'en' Physical Memory: 28565 MB
BatchMode: 1, IsHumanControllingUs: 0, StartBugReporterOnCrash: 0, Is64bit: 1, IsPro: 1

COMMAND LINE ARGUMENTS:
C:\Program Files\Unity\Hub\Editor\2022.3.22f1\Editor\Unity.exe
-adb2
-batchMode
-noUpm
-name
AssetImportWorker8
-projectPath
D:/Unity/MonitorLeg8
-logFile
Logs/AssetImportWorker8.log
-srvPort
57357
Successfully changed project path to: D:/Unity/MonitorLeg8
D:/Unity/MonitorLeg8
[UnityMemory] Configuration Parameters - Can be set up in boot.config
    "memorysetup-bucket-allocator-granularity=16"
    "memorysetup-bucket-allocator-bucket-count=8"
    "memorysetup-bucket-allocator-block-size=33554432"
    "memorysetup-bucket-allocator-block-count=8"
    "memorysetup-main-allocator-block-size=16777216"
    "memorysetup-thread-allocator-block-size=16777216"
    "memorysetup-gfx-main-allocator-block-size=16777216"
    "memorysetup-gfx-thread-allocator-block-size=16777216"
    "memorysetup-cache-allocator-block-size=4194304"
    "memorysetup-typetree-allocator-block-size=2097152"
    "memorysetup-profiler-bucket-allocator-granularity=16"
    "memorysetup-profiler-bucket-allocator-bucket-count=8"
    "memorysetup-profiler-bucket-allocator-block-size=33554432"
    "memorysetup-profiler-bucket-allocator-block-count=8"
    "memorysetup-profiler-allocator-block-size=16777216"
    "memorysetup-profiler-editor-allocator-block-size=1048576"
    "memorysetup-temp-allocator-size-main=16777216"
    "memorysetup-job-temp-allocator-block-size=2097152"
    "memorysetup-job-temp-allocator-block-size-background=1048576"
    "memorysetup-job-temp-allocator-reduction-small-platforms=262144"
    "memorysetup-allocator-temp-initial-block-size-main=262144"
    "memorysetup-allocator-temp-initial-block-size-worker=262144"
    "memorysetup-temp-allocator-size-background-worker=32768"
    "memorysetup-temp-allocator-size-job-worker=262144"
    "memorysetup-temp-allocator-size-preload-manager=33554432"
    "memorysetup-temp-allocator-size-nav-mesh-worker=65536"
    "memorysetup-temp-allocator-size-audio-worker=65536"
    "memorysetup-temp-allocator-size-cloud-worker=32768"
    "memorysetup-temp-allocator-size-gi-baking-worker=262144"
    "memorysetup-temp-allocator-size-gfx=262144"
Player connection [47884] Host "[IP] 192.168.254.120 [Port] 0 [Flags] 2 [Guid] 2657319624 [EditorId] 2657319624 [Version] 1048832 [Id] WindowsEditor(7,DESKTOP-GSFHFT3) [Debug] 1 [PackageName] WindowsEditor [ProjectName] Editor" joined multi-casting on [225.0.0.222:54997]...

Player connection [47884] Host "[IP] 192.168.254.120 [Port] 0 [Flags] 2 [Guid] 2657319624 [EditorId] 2657319624 [Version] 1048832 [Id] WindowsEditor(7,DESKTOP-GSFHFT3) [Debug] 1 [PackageName] WindowsEditor [ProjectName] Editor" joined alternative multi-casting on [225.0.0.222:34997]...

[Physics::Module] Initialized MultithreadedJobDispatcher with 11 workers.
Refreshing native plugins compatible for Editor in 207.26 ms, found 3 plugins.
Preloading 0 native plugins for Editor in 0.00 ms.
Initialize engine version: 2022.3.22f1 (887be4894c44)
[Subsystems] Discovering subsystems at path C:/Program Files/Unity/Hub/Editor/2022.3.22f1/Editor/Data/Resources/UnitySubsystems
[Subsystems] Discovering subsystems at path D:/Unity/MonitorLeg8/Assets
GfxDevice: creating device client; threaded=0; jobified=0
Direct3D:
    Version:  Direct3D 11.0 [level 11.1]
    Renderer: NVIDIA GeForce RTX 4060 (ID=0x2882)
    Vendor:   NVIDIA
    VRAM:     7957 MB
    Driver:   32.0.15.6094
Initialize mono
Mono path[0] = 'C:/Program Files/Unity/Hub/Editor/2022.3.22f1/Editor/Data/Managed'
Mono path[1] = 'C:/Program Files/Unity/Hub/Editor/2022.3.22f1/Editor/Data/MonoBleedingEdge/lib/mono/unityjit-win32'
Mono config path = 'C:/Program Files/Unity/Hub/Editor/2022.3.22f1/Editor/Data/MonoBleedingEdge/etc'
Using monoOptions --debugger-agent=transport=dt_socket,embedding=1,server=y,suspend=n,address=127.0.0.1:56376
Begin MonoManager ReloadAssembly
Registering precompiled unity dll's ...
Register platform support module: C:/Program Files/Unity/Hub/Editor/2022.3.22f1/Editor/Data/PlaybackEngines/WebGLSupport/UnityEditor.WebGL.Extensions.dll
Register platform support module: C:/Program Files/Unity/Hub/Editor/2022.3.22f1/Editor/Data/PlaybackEngines/AndroidPlayer/UnityEditor.Android.Extensions.dll
Register platform support module: C:/Program Files/Unity/Hub/Editor/2022.3.22f1/Editor/Data/PlaybackEngines/WindowsStandaloneSupport/UnityEditor.WindowsStandalone.Extensions.dll
Registered in 0.010251 seconds.
- Loaded All Assemblies, in  0.888 seconds
Native extension for WindowsStandalone target not found
Native extension for Android target not found
Android Extension - Scanning For ADB Devices 317 ms
Native extension for WebGL target not found
Mono: successfully reloaded assembly
- Finished resetting the current domain, in  0.623 seconds
Domain Reload Profiling: 1510ms
	BeginReloadAssembly (90ms)
		ExecutionOrderSort (0ms)
		DisableScriptedObjects (0ms)
		BackupInstance (0ms)
		ReleaseScriptingObjects (0ms)
		CreateAndSetChildDomain (1ms)
	RebuildCommonClasses (163ms)
	RebuildNativeTypeToScriptingClass (8ms)
	initialDomainReloadingComplete (54ms)
	LoadAllAssembliesAndSetupDomain (571ms)
		LoadAssemblies (89ms)
		RebuildTransferFunctionScriptingTraits (0ms)
		AnalyzeDomain (568ms)
			TypeCache.Refresh (567ms)
				TypeCache.ScanAssembly (557ms)
			ScanForSourceGeneratedMonoScriptInfo (0ms)
			ResolveRequiredComponents (0ms)
	FinalizeReload (624ms)
		ReleaseScriptCaches (0ms)
		RebuildScriptCaches (0ms)
		SetupLoadedEditorAssemblies (575ms)
			LogAssemblyErrors (0ms)
			InitializePlatformSupportModulesInManaged (430ms)
			SetLoadedEditorAssemblies (3ms)
			RefreshPlugins (0ms)
			BeforeProcessingInitializeOnLoad (2ms)
			ProcessInitializeOnLoadAttributes (95ms)
			ProcessInitializeOnLoadMethodAttributes (45ms)
			AfterProcessingInitializeOnLoad (0ms)
			EditorAssembliesLoaded (0ms)
		ExecutionOrderSort2 (0ms)
		AwakeInstancesAfterBackupRestoration (0ms)
========================================================================
Worker process is ready to serve import requests
Begin MonoManager ReloadAssembly
- Loaded All Assemblies, in  0.617 seconds
Refreshing native plugins compatible for Editor in 2.88 ms, found 3 plugins.
Native extension for WindowsStandalone target not found
Native extension for Android target not found
Native extension for WebGL target not found
<color=white>• You are using a <b>Non-Commercial</b> version of <b>VhsFx</b> developed by <b>NullTale</b></color>.
When using this version, please remember to specify <b>Author Attribution</b> according to the <b>Licence</b> used.
------------- - - - -  -  -
A full use <b>Licence</b> can be acquired on <a href="https://assetstore.unity.com/packages/vfx/shaders/fullscreen-camera-effects/270015">Asset Store</a> or negotiated with the Author in cases of special licensing.
 
UnityEngine.StackTraceUtility:ExtractStackTrace ()
UnityEngine.DebugLogHandler:LogFormat (UnityEngine.LogType,UnityEngine.Object,string,object[])
UnityEngine.Logger:Log (UnityEngine.LogType,object)
UnityEngine.Debug:Log (object)
VolFx.Editor.PassDrawer:CopyrightInfo () (at ./Library/PackageCache/www.nulltale.vhsfx@341ca660dd/Editor/PassDrawer.cs:162)
System.Reflection.RuntimeMethodInfo:Invoke (object,System.Reflection.BindingFlags,System.Reflection.Binder,object[],System.Globalization.CultureInfo)
System.Reflection.MethodBase:Invoke (object,object[])
UnityEditor.EditorAssemblies:ProcessInitializeOnLoadMethodAttributes ()

(Filename: ./Library/PackageCache/www.nulltale.vhsfx@341ca660dd/Editor/PassDrawer.cs Line: 162)

Mono: successfully reloaded assembly
- Finished resetting the current domain, in  0.698 seconds
Domain Reload Profiling: 1314ms
	BeginReloadAssembly (121ms)
		ExecutionOrderSort (0ms)
		DisableScriptedObjects (4ms)
		BackupInstance (0ms)
		ReleaseScriptingObjects (0ms)
		CreateAndSetChildDomain (19ms)
	RebuildCommonClasses (25ms)
	RebuildNativeTypeToScriptingClass (8ms)
	initialDomainReloadingComplete (36ms)
	LoadAllAssembliesAndSetupDomain (425ms)
		LoadAssemblies (263ms)
		RebuildTransferFunctionScriptingTraits (0ms)
		AnalyzeDomain (233ms)
			TypeCache.Refresh (201ms)
				TypeCache.ScanAssembly (139ms)
			ScanForSourceGeneratedMonoScriptInfo (21ms)
			ResolveRequiredComponents (10ms)
	FinalizeReload (699ms)
		ReleaseScriptCaches (0ms)
		RebuildScriptCaches (0ms)
		SetupLoadedEditorAssemblies (532ms)
			LogAssemblyErrors (0ms)
			InitializePlatformSupportModulesInManaged (23ms)
			SetLoadedEditorAssemblies (4ms)
			RefreshPlugins (0ms)
			BeforeProcessingInitializeOnLoad (74ms)
			ProcessInitializeOnLoadAttributes (356ms)
			ProcessInitializeOnLoadMethodAttributes (66ms)
			AfterProcessingInitializeOnLoad (9ms)
			EditorAssembliesLoaded (0ms)
		ExecutionOrderSort2 (0ms)
		AwakeInstancesAfterBackupRestoration (6ms)
Launched and connected shader compiler UnityShaderCompiler.exe after 0.19 seconds
Refreshing native plugins compatible for Editor in 3.23 ms, found 3 plugins.
Preloading 0 native plugins for Editor in 0.00 ms.
Unloading 6616 Unused Serialized files (Serialized files now loaded: 0)
Unloading 101 unused Assets / (2.9 MB). Loaded Objects now: 7083.
Memory consumption went from 290.5 MB to 287.6 MB.
Total: 3.842100 ms (FindLiveObjects: 0.409600 ms CreateObjectMapping: 0.176300 ms MarkObjects: 2.627600 ms  DeleteObjects: 0.627600 ms)

AssetImportParameters requested are different than current active one (requested -> active):
  custom:container-demuxer-ogg: 62fdf1f143b41e24485cea50d1cbac27 -> 
  custom:framework-win-MediaFoundation: 216162199b28c13a410421893ffa2e32 -> 
  custom:container-muxer-webm: aa71ff27fc2769a1b78a27578f13a17b -> 
  custom:video-decoder-webm-vp8: 9c59270c3fd7afecdb556c50c9e8de78 -> 
  custom:SearchIndexIgnoredProperties: e643bd26f0fe6173181afceb89e7c659 -> 
  custom:AudioImporter_EditorPlatform: d09bf68614088b80899f8185d706f6e7 -> 
  custom:audio-decoder-ogg-vorbis: bf7c407c2cedff20999df2af8eb42d56 -> 
  custom:audio-encoder-webm-vorbis: bf7c407c2cedff20999df2af8eb42d56 -> 
  custom:video-codec-MediaFoundation-h265: 746d11721c4dcdbdad8f713fa42b33f4 -> 
  custom:video-decoder-ogg-theora: a1e56fd34408186e4bbccfd4996cb3dc -> 
  custom:CustomObjectIndexerAttribute: 3ead1caaecf1c488f20bcfeb224b6af5 -> 
  custom:container-demuxer-webm: 4f35f7cbe854078d1ac9338744f61a02 -> 
  custom:video-encoder-webm-vp8: eb34c28f22e8b96e1ab97ce403110664 -> 
========================================================================
Received Prepare
Begin MonoManager ReloadAssembly
- Loaded All Assemblies, in  0.458 seconds
Refreshing native plugins compatible for Editor in 4.20 ms, found 3 plugins.
Native extension for WindowsStandalone target not found
Native extension for Android target not found
Native extension for WebGL target not found
Mono: successfully reloaded assembly
- Finished resetting the current domain, in  1.394 seconds
Domain Reload Profiling: 1851ms
	BeginReloadAssembly (137ms)
		ExecutionOrderSort (0ms)
		DisableScriptedObjects (4ms)
		BackupInstance (0ms)
		ReleaseScriptingObjects (0ms)
		CreateAndSetChildDomain (33ms)
	RebuildCommonClasses (26ms)
	RebuildNativeTypeToScriptingClass (8ms)
	initialDomainReloadingComplete (27ms)
	LoadAllAssembliesAndSetupDomain (257ms)
		LoadAssemblies (305ms)
		RebuildTransferFunctionScriptingTraits (0ms)
		AnalyzeDomain (24ms)
			TypeCache.Refresh (6ms)
				TypeCache.ScanAssembly (0ms)
			ScanForSourceGeneratedMonoScriptInfo (0ms)
			ResolveRequiredComponents (17ms)
	FinalizeReload (1395ms)
		ReleaseScriptCaches (0ms)
		RebuildScriptCaches (0ms)
		SetupLoadedEditorAssemblies (571ms)
			LogAssemblyErrors (0ms)
			InitializePlatformSupportModulesInManaged (29ms)
			SetLoadedEditorAssemblies (5ms)
			RefreshPlugins (0ms)
			BeforeProcessingInitializeOnLoad (95ms)
			ProcessInitializeOnLoadAttributes (372ms)
			ProcessInitializeOnLoadMethodAttributes (60ms)
			AfterProcessingInitializeOnLoad (9ms)
			EditorAssembliesLoaded (0ms)
		ExecutionOrderSort2 (0ms)
		AwakeInstancesAfterBackupRestoration (21ms)
Refreshing native plugins compatible for Editor in 3.11 ms, found 3 plugins.
Preloading 0 native plugins for Editor in 0.00 ms.
Unloading 6183 Unused Serialized files (Serialized files now loaded: 0)
Unloading 58 unused Assets / (2.9 MB). Loaded Objects now: 7103.
Memory consumption went from 235.0 MB to 232.1 MB.
Total: 4.097800 ms (FindLiveObjects: 0.567600 ms CreateObjectMapping: 0.258400 ms MarkObjects: 2.830400 ms  DeleteObjects: 0.440400 ms)

Prepare: number of updated asset objects reloaded= 0
AssetImportParameters requested are different than current active one (requested -> active):
  custom:container-demuxer-ogg: 62fdf1f143b41e24485cea50d1cbac27 -> 
  custom:framework-win-MediaFoundation: 216162199b28c13a410421893ffa2e32 -> 
  custom:container-muxer-webm: aa71ff27fc2769a1b78a27578f13a17b -> 
  custom:video-decoder-webm-vp8: 9c59270c3fd7afecdb556c50c9e8de78 -> 
  custom:SearchIndexIgnoredProperties: e643bd26f0fe6173181afceb89e7c659 -> 
  custom:AudioImporter_EditorPlatform: d09bf68614088b80899f8185d706f6e7 -> 
  custom:audio-decoder-ogg-vorbis: bf7c407c2cedff20999df2af8eb42d56 -> 
  custom:audio-encoder-webm-vorbis: bf7c407c2cedff20999df2af8eb42d56 -> 
  custom:video-codec-MediaFoundation-h265: 746d11721c4dcdbdad8f713fa42b33f4 -> 
  custom:video-decoder-ogg-theora: a1e56fd34408186e4bbccfd4996cb3dc -> 
  custom:CustomObjectIndexerAttribute: 3ead1caaecf1c488f20bcfeb224b6af5 -> 
  custom:container-demuxer-webm: 4f35f7cbe854078d1ac9338744f61a02 -> 
  custom:video-encoder-webm-vp8: eb34c28f22e8b96e1ab97ce403110664 -> 
========================================================================
Received Import Request.
  Time since last request: 15170.384780 seconds.
  path: Packages/com.unity.render-pipelines.universal/Runtime/Materials/ParticlesUnlit.mat
  artifactKey: Guid(e823cd5b5d27c0f4b8256e7c12ee3e6d) Importer(815301076,1909f56bfc062723c751e8b465ee728b)
Start importing Packages/com.unity.render-pipelines.universal/Runtime/Materials/ParticlesUnlit.mat using Guid(e823cd5b5d27c0f4b8256e7c12ee3e6d) Importer(815301076,1909f56bfc062723c751e8b465ee728b)  -> (artifact id: '34594d10d642e28eb047e64fb705be31') in 0.532560 seconds
Number of updated asset objects reloaded before import = 0
Number of asset objects unloaded after import = 20
========================================================================
Received Import Request.
  Time since last request: 394.812058 seconds.
  path: Assets/FX/Blood VFX.vfx
  artifactKey: Guid(410e75fdfb55cbd4691cf86d7664a9df) Importer(815301076,1909f56bfc062723c751e8b465ee728b)
Start importing Assets/FX/Blood VFX.vfx using Guid(410e75fdfb55cbd4691cf86d7664a9df) Importer(815301076,1909f56bfc062723c751e8b465ee728b)  -> (artifact id: 'd94f9df9ba5c6d3983363567384d3b54') in 0.003290 seconds
Number of updated asset objects reloaded before import = 0
Number of asset objects unloaded after import = 5
========================================================================
Received Import Request.
  Time since last request: 5.535687 seconds.
  path: Assets/FX/Blood VFX.vfx
  artifactKey: Guid(410e75fdfb55cbd4691cf86d7664a9df) Importer(815301076,1909f56bfc062723c751e8b465ee728b)
Start importing Assets/FX/Blood VFX.vfx using Guid(410e75fdfb55cbd4691cf86d7664a9df) Importer(815301076,1909f56bfc062723c751e8b465ee728b)  -> (artifact id: 'a1bfd3cd5c491c4a38342ee5246825d3') in 0.002205 seconds
Number of updated asset objects reloaded before import = 1
Number of asset objects unloaded after import = 5
========================================================================
Received Import Request.
  Time since last request: 3.841242 seconds.
  path: Assets/FX/Blood VFX.vfx
  artifactKey: Guid(410e75fdfb55cbd4691cf86d7664a9df) Importer(815301076,1909f56bfc062723c751e8b465ee728b)
Start importing Assets/FX/Blood VFX.vfx using Guid(410e75fdfb55cbd4691cf86d7664a9df) Importer(815301076,1909f56bfc062723c751e8b465ee728b)  -> (artifact id: 'b2bf0d216b531efe5a1f513fc908c868') in 0.002527 seconds
Number of updated asset objects reloaded before import = 1
Number of asset objects unloaded after import = 5
========================================================================
Received Import Request.
  Time since last request: 1857.076911 seconds.
  path: Assets/FX/Blood VFX.vfx
  artifactKey: Guid(410e75fdfb55cbd4691cf86d7664a9df) Importer(815301076,1909f56bfc062723c751e8b465ee728b)
Start importing Assets/FX/Blood VFX.vfx using Guid(410e75fdfb55cbd4691cf86d7664a9df) Importer(815301076,1909f56bfc062723c751e8b465ee728b)  -> (artifact id: '6b6dea67897efd61eac6fae8211189b9') in 0.002813 seconds
Number of updated asset objects reloaded before import = 1
Number of asset objects unloaded after import = 5
========================================================================
Received Import Request.
  Time since last request: 2.885578 seconds.
  path: Assets/FX/Blood VFX.vfx
  artifactKey: Guid(410e75fdfb55cbd4691cf86d7664a9df) Importer(815301076,1909f56bfc062723c751e8b465ee728b)
Start importing Assets/FX/Blood VFX.vfx using Guid(410e75fdfb55cbd4691cf86d7664a9df) Importer(815301076,1909f56bfc062723c751e8b465ee728b)  -> (artifact id: 'eb5c6cb64e9483ace0972aa6e1124860') in 0.002910 seconds
Number of updated asset objects reloaded before import = 1
Number of asset objects unloaded after import = 5
========================================================================
Received Import Request.
  Time since last request: 3.627073 seconds.
  path: Assets/FX/Blood VFX.vfx
  artifactKey: Guid(410e75fdfb55cbd4691cf86d7664a9df) Importer(815301076,1909f56bfc062723c751e8b465ee728b)
Start importing Assets/FX/Blood VFX.vfx using Guid(410e75fdfb55cbd4691cf86d7664a9df) Importer(815301076,1909f56bfc062723c751e8b465ee728b)  -> (artifact id: '52e4ed2d82b71afb87daf6987eda559f') in 0.002137 seconds
Number of updated asset objects reloaded before import = 1
Number of asset objects unloaded after import = 5
========================================================================
Received Import Request.
  Time since last request: 40.972746 seconds.
  path: Assets/FX/Blood VFX.vfx
  artifactKey: Guid(410e75fdfb55cbd4691cf86d7664a9df) Importer(815301076,1909f56bfc062723c751e8b465ee728b)
Start importing Assets/FX/Blood VFX.vfx using Guid(410e75fdfb55cbd4691cf86d7664a9df) Importer(815301076,1909f56bfc062723c751e8b465ee728b)  -> (artifact id: 'cf88c4ec87753c436818d10d5f57c95a') in 0.002125 seconds
Number of updated asset objects reloaded before import = 1
Number of asset objects unloaded after import = 5
========================================================================
Received Import Request.
  Time since last request: 2.624748 seconds.
  path: Assets/FX/Blood VFX.vfx
  artifactKey: Guid(410e75fdfb55cbd4691cf86d7664a9df) Importer(815301076,1909f56bfc062723c751e8b465ee728b)
Start importing Assets/FX/Blood VFX.vfx using Guid(410e75fdfb55cbd4691cf86d7664a9df) Importer(815301076,1909f56bfc062723c751e8b465ee728b)  -> (artifact id: '5fa335a5a3e109c3a757dc3ec417031c') in 0.002296 seconds
Number of updated asset objects reloaded before import = 1
Number of asset objects unloaded after import = 5
========================================================================
Received Import Request.
  Time since last request: 17.643996 seconds.
  path: Assets/FX/Blood VFX.vfx
  artifactKey: Guid(410e75fdfb55cbd4691cf86d7664a9df) Importer(815301076,1909f56bfc062723c751e8b465ee728b)
Start importing Assets/FX/Blood VFX.vfx using Guid(410e75fdfb55cbd4691cf86d7664a9df) Importer(815301076,1909f56bfc062723c751e8b465ee728b)  -> (artifact id: '0ac7e68e0d4150ec0bf10abb06ec88a9') in 0.002189 seconds
Number of updated asset objects reloaded before import = 1
Number of asset objects unloaded after import = 5
========================================================================
Received Import Request.
  Time since last request: 34.670758 seconds.
  path: Assets/FX/Blood VFX.vfx
  artifactKey: Guid(410e75fdfb55cbd4691cf86d7664a9df) Importer(815301076,1909f56bfc062723c751e8b465ee728b)
Start importing Assets/FX/Blood VFX.vfx using Guid(410e75fdfb55cbd4691cf86d7664a9df) Importer(815301076,1909f56bfc062723c751e8b465ee728b)  -> (artifact id: '65211dcd64d02fffe74fa3fcf0ac5708') in 0.002162 seconds
Number of updated asset objects reloaded before import = 1
Number of asset objects unloaded after import = 5
========================================================================
Received Import Request.
  Time since last request: 24.934539 seconds.
  path: Assets/FX/Blood VFX.vfx
  artifactKey: Guid(410e75fdfb55cbd4691cf86d7664a9df) Importer(815301076,1909f56bfc062723c751e8b465ee728b)
Start importing Assets/FX/Blood VFX.vfx using Guid(410e75fdfb55cbd4691cf86d7664a9df) Importer(815301076,1909f56bfc062723c751e8b465ee728b)  -> (artifact id: 'a9317b9b26a72be2fb081f2a2b45c707') in 0.002385 seconds
Number of updated asset objects reloaded before import = 1
Number of asset objects unloaded after import = 5
========================================================================
Received Import Request.
  Time since last request: 55.135116 seconds.
  path: Assets/Settings/URP-HighFidelity.asset
  artifactKey: Guid(7b7fd9122c28c4d15b667c7040e3b3fd) Importer(815301076,1909f56bfc062723c751e8b465ee728b)
Start importing Assets/Settings/URP-HighFidelity.asset using Guid(7b7fd9122c28c4d15b667c7040e3b3fd) Importer(815301076,1909f56bfc062723c751e8b465ee728b)  -> (artifact id: '2643071eb54aebfeef6a149a1c64c7c5') in 0.000950 seconds
Number of updated asset objects reloaded before import = 7
Number of asset objects unloaded after import = 0
========================================================================
Received Import Request.
  Time since last request: 10.045620 seconds.
  path: Assets/FX/Blood VFX.vfx
  artifactKey: Guid(410e75fdfb55cbd4691cf86d7664a9df) Importer(815301076,1909f56bfc062723c751e8b465ee728b)
Start importing Assets/FX/Blood VFX.vfx using Guid(410e75fdfb55cbd4691cf86d7664a9df) Importer(815301076,1909f56bfc062723c751e8b465ee728b)  -> (artifact id: '455c5d23b9b71fbe78841a6fee4fedcb') in 0.002648 seconds
Number of updated asset objects reloaded before import = 0
Number of asset objects unloaded after import = 5
========================================================================
Received Import Request.
  Time since last request: 8.239472 seconds.
  path: Assets/FX/Blood VFX.vfx
  artifactKey: Guid(410e75fdfb55cbd4691cf86d7664a9df) Importer(815301076,1909f56bfc062723c751e8b465ee728b)
Start importing Assets/FX/Blood VFX.vfx using Guid(410e75fdfb55cbd4691cf86d7664a9df) Importer(815301076,1909f56bfc062723c751e8b465ee728b)  -> (artifact id: 'cc29b4b0dc6ff3556b82b3f9e2254898') in 0.002108 seconds
Number of updated asset objects reloaded before import = 1
Number of asset objects unloaded after import = 5
========================================================================
Received Import Request.
  Time since last request: 5.785195 seconds.
  path: Assets/FX/Blood VFX.vfx
  artifactKey: Guid(410e75fdfb55cbd4691cf86d7664a9df) Importer(815301076,1909f56bfc062723c751e8b465ee728b)
Start importing Assets/FX/Blood VFX.vfx using Guid(410e75fdfb55cbd4691cf86d7664a9df) Importer(815301076,1909f56bfc062723c751e8b465ee728b)  -> (artifact id: '876134893e37a72c4ece7544f9143540') in 0.002256 seconds
Number of updated asset objects reloaded before import = 1
Number of asset objects unloaded after import = 5
========================================================================
Received Import Request.
  Time since last request: 30.603952 seconds.
  path: Assets/FX/Blood VFX.vfx
  artifactKey: Guid(410e75fdfb55cbd4691cf86d7664a9df) Importer(815301076,1909f56bfc062723c751e8b465ee728b)
Start importing Assets/FX/Blood VFX.vfx using Guid(410e75fdfb55cbd4691cf86d7664a9df) Importer(815301076,1909f56bfc062723c751e8b465ee728b)  -> (artifact id: '274ebe312a246af5396f4818174f2d46') in 0.002745 seconds
Number of updated asset objects reloaded before import = 1
Number of asset objects unloaded after import = 5
========================================================================
Received Import Request.
  Time since last request: 7.290311 seconds.
  path: Assets/FX/Blood VFX.vfx
  artifactKey: Guid(410e75fdfb55cbd4691cf86d7664a9df) Importer(815301076,1909f56bfc062723c751e8b465ee728b)
Start importing Assets/FX/Blood VFX.vfx using Guid(410e75fdfb55cbd4691cf86d7664a9df) Importer(815301076,1909f56bfc062723c751e8b465ee728b)  -> (artifact id: '3acac3aace9d6804258c195b1a4cb1f2') in 0.002064 seconds
Number of updated asset objects reloaded before import = 1
Number of asset objects unloaded after import = 5
========================================================================
Received Import Request.
  Time since last request: 7.794233 seconds.
  path: Assets/FX/Blood VFX.vfx
  artifactKey: Guid(410e75fdfb55cbd4691cf86d7664a9df) Importer(815301076,1909f56bfc062723c751e8b465ee728b)
Start importing Assets/FX/Blood VFX.vfx using Guid(410e75fdfb55cbd4691cf86d7664a9df) Importer(815301076,1909f56bfc062723c751e8b465ee728b)  -> (artifact id: 'a278f2f638f313079cf8534b536dd349') in 0.002405 seconds
Number of updated asset objects reloaded before import = 1
Number of asset objects unloaded after import = 5
========================================================================
Received Import Request.
  Time since last request: 93.994205 seconds.
  path: Assets/FX/Blood VFX.vfx
  artifactKey: Guid(410e75fdfb55cbd4691cf86d7664a9df) Importer(815301076,1909f56bfc062723c751e8b465ee728b)
Start importing Assets/FX/Blood VFX.vfx using Guid(410e75fdfb55cbd4691cf86d7664a9df) Importer(815301076,1909f56bfc062723c751e8b465ee728b)  -> (artifact id: '7341c82ff7ca884bcb13ea91adc6ab30') in 0.003073 seconds
Number of updated asset objects reloaded before import = 1
Number of asset objects unloaded after import = 5
========================================================================
Received Import Request.
  Time since last request: 5.581744 seconds.
  path: Assets/FX/Blood VFX.vfx
  artifactKey: Guid(410e75fdfb55cbd4691cf86d7664a9df) Importer(815301076,1909f56bfc062723c751e8b465ee728b)
Start importing Assets/FX/Blood VFX.vfx using Guid(410e75fdfb55cbd4691cf86d7664a9df) Importer(815301076,1909f56bfc062723c751e8b465ee728b)  -> (artifact id: '04fb9368118c0840ecd6bbeea937b8cc') in 0.003273 seconds
Number of updated asset objects reloaded before import = 1
Number of asset objects unloaded after import = 5
========================================================================
Received Import Request.
  Time since last request: 22.275483 seconds.
  path: Assets/FX/Blood VFX.vfx
  artifactKey: Guid(410e75fdfb55cbd4691cf86d7664a9df) Importer(815301076,1909f56bfc062723c751e8b465ee728b)
Start importing Assets/FX/Blood VFX.vfx using Guid(410e75fdfb55cbd4691cf86d7664a9df) Importer(815301076,1909f56bfc062723c751e8b465ee728b)  -> (artifact id: '3f94cc374a9b968439f565294d7fa454') in 0.002199 seconds
Number of updated asset objects reloaded before import = 1
Number of asset objects unloaded after import = 5
========================================================================
Received Import Request.
  Time since last request: 23.670133 seconds.
  path: Assets/FX/Blood VFX.vfx
  artifactKey: Guid(410e75fdfb55cbd4691cf86d7664a9df) Importer(815301076,1909f56bfc062723c751e8b465ee728b)
Start importing Assets/FX/Blood VFX.vfx using Guid(410e75fdfb55cbd4691cf86d7664a9df) Importer(815301076,1909f56bfc062723c751e8b465ee728b)  -> (artifact id: '4c7c0a77a4cac7b5af5041a6da69ae0f') in 0.002087 seconds
Number of updated asset objects reloaded before import = 1
Number of asset objects unloaded after import = 5
========================================================================
Received Import Request.
  Time since last request: 12.832951 seconds.
  path: Assets/FX/Blood VFX.vfx
  artifactKey: Guid(410e75fdfb55cbd4691cf86d7664a9df) Importer(815301076,1909f56bfc062723c751e8b465ee728b)
Start importing Assets/FX/Blood VFX.vfx using Guid(410e75fdfb55cbd4691cf86d7664a9df) Importer(815301076,1909f56bfc062723c751e8b465ee728b)  -> (artifact id: '382247e54d2ab92fde73cdb9e1be5169') in 0.002175 seconds
Number of updated asset objects reloaded before import = 1
Number of asset objects unloaded after import = 5
========================================================================
Received Import Request.
  Time since last request: 3.020912 seconds.
  path: Assets/FX/Blood VFX.vfx
  artifactKey: Guid(410e75fdfb55cbd4691cf86d7664a9df) Importer(815301076,1909f56bfc062723c751e8b465ee728b)
Start importing Assets/FX/Blood VFX.vfx using Guid(410e75fdfb55cbd4691cf86d7664a9df) Importer(815301076,1909f56bfc062723c751e8b465ee728b)  -> (artifact id: '42ee3cade29936f49219e5a9306e1c4f') in 0.003099 seconds
Number of updated asset objects reloaded before import = 1
Number of asset objects unloaded after import = 5
========================================================================
Received Import Request.
  Time since last request: 24.868345 seconds.
  path: Assets/FX/Blood VFX.vfx
  artifactKey: Guid(410e75fdfb55cbd4691cf86d7664a9df) Importer(815301076,1909f56bfc062723c751e8b465ee728b)
Start importing Assets/FX/Blood VFX.vfx using Guid(410e75fdfb55cbd4691cf86d7664a9df) Importer(815301076,1909f56bfc062723c751e8b465ee728b)  -> (artifact id: '763f63db0507c5d3d7229d16dc9a68fb') in 0.002382 seconds
Number of updated asset objects reloaded before import = 1
Number of asset objects unloaded after import = 5
========================================================================
Received Import Request.
  Time since last request: 73.380268 seconds.
  path: Assets/FX/Blood VFX.vfx
  artifactKey: Guid(410e75fdfb55cbd4691cf86d7664a9df) Importer(815301076,1909f56bfc062723c751e8b465ee728b)
Start importing Assets/FX/Blood VFX.vfx using Guid(410e75fdfb55cbd4691cf86d7664a9df) Importer(815301076,1909f56bfc062723c751e8b465ee728b)  -> (artifact id: 'f2b97f9851bbf2abc9dabcf30ada5468') in 0.002674 seconds
Number of updated asset objects reloaded before import = 1
Number of asset objects unloaded after import = 5
========================================================================
Received Import Request.
  Time since last request: 2.268992 seconds.
  path: Assets/FX/Blood VFX.vfx
  artifactKey: Guid(410e75fdfb55cbd4691cf86d7664a9df) Importer(815301076,1909f56bfc062723c751e8b465ee728b)
Start importing Assets/FX/Blood VFX.vfx using Guid(410e75fdfb55cbd4691cf86d7664a9df) Importer(815301076,1909f56bfc062723c751e8b465ee728b)  -> (artifact id: '01eac2a976a031b0582b0866c50925b2') in 0.002292 seconds
Number of updated asset objects reloaded before import = 1
Number of asset objects unloaded after import = 5
========================================================================
Received Import Request.
  Time since last request: 20.829867 seconds.
  path: Assets/FX/Blood VFX.vfx
  artifactKey: Guid(410e75fdfb55cbd4691cf86d7664a9df) Importer(815301076,1909f56bfc062723c751e8b465ee728b)
Start importing Assets/FX/Blood VFX.vfx using Guid(410e75fdfb55cbd4691cf86d7664a9df) Importer(815301076,1909f56bfc062723c751e8b465ee728b)  -> (artifact id: '933385928971551a948f28feca9c8086') in 0.002649 seconds
Number of updated asset objects reloaded before import = 1
Number of asset objects unloaded after import = 5
========================================================================
Received Import Request.
  Time since last request: 17.604060 seconds.
  path: Assets/FX/Blood VFX.vfx
  artifactKey: Guid(410e75fdfb55cbd4691cf86d7664a9df) Importer(815301076,1909f56bfc062723c751e8b465ee728b)
Start importing Assets/FX/Blood VFX.vfx using Guid(410e75fdfb55cbd4691cf86d7664a9df) Importer(815301076,1909f56bfc062723c751e8b465ee728b)  -> (artifact id: '060182ae91175af90d0cdd3da910e675') in 0.002211 seconds
Number of updated asset objects reloaded before import = 1
Number of asset objects unloaded after import = 5
========================================================================
Received Import Request.
  Time since last request: 103.036371 seconds.
  path: Assets/FX/Blood.shadergraph
  artifactKey: Guid(05e5b53b805ec2b46a2175ca49441e76) Importer(815301076,1909f56bfc062723c751e8b465ee728b)
Start importing Assets/FX/Blood.shadergraph using Guid(05e5b53b805ec2b46a2175ca49441e76) Importer(815301076,1909f56bfc062723c751e8b465ee728b)  -> (artifact id: 'e8b42c3c26a9ca6b0e20ba8ba6e8c03d') in 0.026200 seconds
Number of updated asset objects reloaded before import = 1
Number of asset objects unloaded after import = 2
========================================================================
Received Import Request.
  Time since last request: 108.666774 seconds.
  path: Assets/FX/Blood.shadergraph
  artifactKey: Guid(05e5b53b805ec2b46a2175ca49441e76) Importer(815301076,1909f56bfc062723c751e8b465ee728b)
Start importing Assets/FX/Blood.shadergraph using Guid(05e5b53b805ec2b46a2175ca49441e76) Importer(815301076,1909f56bfc062723c751e8b465ee728b)  -> (artifact id: '171315a348f677113155e92840fe23a3') in 0.003476 seconds
Number of updated asset objects reloaded before import = 0
Number of asset objects unloaded after import = 1
========================================================================
Received Import Request.
  Time since last request: 3.929115 seconds.
  path: Assets/FX/Blood VFX.vfx
  artifactKey: Guid(410e75fdfb55cbd4691cf86d7664a9df) Importer(815301076,1909f56bfc062723c751e8b465ee728b)
Start importing Assets/FX/Blood VFX.vfx using Guid(410e75fdfb55cbd4691cf86d7664a9df) Importer(815301076,1909f56bfc062723c751e8b465ee728b)  -> (artifact id: '8388d80c585e3a0d8e78f87695f16b01') in 0.002295 seconds
Number of updated asset objects reloaded before import = 1
Number of asset objects unloaded after import = 5
========================================================================
Received Import Request.
  Time since last request: 15.555617 seconds.
  path: Assets/FX/Blood VFX.vfx
  artifactKey: Guid(410e75fdfb55cbd4691cf86d7664a9df) Importer(815301076,1909f56bfc062723c751e8b465ee728b)
Start importing Assets/FX/Blood VFX.vfx using Guid(410e75fdfb55cbd4691cf86d7664a9df) Importer(815301076,1909f56bfc062723c751e8b465ee728b)  -> (artifact id: '49b348a9afbeb871eb9a4ff3a7f62916') in 0.002769 seconds
Number of updated asset objects reloaded before import = 1
Number of asset objects unloaded after import = 5
========================================================================
Received Import Request.
  Time since last request: 95.521254 seconds.
  path: Assets/FX/Blood.shadergraph
  artifactKey: Guid(05e5b53b805ec2b46a2175ca49441e76) Importer(815301076,1909f56bfc062723c751e8b465ee728b)
Start importing Assets/FX/Blood.shadergraph using Guid(05e5b53b805ec2b46a2175ca49441e76) Importer(815301076,1909f56bfc062723c751e8b465ee728b)  -> (artifact id: '6c8618cf76ac12d2253165dd63dd7fc3') in 0.001455 seconds
Number of updated asset objects reloaded before import = 1
Number of asset objects unloaded after import = 1
========================================================================
Received Import Request.
  Time since last request: 25.141629 seconds.
  path: Assets/FX/Blood VFX.vfx
  artifactKey: Guid(410e75fdfb55cbd4691cf86d7664a9df) Importer(815301076,1909f56bfc062723c751e8b465ee728b)
Start importing Assets/FX/Blood VFX.vfx using Guid(410e75fdfb55cbd4691cf86d7664a9df) Importer(815301076,1909f56bfc062723c751e8b465ee728b)  -> (artifact id: '5a9687c942a14da6a1a5f23674ccfde0') in 0.002707 seconds
Number of updated asset objects reloaded before import = 1
Number of asset objects unloaded after import = 5
========================================================================
Received Import Request.
  Time since last request: 211.804288 seconds.
  path: Assets/FX/Blood.shadergraph
  artifactKey: Guid(05e5b53b805ec2b46a2175ca49441e76) Importer(815301076,1909f56bfc062723c751e8b465ee728b)
Start importing Assets/FX/Blood.shadergraph using Guid(05e5b53b805ec2b46a2175ca49441e76) Importer(815301076,1909f56bfc062723c751e8b465ee728b)  -> (artifact id: 'c4ce4d47e0cca88360b56497f04d00ae') in 0.002642 seconds
Number of updated asset objects reloaded before import = 1
Number of asset objects unloaded after import = 1
========================================================================
Received Import Request.
  Time since last request: 76.019735 seconds.
  path: Assets/FX/Blood.shadergraph
  artifactKey: Guid(05e5b53b805ec2b46a2175ca49441e76) Importer(815301076,1909f56bfc062723c751e8b465ee728b)
Start importing Assets/FX/Blood.shadergraph using Guid(05e5b53b805ec2b46a2175ca49441e76) Importer(815301076,1909f56bfc062723c751e8b465ee728b)  -> (artifact id: '454b5af1b3fe565bb271208e76b9aec3') in 0.001497 seconds
Number of updated asset objects reloaded before import = 1
Number of asset objects unloaded after import = 1
========================================================================
Received Import Request.
  Time since last request: 11.490972 seconds.
  path: Assets/FX/Blood VFX.vfx
  artifactKey: Guid(410e75fdfb55cbd4691cf86d7664a9df) Importer(815301076,1909f56bfc062723c751e8b465ee728b)
Start importing Assets/FX/Blood VFX.vfx using Guid(410e75fdfb55cbd4691cf86d7664a9df) Importer(815301076,1909f56bfc062723c751e8b465ee728b)  -> (artifact id: 'b5f2bbdd3939446eb318c3f56733da19') in 0.002530 seconds
Number of updated asset objects reloaded before import = 1
Number of asset objects unloaded after import = 5
========================================================================
Received Import Request.
  Time since last request: 31.950910 seconds.
  path: Assets/FX/Blood.shadergraph
  artifactKey: Guid(05e5b53b805ec2b46a2175ca49441e76) Importer(815301076,1909f56bfc062723c751e8b465ee728b)
Start importing Assets/FX/Blood.shadergraph using Guid(05e5b53b805ec2b46a2175ca49441e76) Importer(815301076,1909f56bfc062723c751e8b465ee728b)  -> (artifact id: '374e51645bd12cb14ffd17a384bc2cda') in 0.001814 seconds
Number of updated asset objects reloaded before import = 1
Number of asset objects unloaded after import = 1
========================================================================
Received Import Request.
  Time since last request: 180.281482 seconds.
  path: Assets/FX/Blood.shadergraph
  artifactKey: Guid(05e5b53b805ec2b46a2175ca49441e76) Importer(815301076,1909f56bfc062723c751e8b465ee728b)
Start importing Assets/FX/Blood.shadergraph using Guid(05e5b53b805ec2b46a2175ca49441e76) Importer(815301076,1909f56bfc062723c751e8b465ee728b)  -> (artifact id: 'd81d314003ec1a4c89706e1cb076a5bc') in 0.001221 seconds
Number of updated asset objects reloaded before import = 1
Number of asset objects unloaded after import = 1
========================================================================
Received Import Request.
  Time since last request: 32.845849 seconds.
  path: Assets/FX/Blood VFX.vfx
  artifactKey: Guid(410e75fdfb55cbd4691cf86d7664a9df) Importer(815301076,1909f56bfc062723c751e8b465ee728b)
Start importing Assets/FX/Blood VFX.vfx using Guid(410e75fdfb55cbd4691cf86d7664a9df) Importer(815301076,1909f56bfc062723c751e8b465ee728b)  -> (artifact id: 'd2ac92dca43fc335f1885c7c8db88266') in 0.002669 seconds
Number of updated asset objects reloaded before import = 1
Number of asset objects unloaded after import = 5
========================================================================
Received Import Request.
  Time since last request: 19.495748 seconds.
  path: Assets/FX/Blood.shadergraph
  artifactKey: Guid(05e5b53b805ec2b46a2175ca49441e76) Importer(815301076,1909f56bfc062723c751e8b465ee728b)
Start importing Assets/FX/Blood.shadergraph using Guid(05e5b53b805ec2b46a2175ca49441e76) Importer(815301076,1909f56bfc062723c751e8b465ee728b)  -> (artifact id: 'c82a1c9ef846417991340274f3f3a752') in 0.001334 seconds
Number of updated asset objects reloaded before import = 1
Number of asset objects unloaded after import = 1
========================================================================
Received Import Request.
  Time since last request: 54.675252 seconds.
  path: Assets/FX/Blood.shadergraph
  artifactKey: Guid(05e5b53b805ec2b46a2175ca49441e76) Importer(815301076,1909f56bfc062723c751e8b465ee728b)
Start importing Assets/FX/Blood.shadergraph using Guid(05e5b53b805ec2b46a2175ca49441e76) Importer(815301076,1909f56bfc062723c751e8b465ee728b)  -> (artifact id: '84a36f4a3ba1029dae0358051a42c6da') in 0.001301 seconds
Number of updated asset objects reloaded before import = 1
Number of asset objects unloaded after import = 1
========================================================================
Received Import Request.
  Time since last request: 29.146326 seconds.
  path: Assets/FX/Blood.shadergraph
  artifactKey: Guid(05e5b53b805ec2b46a2175ca49441e76) Importer(815301076,1909f56bfc062723c751e8b465ee728b)
Start importing Assets/FX/Blood.shadergraph using Guid(05e5b53b805ec2b46a2175ca49441e76) Importer(815301076,1909f56bfc062723c751e8b465ee728b)  -> (artifact id: 'd12ceca397dd9f6a1a7df783d3cd0b86') in 0.001164 seconds
Number of updated asset objects reloaded before import = 1
Number of asset objects unloaded after import = 1
========================================================================
Received Import Request.
  Time since last request: 18.260295 seconds.
  path: Assets/FX/Blood.shadergraph
  artifactKey: Guid(05e5b53b805ec2b46a2175ca49441e76) Importer(815301076,1909f56bfc062723c751e8b465ee728b)
Start importing Assets/FX/Blood.shadergraph using Guid(05e5b53b805ec2b46a2175ca49441e76) Importer(815301076,1909f56bfc062723c751e8b465ee728b)  -> (artifact id: 'e21a54d2bf67b55645d6b3419e569aa3') in 0.001387 seconds
Number of updated asset objects reloaded before import = 1
Number of asset objects unloaded after import = 1
========================================================================
Received Import Request.
  Time since last request: 39.420739 seconds.
  path: Assets/FX/Blood.shadergraph
  artifactKey: Guid(05e5b53b805ec2b46a2175ca49441e76) Importer(815301076,1909f56bfc062723c751e8b465ee728b)
Start importing Assets/FX/Blood.shadergraph using Guid(05e5b53b805ec2b46a2175ca49441e76) Importer(815301076,1909f56bfc062723c751e8b465ee728b)  -> (artifact id: '277190e2a9cfdb5b39ee4685ff49b95e') in 0.001212 seconds
Number of updated asset objects reloaded before import = 1
Number of asset objects unloaded after import = 1
========================================================================
Received Import Request.
  Time since last request: 132.543597 seconds.
  path: Assets/FX/Blood VFX.vfx
  artifactKey: Guid(410e75fdfb55cbd4691cf86d7664a9df) Importer(815301076,1909f56bfc062723c751e8b465ee728b)
Start importing Assets/FX/Blood VFX.vfx using Guid(410e75fdfb55cbd4691cf86d7664a9df) Importer(815301076,1909f56bfc062723c751e8b465ee728b)  -> (artifact id: '90e52d5ca8bda306b9c5202bac5cb426') in 0.003116 seconds
Number of updated asset objects reloaded before import = 1
Number of asset objects unloaded after import = 5
========================================================================
Received Import Request.
  Time since last request: 95.829366 seconds.
  path: Assets/FX/Blood.shadergraph
  artifactKey: Guid(05e5b53b805ec2b46a2175ca49441e76) Importer(815301076,1909f56bfc062723c751e8b465ee728b)
Start importing Assets/FX/Blood.shadergraph using Guid(05e5b53b805ec2b46a2175ca49441e76) Importer(815301076,1909f56bfc062723c751e8b465ee728b)  -> (artifact id: '37f80566f7dffc66b363722155b7275f') in 0.001302 seconds
Number of updated asset objects reloaded before import = 1
Number of asset objects unloaded after import = 1
========================================================================
Received Import Request.
  Time since last request: 2.134876 seconds.
  path: Assets/FX/Blood VFX.vfx
  artifactKey: Guid(410e75fdfb55cbd4691cf86d7664a9df) Importer(815301076,1909f56bfc062723c751e8b465ee728b)
Start importing Assets/FX/Blood VFX.vfx using Guid(410e75fdfb55cbd4691cf86d7664a9df) Importer(815301076,1909f56bfc062723c751e8b465ee728b)  -> (artifact id: '0c1db654fdc9b7b1ba834d28a3eb7c31') in 0.002617 seconds
Number of updated asset objects reloaded before import = 1
Number of asset objects unloaded after import = 5
========================================================================
Received Import Request.
  Time since last request: 65.200262 seconds.
  path: Assets/FX/Blood.shadergraph
  artifactKey: Guid(05e5b53b805ec2b46a2175ca49441e76) Importer(815301076,1909f56bfc062723c751e8b465ee728b)
Start importing Assets/FX/Blood.shadergraph using Guid(05e5b53b805ec2b46a2175ca49441e76) Importer(815301076,1909f56bfc062723c751e8b465ee728b)  -> (artifact id: 'e701f70e78cef926ef053bc9f1cf63db') in 0.004592 seconds
Number of updated asset objects reloaded before import = 1
Number of asset objects unloaded after import = 1
========================================================================
Received Import Request.
  Time since last request: 84.532270 seconds.
  path: Assets/FX/Blood VFX.vfx
  artifactKey: Guid(410e75fdfb55cbd4691cf86d7664a9df) Importer(815301076,1909f56bfc062723c751e8b465ee728b)
Start importing Assets/FX/Blood VFX.vfx using Guid(410e75fdfb55cbd4691cf86d7664a9df) Importer(815301076,1909f56bfc062723c751e8b465ee728b)  -> (artifact id: '8802d7a8ff8a67546c3038a64ac0fee4') in 0.002828 seconds
Number of updated asset objects reloaded before import = 1
Number of asset objects unloaded after import = 5
========================================================================
Received Import Request.
  Time since last request: 135.354826 seconds.
  path: Assets/FX/Blood.shadergraph
  artifactKey: Guid(05e5b53b805ec2b46a2175ca49441e76) Importer(815301076,1909f56bfc062723c751e8b465ee728b)
Start importing Assets/FX/Blood.shadergraph using Guid(05e5b53b805ec2b46a2175ca49441e76) Importer(815301076,1909f56bfc062723c751e8b465ee728b)  -> (artifact id: '412588f49fea78ee9af4b1c1397c3b82') in 0.001435 seconds
Number of updated asset objects reloaded before import = 1
Number of asset objects unloaded after import = 1
========================================================================
Received Import Request.
  Time since last request: 2.520122 seconds.
  path: Assets/FX/Blood VFX.vfx
  artifactKey: Guid(410e75fdfb55cbd4691cf86d7664a9df) Importer(815301076,1909f56bfc062723c751e8b465ee728b)
Start importing Assets/FX/Blood VFX.vfx using Guid(410e75fdfb55cbd4691cf86d7664a9df) Importer(815301076,1909f56bfc062723c751e8b465ee728b)  -> (artifact id: 'f5f8cc5c1460ccff751e0987322fcc3e') in 0.002534 seconds
Number of updated asset objects reloaded before import = 0
Number of asset objects unloaded after import = 5
========================================================================
Received Import Request.
  Time since last request: 21.042189 seconds.
  path: Assets/FX/Blood VFX.vfx
  artifactKey: Guid(410e75fdfb55cbd4691cf86d7664a9df) Importer(815301076,1909f56bfc062723c751e8b465ee728b)
Start importing Assets/FX/Blood VFX.vfx using Guid(410e75fdfb55cbd4691cf86d7664a9df) Importer(815301076,1909f56bfc062723c751e8b465ee728b)  -> (artifact id: 'adcecbc7c2b8582eb67d97cf61494c06') in 0.002182 seconds
Number of updated asset objects reloaded before import = 1
Number of asset objects unloaded after import = 5
========================================================================
Received Import Request.
  Time since last request: 22.692700 seconds.
  path: Assets/FX/Blood.shadergraph
  artifactKey: Guid(05e5b53b805ec2b46a2175ca49441e76) Importer(815301076,1909f56bfc062723c751e8b465ee728b)
Start importing Assets/FX/Blood.shadergraph using Guid(05e5b53b805ec2b46a2175ca49441e76) Importer(815301076,1909f56bfc062723c751e8b465ee728b)  -> (artifact id: '721a4ed1265ff7bc012eafed3a6f3b12') in 0.001623 seconds
Number of updated asset objects reloaded before import = 1
Number of asset objects unloaded after import = 1
========================================================================
Received Import Request.
  Time since last request: 3.930141 seconds.
  path: Assets/FX/Blood VFX.vfx
  artifactKey: Guid(410e75fdfb55cbd4691cf86d7664a9df) Importer(815301076,1909f56bfc062723c751e8b465ee728b)
Start importing Assets/FX/Blood VFX.vfx using Guid(410e75fdfb55cbd4691cf86d7664a9df) Importer(815301076,1909f56bfc062723c751e8b465ee728b)  -> (artifact id: 'c14b83daf2b088c758ca30f644fe7787') in 0.002723 seconds
Number of updated asset objects reloaded before import = 1
Number of asset objects unloaded after import = 5
========================================================================
Received Import Request.
  Time since last request: 59.195519 seconds.
  path: Assets/FX/Blood VFX.vfx
  artifactKey: Guid(410e75fdfb55cbd4691cf86d7664a9df) Importer(815301076,1909f56bfc062723c751e8b465ee728b)
Start importing Assets/FX/Blood VFX.vfx using Guid(410e75fdfb55cbd4691cf86d7664a9df) Importer(815301076,1909f56bfc062723c751e8b465ee728b)  -> (artifact id: 'bd71c905ac23c17f81b116a6e4e96860') in 0.002655 seconds
Number of updated asset objects reloaded before import = 1
Number of asset objects unloaded after import = 5
========================================================================
Received Import Request.
  Time since last request: 2.429132 seconds.
  path: Assets/FX/Blood VFX.vfx
  artifactKey: Guid(410e75fdfb55cbd4691cf86d7664a9df) Importer(815301076,1909f56bfc062723c751e8b465ee728b)
Start importing Assets/FX/Blood VFX.vfx using Guid(410e75fdfb55cbd4691cf86d7664a9df) Importer(815301076,1909f56bfc062723c751e8b465ee728b)  -> (artifact id: '278031de8a1512033b2066de5f25df82') in 0.002477 seconds
Number of updated asset objects reloaded before import = 1
Number of asset objects unloaded after import = 5
========================================================================
Received Import Request.
  Time since last request: 13.658995 seconds.
  path: Assets/FX/Blood VFX.vfx
  artifactKey: Guid(410e75fdfb55cbd4691cf86d7664a9df) Importer(815301076,1909f56bfc062723c751e8b465ee728b)
Start importing Assets/FX/Blood VFX.vfx using Guid(410e75fdfb55cbd4691cf86d7664a9df) Importer(815301076,1909f56bfc062723c751e8b465ee728b)  -> (artifact id: '8aba49a3edfaf233295bdbb421a5e0f7') in 0.003078 seconds
Number of updated asset objects reloaded before import = 1
Number of asset objects unloaded after import = 5
========================================================================
Received Import Request.
  Time since last request: 19.831225 seconds.
  path: Assets/FX/Blood VFX.vfx
  artifactKey: Guid(410e75fdfb55cbd4691cf86d7664a9df) Importer(815301076,1909f56bfc062723c751e8b465ee728b)
Start importing Assets/FX/Blood VFX.vfx using Guid(410e75fdfb55cbd4691cf86d7664a9df) Importer(815301076,1909f56bfc062723c751e8b465ee728b)  -> (artifact id: '41950204d9120392758336a60094f2f9') in 0.002315 seconds
Number of updated asset objects reloaded before import = 1
Number of asset objects unloaded after import = 5
========================================================================
Received Import Request.
  Time since last request: 110.056086 seconds.
  path: Assets/FX/Blood VFX.vfx
  artifactKey: Guid(410e75fdfb55cbd4691cf86d7664a9df) Importer(815301076,1909f56bfc062723c751e8b465ee728b)
Start importing Assets/FX/Blood VFX.vfx using Guid(410e75fdfb55cbd4691cf86d7664a9df) Importer(815301076,1909f56bfc062723c751e8b465ee728b)  -> (artifact id: '21ec268ec874d489446aebd3bb487b01') in 0.003172 seconds
Number of updated asset objects reloaded before import = 1
Number of asset objects unloaded after import = 5
========================================================================
Received Import Request.
  Time since last request: 30.338549 seconds.
  path: Assets/FX/Blood VFX.vfx
  artifactKey: Guid(410e75fdfb55cbd4691cf86d7664a9df) Importer(815301076,1909f56bfc062723c751e8b465ee728b)
Start importing Assets/FX/Blood VFX.vfx using Guid(410e75fdfb55cbd4691cf86d7664a9df) Importer(815301076,1909f56bfc062723c751e8b465ee728b)  -> (artifact id: 'c3b45fd130295a330cbdcdb1d18dd6f8') in 0.002440 seconds
Number of updated asset objects reloaded before import = 1
Number of asset objects unloaded after import = 5
========================================================================
Received Import Request.
  Time since last request: 24.270809 seconds.
  path: Assets/FX/Blood VFX.vfx
  artifactKey: Guid(410e75fdfb55cbd4691cf86d7664a9df) Importer(815301076,1909f56bfc062723c751e8b465ee728b)
Start importing Assets/FX/Blood VFX.vfx using Guid(410e75fdfb55cbd4691cf86d7664a9df) Importer(815301076,1909f56bfc062723c751e8b465ee728b)  -> (artifact id: 'c4fe928db13e990f84968f183dd2f9cf') in 0.003103 seconds
Number of updated asset objects reloaded before import = 1
Number of asset objects unloaded after import = 5
========================================================================
Received Import Request.
  Time since last request: 266.432084 seconds.
  path: Assets/FX/Blood VFX.vfx
  artifactKey: Guid(410e75fdfb55cbd4691cf86d7664a9df) Importer(815301076,1909f56bfc062723c751e8b465ee728b)
Start importing Assets/FX/Blood VFX.vfx using Guid(410e75fdfb55cbd4691cf86d7664a9df) Importer(815301076,1909f56bfc062723c751e8b465ee728b)  -> (artifact id: '93a16370dbd548c8a582f765aa17e830') in 0.003406 seconds
Number of updated asset objects reloaded before import = 1
Number of asset objects unloaded after import = 5
========================================================================
Received Import Request.
  Time since last request: 3.615858 seconds.
  path: Assets/FX/Blood VFX.vfx
  artifactKey: Guid(410e75fdfb55cbd4691cf86d7664a9df) Importer(815301076,1909f56bfc062723c751e8b465ee728b)
Start importing Assets/FX/Blood VFX.vfx using Guid(410e75fdfb55cbd4691cf86d7664a9df) Importer(815301076,1909f56bfc062723c751e8b465ee728b)  -> (artifact id: '07ddb117dd9074b549fa2d53dbfe7306') in 0.002223 seconds
Number of updated asset objects reloaded before import = 1
Number of asset objects unloaded after import = 5
========================================================================
Received Import Request.
  Time since last request: 77.359950 seconds.
  path: Assets/FX/Blood VFX.vfx
  artifactKey: Guid(410e75fdfb55cbd4691cf86d7664a9df) Importer(815301076,1909f56bfc062723c751e8b465ee728b)
Start importing Assets/FX/Blood VFX.vfx using Guid(410e75fdfb55cbd4691cf86d7664a9df) Importer(815301076,1909f56bfc062723c751e8b465ee728b)  -> (artifact id: 'deb79c9d3a6f2977c2000adc36e13713') in 0.002983 seconds
Number of updated asset objects reloaded before import = 1
Number of asset objects unloaded after import = 5
========================================================================
Received Import Request.
  Time since last request: 75.975248 seconds.
  path: Assets/FX/Blood VFX.vfx
  artifactKey: Guid(410e75fdfb55cbd4691cf86d7664a9df) Importer(815301076,1909f56bfc062723c751e8b465ee728b)
Start importing Assets/FX/Blood VFX.vfx using Guid(410e75fdfb55cbd4691cf86d7664a9df) Importer(815301076,1909f56bfc062723c751e8b465ee728b)  -> (artifact id: '2875890ea93dfb2cb7367070290741b1') in 0.002198 seconds
Number of updated asset objects reloaded before import = 1
Number of asset objects unloaded after import = 5
========================================================================
Received Import Request.
  Time since last request: 17.906567 seconds.
  path: Assets/FX/Blood VFX.vfx
  artifactKey: Guid(410e75fdfb55cbd4691cf86d7664a9df) Importer(815301076,1909f56bfc062723c751e8b465ee728b)
Start importing Assets/FX/Blood VFX.vfx using Guid(410e75fdfb55cbd4691cf86d7664a9df) Importer(815301076,1909f56bfc062723c751e8b465ee728b)  -> (artifact id: 'eed206733eba403e988b8a2302803a6e') in 0.002403 seconds
Number of updated asset objects reloaded before import = 1
Number of asset objects unloaded after import = 5
========================================================================
Received Import Request.
  Time since last request: 261.976419 seconds.
  path: Assets/FX/Blood VFX.vfx
  artifactKey: Guid(410e75fdfb55cbd4691cf86d7664a9df) Importer(815301076,1909f56bfc062723c751e8b465ee728b)
Start importing Assets/FX/Blood VFX.vfx using Guid(410e75fdfb55cbd4691cf86d7664a9df) Importer(815301076,1909f56bfc062723c751e8b465ee728b)  -> (artifact id: '9ac1e6547ff8739d1940a8f53d750795') in 0.002903 seconds
Number of updated asset objects reloaded before import = 1
Number of asset objects unloaded after import = 5
========================================================================
Received Import Request.
  Time since last request: 2.577398 seconds.
  path: Assets/FX/Blood VFX.vfx
  artifactKey: Guid(410e75fdfb55cbd4691cf86d7664a9df) Importer(815301076,1909f56bfc062723c751e8b465ee728b)
Start importing Assets/FX/Blood VFX.vfx using Guid(410e75fdfb55cbd4691cf86d7664a9df) Importer(815301076,1909f56bfc062723c751e8b465ee728b)  -> (artifact id: 'ae27dd68398d8dcdbcef1f724b5f559c') in 0.002359 seconds
Number of updated asset objects reloaded before import = 1
Number of asset objects unloaded after import = 5
========================================================================
Received Import Request.
  Time since last request: 48.013322 seconds.
  path: Assets/FX/Blood VFX.vfx
  artifactKey: Guid(410e75fdfb55cbd4691cf86d7664a9df) Importer(815301076,1909f56bfc062723c751e8b465ee728b)
Start importing Assets/FX/Blood VFX.vfx using Guid(410e75fdfb55cbd4691cf86d7664a9df) Importer(815301076,1909f56bfc062723c751e8b465ee728b)  -> (artifact id: '82da59312e784ce6d591eebdd30d82b6') in 0.004662 seconds
Number of updated asset objects reloaded before import = 1
Number of asset objects unloaded after import = 11
========================================================================
Received Import Request.
  Time since last request: 30.010748 seconds.
  path: Assets/FX/Blood VFX.vfx
  artifactKey: Guid(410e75fdfb55cbd4691cf86d7664a9df) Importer(815301076,1909f56bfc062723c751e8b465ee728b)
Start importing Assets/FX/Blood VFX.vfx using Guid(410e75fdfb55cbd4691cf86d7664a9df) Importer(815301076,1909f56bfc062723c751e8b465ee728b)  -> (artifact id: '08a25624535907268eaa3330e28e7302') in 0.003778 seconds
Number of updated asset objects reloaded before import = 1
Number of asset objects unloaded after import = 9
========================================================================
Received Import Request.
  Time since last request: 17.422441 seconds.
  path: Assets/FX/Blood VFX.vfx
  artifactKey: Guid(410e75fdfb55cbd4691cf86d7664a9df) Importer(815301076,1909f56bfc062723c751e8b465ee728b)
Start importing Assets/FX/Blood VFX.vfx using Guid(410e75fdfb55cbd4691cf86d7664a9df) Importer(815301076,1909f56bfc062723c751e8b465ee728b)  -> (artifact id: '5ff3566b7246a045e36e604528412eab') in 0.003956 seconds
Number of updated asset objects reloaded before import = 1
Number of asset objects unloaded after import = 9
========================================================================
Received Import Request.
  Time since last request: 26.562971 seconds.
  path: Assets/FX/Blood VFX.vfx
  artifactKey: Guid(410e75fdfb55cbd4691cf86d7664a9df) Importer(815301076,1909f56bfc062723c751e8b465ee728b)
Start importing Assets/FX/Blood VFX.vfx using Guid(410e75fdfb55cbd4691cf86d7664a9df) Importer(815301076,1909f56bfc062723c751e8b465ee728b)  -> (artifact id: '713bd7132671470f3c88177b8b894887') in 0.003802 seconds
Number of updated asset objects reloaded before import = 1
Number of asset objects unloaded after import = 9
========================================================================
Received Import Request.
  Time since last request: 4.838825 seconds.
  path: Assets/FX/Blood VFX.vfx
  artifactKey: Guid(410e75fdfb55cbd4691cf86d7664a9df) Importer(815301076,1909f56bfc062723c751e8b465ee728b)
Start importing Assets/FX/Blood VFX.vfx using Guid(410e75fdfb55cbd4691cf86d7664a9df) Importer(815301076,1909f56bfc062723c751e8b465ee728b)  -> (artifact id: 'cc39b84456710fbeaf8efd8f5855b764') in 0.002376 seconds
Number of updated asset objects reloaded before import = 1
Number of asset objects unloaded after import = 5
========================================================================
Received Import Request.
  Time since last request: 34.673685 seconds.
  path: Assets/FX/Blood VFX.vfx
  artifactKey: Guid(410e75fdfb55cbd4691cf86d7664a9df) Importer(815301076,1909f56bfc062723c751e8b465ee728b)
Start importing Assets/FX/Blood VFX.vfx using Guid(410e75fdfb55cbd4691cf86d7664a9df) Importer(815301076,1909f56bfc062723c751e8b465ee728b)  -> (artifact id: 'd2217b0e01036593938cdaaaf063ecd0') in 0.003765 seconds
Number of updated asset objects reloaded before import = 1
Number of asset objects unloaded after import = 10
========================================================================
Received Import Request.
  Time since last request: 17.978496 seconds.
  path: Assets/FX/Blood VFX.vfx
  artifactKey: Guid(410e75fdfb55cbd4691cf86d7664a9df) Importer(815301076,1909f56bfc062723c751e8b465ee728b)
Start importing Assets/FX/Blood VFX.vfx using Guid(410e75fdfb55cbd4691cf86d7664a9df) Importer(815301076,1909f56bfc062723c751e8b465ee728b)  -> (artifact id: '313c78e320f2f75df790572ad3fac544') in 0.003606 seconds
Number of updated asset objects reloaded before import = 1
Number of asset objects unloaded after import = 10
========================================================================
Received Import Request.
  Time since last request: 21.939964 seconds.
  path: Assets/FX/Blood VFX.vfx
  artifactKey: Guid(410e75fdfb55cbd4691cf86d7664a9df) Importer(815301076,1909f56bfc062723c751e8b465ee728b)
Start importing Assets/FX/Blood VFX.vfx using Guid(410e75fdfb55cbd4691cf86d7664a9df) Importer(815301076,1909f56bfc062723c751e8b465ee728b)  -> (artifact id: '4b7ac06f5b451b75b6dbd0c6253435da') in 0.003956 seconds
Number of updated asset objects reloaded before import = 1
Number of asset objects unloaded after import = 10
========================================================================
Received Import Request.
  Time since last request: 14.694933 seconds.
  path: Assets/FX/Blood VFX.vfx
  artifactKey: Guid(410e75fdfb55cbd4691cf86d7664a9df) Importer(815301076,1909f56bfc062723c751e8b465ee728b)
Start importing Assets/FX/Blood VFX.vfx using Guid(410e75fdfb55cbd4691cf86d7664a9df) Importer(815301076,1909f56bfc062723c751e8b465ee728b)  -> (artifact id: 'cdd1ee295e74657476fc18b8af4b7ca8') in 0.003663 seconds
Number of updated asset objects reloaded before import = 1
Number of asset objects unloaded after import = 10
========================================================================
Received Import Request.
  Time since last request: 46.168106 seconds.
  path: Assets/FX/Blood VFX.vfx
  artifactKey: Guid(410e75fdfb55cbd4691cf86d7664a9df) Importer(815301076,1909f56bfc062723c751e8b465ee728b)
Start importing Assets/FX/Blood VFX.vfx using Guid(410e75fdfb55cbd4691cf86d7664a9df) Importer(815301076,1909f56bfc062723c751e8b465ee728b)  -> (artifact id: '27af4fca2ff23e2366a57bfea681aae1') in 0.003429 seconds
Number of updated asset objects reloaded before import = 1
Number of asset objects unloaded after import = 10
========================================================================
Received Import Request.
  Time since last request: 101.905160 seconds.
  path: Assets/FX/Blood VFX.vfx
  artifactKey: Guid(410e75fdfb55cbd4691cf86d7664a9df) Importer(815301076,1909f56bfc062723c751e8b465ee728b)
Start importing Assets/FX/Blood VFX.vfx using Guid(410e75fdfb55cbd4691cf86d7664a9df) Importer(815301076,1909f56bfc062723c751e8b465ee728b)  -> (artifact id: '2b966f3d4d0cb67cb0306b4e4b1680d1') in 0.003359 seconds
Number of updated asset objects reloaded before import = 1
Number of asset objects unloaded after import = 10
========================================================================
Received Import Request.
  Time since last request: 228.872246 seconds.
  path: Assets/FX/Blood VFX.vfx
  artifactKey: Guid(410e75fdfb55cbd4691cf86d7664a9df) Importer(815301076,1909f56bfc062723c751e8b465ee728b)
Start importing Assets/FX/Blood VFX.vfx using Guid(410e75fdfb55cbd4691cf86d7664a9df) Importer(815301076,1909f56bfc062723c751e8b465ee728b)  -> (artifact id: '3c2309aaa25bb8411757740fc46edb4b') in 0.004476 seconds
Number of updated asset objects reloaded before import = 1
Number of asset objects unloaded after import = 10
========================================================================
Received Import Request.
  Time since last request: 35.106646 seconds.
  path: Assets/FX/Blood VFX.vfx
  artifactKey: Guid(410e75fdfb55cbd4691cf86d7664a9df) Importer(815301076,1909f56bfc062723c751e8b465ee728b)
Start importing Assets/FX/Blood VFX.vfx using Guid(410e75fdfb55cbd4691cf86d7664a9df) Importer(815301076,1909f56bfc062723c751e8b465ee728b)  -> (artifact id: '2e9ecf68a36223dd29e645d23489584d') in 0.004401 seconds
Number of updated asset objects reloaded before import = 1
Number of asset objects unloaded after import = 10
========================================================================
Received Import Request.
  Time since last request: 170.381073 seconds.
  path: Assets/FX/Blood VFX.vfx
  artifactKey: Guid(410e75fdfb55cbd4691cf86d7664a9df) Importer(815301076,1909f56bfc062723c751e8b465ee728b)
Start importing Assets/FX/Blood VFX.vfx using Guid(410e75fdfb55cbd4691cf86d7664a9df) Importer(815301076,1909f56bfc062723c751e8b465ee728b)  -> (artifact id: '27d5d0ff54877882ddf268330119200c') in 0.003929 seconds
Number of updated asset objects reloaded before import = 1
Number of asset objects unloaded after import = 9
========================================================================
Received Import Request.
  Time since last request: 3.002921 seconds.
  path: Assets/FX/Blood VFX.vfx
  artifactKey: Guid(410e75fdfb55cbd4691cf86d7664a9df) Importer(815301076,1909f56bfc062723c751e8b465ee728b)
Start importing Assets/FX/Blood VFX.vfx using Guid(410e75fdfb55cbd4691cf86d7664a9df) Importer(815301076,1909f56bfc062723c751e8b465ee728b)  -> (artifact id: 'b3e153ebb5ad689a7bd379b8b410df3f') in 0.003681 seconds
Number of updated asset objects reloaded before import = 1
Number of asset objects unloaded after import = 10
========================================================================
Received Import Request.
  Time since last request: 4.671529 seconds.
  path: Assets/FX/Blood VFX.vfx
  artifactKey: Guid(410e75fdfb55cbd4691cf86d7664a9df) Importer(815301076,1909f56bfc062723c751e8b465ee728b)
Start importing Assets/FX/Blood VFX.vfx using Guid(410e75fdfb55cbd4691cf86d7664a9df) Importer(815301076,1909f56bfc062723c751e8b465ee728b)  -> (artifact id: '10ac1d806ca3081a32a43864b698503b') in 0.003802 seconds
Number of updated asset objects reloaded before import = 1
Number of asset objects unloaded after import = 9
========================================================================
Received Import Request.
  Time since last request: 6.513651 seconds.
  path: Assets/FX/Blood VFX.vfx
  artifactKey: Guid(410e75fdfb55cbd4691cf86d7664a9df) Importer(815301076,1909f56bfc062723c751e8b465ee728b)
Start importing Assets/FX/Blood VFX.vfx using Guid(410e75fdfb55cbd4691cf86d7664a9df) Importer(815301076,1909f56bfc062723c751e8b465ee728b)  -> (artifact id: '6640877a833a2df272d3d3a7a7cf77d7') in 0.003247 seconds
Number of updated asset objects reloaded before import = 1
Number of asset objects unloaded after import = 8
========================================================================
Received Import Request.
  Time since last request: 19.213957 seconds.
  path: Assets/FX/Blood VFX.vfx
  artifactKey: Guid(410e75fdfb55cbd4691cf86d7664a9df) Importer(815301076,1909f56bfc062723c751e8b465ee728b)
Start importing Assets/FX/Blood VFX.vfx using Guid(410e75fdfb55cbd4691cf86d7664a9df) Importer(815301076,1909f56bfc062723c751e8b465ee728b)  -> (artifact id: '12bfad0cecf86486b29cdb4f4f402d0e') in 0.003927 seconds
Number of updated asset objects reloaded before import = 1
Number of asset objects unloaded after import = 8
========================================================================
Received Import Request.
  Time since last request: 44.891359 seconds.
  path: Assets/FX/Blood VFX.vfx
  artifactKey: Guid(410e75fdfb55cbd4691cf86d7664a9df) Importer(815301076,1909f56bfc062723c751e8b465ee728b)
Start importing Assets/FX/Blood VFX.vfx using Guid(410e75fdfb55cbd4691cf86d7664a9df) Importer(815301076,1909f56bfc062723c751e8b465ee728b)  -> (artifact id: '6e5381a7a7478d47e51776c87af08e9f') in 0.003625 seconds
Number of updated asset objects reloaded before import = 1
Number of asset objects unloaded after import = 8
========================================================================
Received Import Request.
  Time since last request: 2.989126 seconds.
  path: Assets/FX/Blood VFX.vfx
  artifactKey: Guid(410e75fdfb55cbd4691cf86d7664a9df) Importer(815301076,1909f56bfc062723c751e8b465ee728b)
Start importing Assets/FX/Blood VFX.vfx using Guid(410e75fdfb55cbd4691cf86d7664a9df) Importer(815301076,1909f56bfc062723c751e8b465ee728b)  -> (artifact id: 'fa90775c3c4b38edb71b25e7acfb3bd3') in 0.003572 seconds
Number of updated asset objects reloaded before import = 1
Number of asset objects unloaded after import = 8
========================================================================
Received Import Request.
  Time since last request: 14.223035 seconds.
  path: Assets/FX/Blood VFX.vfx
  artifactKey: Guid(410e75fdfb55cbd4691cf86d7664a9df) Importer(815301076,1909f56bfc062723c751e8b465ee728b)
Start importing Assets/FX/Blood VFX.vfx using Guid(410e75fdfb55cbd4691cf86d7664a9df) Importer(815301076,1909f56bfc062723c751e8b465ee728b)  -> (artifact id: '5b94f94d5b0deb0d8a18170be3d3caf0') in 0.003608 seconds
Number of updated asset objects reloaded before import = 1
Number of asset objects unloaded after import = 8
========================================================================
Received Import Request.
  Time since last request: 18.017008 seconds.
  path: Assets/FX/Blood VFX.vfx
  artifactKey: Guid(410e75fdfb55cbd4691cf86d7664a9df) Importer(815301076,1909f56bfc062723c751e8b465ee728b)
Start importing Assets/FX/Blood VFX.vfx using Guid(410e75fdfb55cbd4691cf86d7664a9df) Importer(815301076,1909f56bfc062723c751e8b465ee728b)  -> (artifact id: '978ccf97aacba0f7459d2973bedeed7c') in 0.003073 seconds
Number of updated asset objects reloaded before import = 1
Number of asset objects unloaded after import = 8
========================================================================
Received Import Request.
  Time since last request: 3.873113 seconds.
  path: Assets/FX/Blood VFX.vfx
  artifactKey: Guid(410e75fdfb55cbd4691cf86d7664a9df) Importer(815301076,1909f56bfc062723c751e8b465ee728b)
Start importing Assets/FX/Blood VFX.vfx using Guid(410e75fdfb55cbd4691cf86d7664a9df) Importer(815301076,1909f56bfc062723c751e8b465ee728b)  -> (artifact id: 'c353385a565518219a4c3abd57d74909') in 0.003572 seconds
Number of updated asset objects reloaded before import = 1
Number of asset objects unloaded after import = 8
========================================================================
Received Import Request.
  Time since last request: 77.447565 seconds.
  path: Assets/FX/Blood VFX.vfx
  artifactKey: Guid(410e75fdfb55cbd4691cf86d7664a9df) Importer(815301076,1909f56bfc062723c751e8b465ee728b)
Start importing Assets/FX/Blood VFX.vfx using Guid(410e75fdfb55cbd4691cf86d7664a9df) Importer(815301076,1909f56bfc062723c751e8b465ee728b)  -> (artifact id: 'd16343f7d93546519524998d3e0f3300') in 0.003600 seconds
Number of updated asset objects reloaded before import = 1
Number of asset objects unloaded after import = 8
========================================================================
Received Import Request.
  Time since last request: 109.680718 seconds.
  path: Assets/FX/Blood VFX.vfx
  artifactKey: Guid(410e75fdfb55cbd4691cf86d7664a9df) Importer(815301076,1909f56bfc062723c751e8b465ee728b)
Start importing Assets/FX/Blood VFX.vfx using Guid(410e75fdfb55cbd4691cf86d7664a9df) Importer(815301076,1909f56bfc062723c751e8b465ee728b)  -> (artifact id: 'cad92cc6af94e51c3e35c7c4d9a9fe6c') in 0.006221 seconds
Number of updated asset objects reloaded before import = 1
Number of asset objects unloaded after import = 8
========================================================================
Received Import Request.
  Time since last request: 608.226048 seconds.
  path: Assets/FX/Blood VFX.vfx
  artifactKey: Guid(410e75fdfb55cbd4691cf86d7664a9df) Importer(815301076,1909f56bfc062723c751e8b465ee728b)
Start importing Assets/FX/Blood VFX.vfx using Guid(410e75fdfb55cbd4691cf86d7664a9df) Importer(815301076,1909f56bfc062723c751e8b465ee728b)  -> (artifact id: '656e2407d37b8bc7dae421ebe7b9ccce') in 0.004760 seconds
Number of updated asset objects reloaded before import = 1
Number of asset objects unloaded after import = 8
========================================================================
Received Import Request.
  Time since last request: 42.729076 seconds.
  path: Assets/FX/Blood.prefab
  artifactKey: Guid(f63ab21659a2289458a6eba2e3a768ee) Importer(815301076,1909f56bfc062723c751e8b465ee728b)
Start importing Assets/FX/Blood.prefab using Guid(f63ab21659a2289458a6eba2e3a768ee) Importer(815301076,1909f56bfc062723c751e8b465ee728b)  -> (artifact id: '6c2d1b90eb40ebd00fba2dd6fdf46478') in 0.060625 seconds
Number of updated asset objects reloaded before import = 0
Number of asset objects unloaded after import = 16
========================================================================
Received Import Request.
  Time since last request: 89.904377 seconds.
  path: Assets/FX/Blood.prefab
  artifactKey: Guid(f63ab21659a2289458a6eba2e3a768ee) Importer(815301076,1909f56bfc062723c751e8b465ee728b)
Start importing Assets/FX/Blood.prefab using Guid(f63ab21659a2289458a6eba2e3a768ee) Importer(815301076,1909f56bfc062723c751e8b465ee728b)  -> (artifact id: '3b1e2307313868d5af280aa3fbe657db') in 0.013385 seconds
Number of updated asset objects reloaded before import = 1
Number of asset objects unloaded after import = 16
========================================================================
Received Import Request.
  Time since last request: 27.862707 seconds.
  path: Assets/Scenes/Level2.unity
  artifactKey: Guid(35b9774def0653844b9cce41e1523a12) Importer(815301076,1909f56bfc062723c751e8b465ee728b)
Start importing Assets/Scenes/Level2.unity using Guid(35b9774def0653844b9cce41e1523a12) Importer(815301076,1909f56bfc062723c751e8b465ee728b)  -> (artifact id: 'f2934e4581b8a250e66c4abce2b818d5') in 0.000632 seconds
Number of updated asset objects reloaded before import = 0
Number of asset objects unloaded after import = 0
========================================================================
Received Import Request.
  Time since last request: 200.439478 seconds.
  path: Assets/FX/Blood VFX.vfx
  artifactKey: Guid(410e75fdfb55cbd4691cf86d7664a9df) Importer(815301076,1909f56bfc062723c751e8b465ee728b)
Start importing Assets/FX/Blood VFX.vfx using Guid(410e75fdfb55cbd4691cf86d7664a9df) Importer(815301076,1909f56bfc062723c751e8b465ee728b)  -> (artifact id: '081bc9b3b53ebd86a29e1991560e54ef') in 0.004293 seconds
Number of updated asset objects reloaded before import = 0
Number of asset objects unloaded after import = 8
========================================================================
Received Prepare
Begin MonoManager ReloadAssembly
- Loaded All Assemblies, in  3.245 seconds
Refreshing native plugins compatible for Editor in 2.65 ms, found 3 plugins.
Native extension for WindowsStandalone target not found
Native extension for Android target not found
Native extension for WebGL target not found
Mono: successfully reloaded assembly
- Finished resetting the current domain, in 51.808 seconds
Domain Reload Profiling: 55051ms
	BeginReloadAssembly (248ms)
		ExecutionOrderSort (0ms)
		DisableScriptedObjects (10ms)
		BackupInstance (0ms)
		ReleaseScriptingObjects (0ms)
		CreateAndSetChildDomain (99ms)
	RebuildCommonClasses (123ms)
	RebuildNativeTypeToScriptingClass (9ms)
	initialDomainReloadingComplete (30ms)
	LoadAllAssembliesAndSetupDomain (2832ms)
		LoadAssemblies (2913ms)
		RebuildTransferFunctionScriptingTraits (0ms)
		AnalyzeDomain (20ms)
			TypeCache.Refresh (6ms)
				TypeCache.ScanAssembly (0ms)
			ScanForSourceGeneratedMonoScriptInfo (0ms)
			ResolveRequiredComponents (13ms)
	FinalizeReload (51809ms)
		ReleaseScriptCaches (0ms)
		RebuildScriptCaches (0ms)
		SetupLoadedEditorAssemblies (604ms)
			LogAssemblyErrors (0ms)
			InitializePlatformSupportModulesInManaged (31ms)
			SetLoadedEditorAssemblies (5ms)
			RefreshPlugins (0ms)
			BeforeProcessingInitializeOnLoad (89ms)
			ProcessInitializeOnLoadAttributes (400ms)
			ProcessInitializeOnLoadMethodAttributes (69ms)
			AfterProcessingInitializeOnLoad (10ms)
			EditorAssembliesLoaded (0ms)
		ExecutionOrderSort2 (0ms)
		AwakeInstancesAfterBackupRestoration (24ms)
Refreshing native plugins compatible for Editor in 4.13 ms, found 3 plugins.
Preloading 0 native plugins for Editor in 0.00 ms.
Unloading 6183 Unused Serialized files (Serialized files now loaded: 0)
Unloading 58 unused Assets / (2.9 MB). Loaded Objects now: 7221.
Memory consumption went from 238.0 MB to 235.1 MB.
Total: 5.171100 ms (FindLiveObjects: 0.476600 ms CreateObjectMapping: 0.235200 ms MarkObjects: 3.941400 ms  DeleteObjects: 0.516800 ms)

Prepare: number of updated asset objects reloaded= 0
AssetImportParameters requested are different than current active one (requested -> active):
  custom:container-demuxer-ogg: 62fdf1f143b41e24485cea50d1cbac27 -> 
  custom:framework-win-MediaFoundation: 216162199b28c13a410421893ffa2e32 -> 
  custom:container-muxer-webm: aa71ff27fc2769a1b78a27578f13a17b -> 
  custom:video-decoder-webm-vp8: 9c59270c3fd7afecdb556c50c9e8de78 -> 
  custom:SearchIndexIgnoredProperties: e643bd26f0fe6173181afceb89e7c659 -> 
  custom:AudioImporter_EditorPlatform: d09bf68614088b80899f8185d706f6e7 -> 
  custom:audio-decoder-ogg-vorbis: bf7c407c2cedff20999df2af8eb42d56 -> 
  custom:audio-encoder-webm-vorbis: bf7c407c2cedff20999df2af8eb42d56 -> 
  custom:video-codec-MediaFoundation-h265: 746d11721c4dcdbdad8f713fa42b33f4 -> 
  custom:video-decoder-ogg-theora: a1e56fd34408186e4bbccfd4996cb3dc -> 
  custom:CustomObjectIndexerAttribute: 3ead1caaecf1c488f20bcfeb224b6af5 -> 
  custom:container-demuxer-webm: 4f35f7cbe854078d1ac9338744f61a02 -> 
  custom:video-encoder-webm-vp8: eb34c28f22e8b96e1ab97ce403110664 -> 
========================================================================
Received Prepare
Begin MonoManager ReloadAssembly
- Loaded All Assemblies, in  0.438 seconds
Refreshing native plugins compatible for Editor in 3.19 ms, found 3 plugins.
Native extension for WindowsStandalone target not found
Native extension for Android target not found
Native extension for WebGL target not found
Mono: successfully reloaded assembly
- Finished resetting the current domain, in  1.325 seconds
Domain Reload Profiling: 1761ms
	BeginReloadAssembly (142ms)
		ExecutionOrderSort (0ms)
		DisableScriptedObjects (4ms)
		BackupInstance (0ms)
		ReleaseScriptingObjects (0ms)
		CreateAndSetChildDomain (36ms)
	RebuildCommonClasses (30ms)
	RebuildNativeTypeToScriptingClass (9ms)
	initialDomainReloadingComplete (26ms)
	LoadAllAssembliesAndSetupDomain (228ms)
		LoadAssemblies (284ms)
		RebuildTransferFunctionScriptingTraits (0ms)
		AnalyzeDomain (17ms)
			TypeCache.Refresh (4ms)
				TypeCache.ScanAssembly (0ms)
			ScanForSourceGeneratedMonoScriptInfo (0ms)
			ResolveRequiredComponents (11ms)
	FinalizeReload (1326ms)
		ReleaseScriptCaches (0ms)
		RebuildScriptCaches (0ms)
		SetupLoadedEditorAssemblies (513ms)
			LogAssemblyErrors (0ms)
			InitializePlatformSupportModulesInManaged (28ms)
			SetLoadedEditorAssemblies (4ms)
			RefreshPlugins (0ms)
			BeforeProcessingInitializeOnLoad (77ms)
			ProcessInitializeOnLoadAttributes (334ms)
			ProcessInitializeOnLoadMethodAttributes (62ms)
			AfterProcessingInitializeOnLoad (8ms)
			EditorAssembliesLoaded (0ms)
		ExecutionOrderSort2 (0ms)
		AwakeInstancesAfterBackupRestoration (23ms)
Refreshing native plugins compatible for Editor in 3.26 ms, found 3 plugins.
Preloading 0 native plugins for Editor in 0.00 ms.
Unloading 6183 Unused Serialized files (Serialized files now loaded: 0)
Unloading 58 unused Assets / (2.9 MB). Loaded Objects now: 7241.
Memory consumption went from 239.8 MB to 237.0 MB.
Total: 4.439400 ms (FindLiveObjects: 0.481100 ms CreateObjectMapping: 0.197500 ms MarkObjects: 3.154200 ms  DeleteObjects: 0.605300 ms)

Prepare: number of updated asset objects reloaded= 1
AssetImportParameters requested are different than current active one (requested -> active):
  custom:container-demuxer-ogg: 62fdf1f143b41e24485cea50d1cbac27 -> 
  custom:framework-win-MediaFoundation: 216162199b28c13a410421893ffa2e32 -> 
  custom:container-muxer-webm: aa71ff27fc2769a1b78a27578f13a17b -> 
  custom:video-decoder-webm-vp8: 9c59270c3fd7afecdb556c50c9e8de78 -> 
  custom:SearchIndexIgnoredProperties: e643bd26f0fe6173181afceb89e7c659 -> 
  custom:AudioImporter_EditorPlatform: d09bf68614088b80899f8185d706f6e7 -> 
  custom:audio-decoder-ogg-vorbis: bf7c407c2cedff20999df2af8eb42d56 -> 
  custom:audio-encoder-webm-vorbis: bf7c407c2cedff20999df2af8eb42d56 -> 
  custom:video-codec-MediaFoundation-h265: 746d11721c4dcdbdad8f713fa42b33f4 -> 
  custom:video-decoder-ogg-theora: a1e56fd34408186e4bbccfd4996cb3dc -> 
  custom:CustomObjectIndexerAttribute: 3ead1caaecf1c488f20bcfeb224b6af5 -> 
  custom:container-demuxer-webm: 4f35f7cbe854078d1ac9338744f61a02 -> 
  custom:video-encoder-webm-vp8: eb34c28f22e8b96e1ab97ce403110664 -> 
========================================================================
Received Prepare
Begin MonoManager ReloadAssembly
- Loaded All Assemblies, in  0.447 seconds
Refreshing native plugins compatible for Editor in 4.18 ms, found 3 plugins.
Native extension for WindowsStandalone target not found
Native extension for Android target not found
Native extension for WebGL target not found
Mono: successfully reloaded assembly
- Finished resetting the current domain, in  1.307 seconds
Domain Reload Profiling: 1752ms
	BeginReloadAssembly (151ms)
		ExecutionOrderSort (0ms)
		DisableScriptedObjects (4ms)
		BackupInstance (0ms)
		ReleaseScriptingObjects (0ms)
		CreateAndSetChildDomain (39ms)
	RebuildCommonClasses (29ms)
	RebuildNativeTypeToScriptingClass (9ms)
	initialDomainReloadingComplete (30ms)
	LoadAllAssembliesAndSetupDomain (225ms)
		LoadAssemblies (284ms)
		RebuildTransferFunctionScriptingTraits (0ms)
		AnalyzeDomain (20ms)
			TypeCache.Refresh (6ms)
				TypeCache.ScanAssembly (0ms)
			ScanForSourceGeneratedMonoScriptInfo (0ms)
			ResolveRequiredComponents (12ms)
	FinalizeReload (1307ms)
		ReleaseScriptCaches (0ms)
		RebuildScriptCaches (0ms)
		SetupLoadedEditorAssemblies (514ms)
			LogAssemblyErrors (0ms)
			InitializePlatformSupportModulesInManaged (24ms)
			SetLoadedEditorAssemblies (4ms)
			RefreshPlugins (0ms)
			BeforeProcessingInitializeOnLoad (80ms)
			ProcessInitializeOnLoadAttributes (329ms)
			ProcessInitializeOnLoadMethodAttributes (68ms)
			AfterProcessingInitializeOnLoad (9ms)
			EditorAssembliesLoaded (0ms)
		ExecutionOrderSort2 (0ms)
		AwakeInstancesAfterBackupRestoration (20ms)
Refreshing native plugins compatible for Editor in 4.76 ms, found 3 plugins.
Preloading 0 native plugins for Editor in 0.00 ms.
Unloading 6183 Unused Serialized files (Serialized files now loaded: 0)
Unloading 58 unused Assets / (2.9 MB). Loaded Objects now: 7261.
Memory consumption went from 241.8 MB to 238.9 MB.
Total: 5.442900 ms (FindLiveObjects: 0.717400 ms CreateObjectMapping: 0.301500 ms MarkObjects: 3.915600 ms  DeleteObjects: 0.506800 ms)

Prepare: number of updated asset objects reloaded= 0
AssetImportParameters requested are different than current active one (requested -> active):
  custom:container-demuxer-ogg: 62fdf1f143b41e24485cea50d1cbac27 -> 
  custom:framework-win-MediaFoundation: 216162199b28c13a410421893ffa2e32 -> 
  custom:container-muxer-webm: aa71ff27fc2769a1b78a27578f13a17b -> 
  custom:video-decoder-webm-vp8: 9c59270c3fd7afecdb556c50c9e8de78 -> 
  custom:SearchIndexIgnoredProperties: e643bd26f0fe6173181afceb89e7c659 -> 
  custom:AudioImporter_EditorPlatform: d09bf68614088b80899f8185d706f6e7 -> 
  custom:audio-decoder-ogg-vorbis: bf7c407c2cedff20999df2af8eb42d56 -> 
  custom:audio-encoder-webm-vorbis: bf7c407c2cedff20999df2af8eb42d56 -> 
  custom:video-codec-MediaFoundation-h265: 746d11721c4dcdbdad8f713fa42b33f4 -> 
  custom:video-decoder-ogg-theora: a1e56fd34408186e4bbccfd4996cb3dc -> 
  custom:CustomObjectIndexerAttribute: 3ead1caaecf1c488f20bcfeb224b6af5 -> 
  custom:container-demuxer-webm: 4f35f7cbe854078d1ac9338744f61a02 -> 
  custom:video-encoder-webm-vp8: eb34c28f22e8b96e1ab97ce403110664 -> 
========================================================================
Received Import Request.
  Time since last request: 705.190610 seconds.
  path: Assets/FX/Blood.prefab
  artifactKey: Guid(f63ab21659a2289458a6eba2e3a768ee) Importer(815301076,1909f56bfc062723c751e8b465ee728b)
Start importing Assets/FX/Blood.prefab using Guid(f63ab21659a2289458a6eba2e3a768ee) Importer(815301076,1909f56bfc062723c751e8b465ee728b)  -> (artifact id: 'a3ae650bab2e05adbc6b24fcd787eed1') in 0.266447 seconds
Number of updated asset objects reloaded before import = 0
Number of asset objects unloaded after import = 35
========================================================================
Received Prepare
Begin MonoManager ReloadAssembly
- Loaded All Assemblies, in  0.442 seconds
Refreshing native plugins compatible for Editor in 3.16 ms, found 3 plugins.
Native extension for WindowsStandalone target not found
Native extension for Android target not found
Native extension for WebGL target not found
Mono: successfully reloaded assembly
- Finished resetting the current domain, in  1.293 seconds
Domain Reload Profiling: 1732ms
	BeginReloadAssembly (162ms)
		ExecutionOrderSort (0ms)
		DisableScriptedObjects (9ms)
		BackupInstance (0ms)
		ReleaseScriptingObjects (0ms)
		CreateAndSetChildDomain (44ms)
	RebuildCommonClasses (29ms)
	RebuildNativeTypeToScriptingClass (9ms)
	initialDomainReloadingComplete (27ms)
	LoadAllAssembliesAndSetupDomain (211ms)
		LoadAssemblies (273ms)
		RebuildTransferFunctionScriptingTraits (0ms)
		AnalyzeDomain (18ms)
			TypeCache.Refresh (5ms)
				TypeCache.ScanAssembly (0ms)
			ScanForSourceGeneratedMonoScriptInfo (0ms)
			ResolveRequiredComponents (12ms)
	FinalizeReload (1293ms)
		ReleaseScriptCaches (0ms)
		RebuildScriptCaches (0ms)
		SetupLoadedEditorAssemblies (496ms)
			LogAssemblyErrors (0ms)
			InitializePlatformSupportModulesInManaged (25ms)
			SetLoadedEditorAssemblies (4ms)
			RefreshPlugins (0ms)
			BeforeProcessingInitializeOnLoad (75ms)
			ProcessInitializeOnLoadAttributes (324ms)
			ProcessInitializeOnLoadMethodAttributes (60ms)
			AfterProcessingInitializeOnLoad (8ms)
			EditorAssembliesLoaded (0ms)
		ExecutionOrderSort2 (0ms)
		AwakeInstancesAfterBackupRestoration (20ms)
Refreshing native plugins compatible for Editor in 2.80 ms, found 3 plugins.
Preloading 0 native plugins for Editor in 0.00 ms.
Unloading 6183 Unused Serialized files (Serialized files now loaded: 0)
Unloading 58 unused Assets / (2.9 MB). Loaded Objects now: 7323.
Memory consumption went from 243.9 MB to 241.0 MB.
Total: 3.856100 ms (FindLiveObjects: 0.441400 ms CreateObjectMapping: 0.241700 ms MarkObjects: 2.704600 ms  DeleteObjects: 0.467400 ms)

Prepare: number of updated asset objects reloaded= 0
AssetImportParameters requested are different than current active one (requested -> active):
  custom:container-demuxer-ogg: 62fdf1f143b41e24485cea50d1cbac27 -> 
  custom:framework-win-MediaFoundation: 216162199b28c13a410421893ffa2e32 -> 
  custom:container-muxer-webm: aa71ff27fc2769a1b78a27578f13a17b -> 
  custom:video-decoder-webm-vp8: 9c59270c3fd7afecdb556c50c9e8de78 -> 
  custom:SearchIndexIgnoredProperties: e643bd26f0fe6173181afceb89e7c659 -> 
  custom:AudioImporter_EditorPlatform: d09bf68614088b80899f8185d706f6e7 -> 
  custom:audio-decoder-ogg-vorbis: bf7c407c2cedff20999df2af8eb42d56 -> 
  custom:audio-encoder-webm-vorbis: bf7c407c2cedff20999df2af8eb42d56 -> 
  custom:video-codec-MediaFoundation-h265: 746d11721c4dcdbdad8f713fa42b33f4 -> 
  custom:video-decoder-ogg-theora: a1e56fd34408186e4bbccfd4996cb3dc -> 
  custom:CustomObjectIndexerAttribute: 3ead1caaecf1c488f20bcfeb224b6af5 -> 
  custom:container-demuxer-webm: 4f35f7cbe854078d1ac9338744f61a02 -> 
  custom:video-encoder-webm-vp8: eb34c28f22e8b96e1ab97ce403110664 -> 
========================================================================
Received Prepare
Begin MonoManager ReloadAssembly
- Loaded All Assemblies, in  0.422 seconds
Refreshing native plugins compatible for Editor in 3.01 ms, found 3 plugins.
Native extension for WindowsStandalone target not found
Native extension for Android target not found
Native extension for WebGL target not found
Mono: successfully reloaded assembly
- Finished resetting the current domain, in  1.253 seconds
Domain Reload Profiling: 1673ms
	BeginReloadAssembly (146ms)
		ExecutionOrderSort (0ms)
		DisableScriptedObjects (4ms)
		BackupInstance (0ms)
		ReleaseScriptingObjects (0ms)
		CreateAndSetChildDomain (37ms)
	RebuildCommonClasses (26ms)
	RebuildNativeTypeToScriptingClass (9ms)
	initialDomainReloadingComplete (27ms)
	LoadAllAssembliesAndSetupDomain (211ms)
		LoadAssemblies (266ms)
		RebuildTransferFunctionScriptingTraits (0ms)
		AnalyzeDomain (21ms)
			TypeCache.Refresh (6ms)
				TypeCache.ScanAssembly (0ms)
			ScanForSourceGeneratedMonoScriptInfo (0ms)
			ResolveRequiredComponents (14ms)
	FinalizeReload (1254ms)
		ReleaseScriptCaches (0ms)
		RebuildScriptCaches (0ms)
		SetupLoadedEditorAssemblies (513ms)
			LogAssemblyErrors (0ms)
			InitializePlatformSupportModulesInManaged (24ms)
			SetLoadedEditorAssemblies (4ms)
			RefreshPlugins (0ms)
			BeforeProcessingInitializeOnLoad (77ms)
			ProcessInitializeOnLoadAttributes (338ms)
			ProcessInitializeOnLoadMethodAttributes (58ms)
			AfterProcessingInitializeOnLoad (12ms)
			EditorAssembliesLoaded (0ms)
		ExecutionOrderSort2 (0ms)
		AwakeInstancesAfterBackupRestoration (24ms)
Refreshing native plugins compatible for Editor in 2.79 ms, found 3 plugins.
Preloading 0 native plugins for Editor in 0.00 ms.
Unloading 6183 Unused Serialized files (Serialized files now loaded: 0)
Unloading 58 unused Assets / (2.9 MB). Loaded Objects now: 7343.
Memory consumption went from 245.7 MB to 242.9 MB.
Total: 3.482300 ms (FindLiveObjects: 0.404400 ms CreateObjectMapping: 0.164000 ms MarkObjects: 2.442100 ms  DeleteObjects: 0.471100 ms)

Prepare: number of updated asset objects reloaded= 0
AssetImportParameters requested are different than current active one (requested -> active):
  custom:container-demuxer-ogg: 62fdf1f143b41e24485cea50d1cbac27 -> 
  custom:framework-win-MediaFoundation: 216162199b28c13a410421893ffa2e32 -> 
  custom:container-muxer-webm: aa71ff27fc2769a1b78a27578f13a17b -> 
  custom:video-decoder-webm-vp8: 9c59270c3fd7afecdb556c50c9e8de78 -> 
  custom:SearchIndexIgnoredProperties: e643bd26f0fe6173181afceb89e7c659 -> 
  custom:AudioImporter_EditorPlatform: d09bf68614088b80899f8185d706f6e7 -> 
  custom:audio-decoder-ogg-vorbis: bf7c407c2cedff20999df2af8eb42d56 -> 
  custom:audio-encoder-webm-vorbis: bf7c407c2cedff20999df2af8eb42d56 -> 
  custom:video-codec-MediaFoundation-h265: 746d11721c4dcdbdad8f713fa42b33f4 -> 
  custom:video-decoder-ogg-theora: a1e56fd34408186e4bbccfd4996cb3dc -> 
  custom:CustomObjectIndexerAttribute: 3ead1caaecf1c488f20bcfeb224b6af5 -> 
  custom:container-demuxer-webm: 4f35f7cbe854078d1ac9338744f61a02 -> 
  custom:video-encoder-webm-vp8: eb34c28f22e8b96e1ab97ce403110664 -> 
========================================================================
Received Prepare
Begin MonoManager ReloadAssembly
- Loaded All Assemblies, in  0.440 seconds
Refreshing native plugins compatible for Editor in 4.18 ms, found 3 plugins.
Native extension for WindowsStandalone target not found
Native extension for Android target not found
Native extension for WebGL target not found
Mono: successfully reloaded assembly
- Finished resetting the current domain, in  1.268 seconds
Domain Reload Profiling: 1705ms
	BeginReloadAssembly (153ms)
		ExecutionOrderSort (0ms)
		DisableScriptedObjects (4ms)
		BackupInstance (0ms)
		ReleaseScriptingObjects (0ms)
		CreateAndSetChildDomain (40ms)
	RebuildCommonClasses (28ms)
	RebuildNativeTypeToScriptingClass (11ms)
	initialDomainReloadingComplete (28ms)
	LoadAllAssembliesAndSetupDomain (217ms)
		LoadAssemblies (275ms)
		RebuildTransferFunctionScriptingTraits (0ms)
		AnalyzeDomain (18ms)
			TypeCache.Refresh (5ms)
				TypeCache.ScanAssembly (0ms)
			ScanForSourceGeneratedMonoScriptInfo (0ms)
			ResolveRequiredComponents (12ms)
	FinalizeReload (1268ms)
		ReleaseScriptCaches (0ms)
		RebuildScriptCaches (0ms)
		SetupLoadedEditorAssemblies (479ms)
			LogAssemblyErrors (0ms)
			InitializePlatformSupportModulesInManaged (24ms)
			SetLoadedEditorAssemblies (5ms)
			RefreshPlugins (0ms)
			BeforeProcessingInitializeOnLoad (75ms)
			ProcessInitializeOnLoadAttributes (310ms)
			ProcessInitializeOnLoadMethodAttributes (55ms)
			AfterProcessingInitializeOnLoad (9ms)
			EditorAssembliesLoaded (0ms)
		ExecutionOrderSort2 (0ms)
		AwakeInstancesAfterBackupRestoration (25ms)
Refreshing native plugins compatible for Editor in 3.04 ms, found 3 plugins.
Preloading 0 native plugins for Editor in 0.00 ms.
Unloading 6183 Unused Serialized files (Serialized files now loaded: 0)
Unloading 58 unused Assets / (2.9 MB). Loaded Objects now: 7363.
Memory consumption went from 247.7 MB to 244.8 MB.
Total: 3.598300 ms (FindLiveObjects: 0.443700 ms CreateObjectMapping: 0.163200 ms MarkObjects: 2.531100 ms  DeleteObjects: 0.459500 ms)

Prepare: number of updated asset objects reloaded= 0
AssetImportParameters requested are different than current active one (requested -> active):
  custom:container-demuxer-ogg: 62fdf1f143b41e24485cea50d1cbac27 -> 
  custom:framework-win-MediaFoundation: 216162199b28c13a410421893ffa2e32 -> 
  custom:container-muxer-webm: aa71ff27fc2769a1b78a27578f13a17b -> 
  custom:video-decoder-webm-vp8: 9c59270c3fd7afecdb556c50c9e8de78 -> 
  custom:SearchIndexIgnoredProperties: e643bd26f0fe6173181afceb89e7c659 -> 
  custom:AudioImporter_EditorPlatform: d09bf68614088b80899f8185d706f6e7 -> 
  custom:audio-decoder-ogg-vorbis: bf7c407c2cedff20999df2af8eb42d56 -> 
  custom:audio-encoder-webm-vorbis: bf7c407c2cedff20999df2af8eb42d56 -> 
  custom:video-codec-MediaFoundation-h265: 746d11721c4dcdbdad8f713fa42b33f4 -> 
  custom:video-decoder-ogg-theora: a1e56fd34408186e4bbccfd4996cb3dc -> 
  custom:CustomObjectIndexerAttribute: 3ead1caaecf1c488f20bcfeb224b6af5 -> 
  custom:container-demuxer-webm: 4f35f7cbe854078d1ac9338744f61a02 -> 
  custom:video-encoder-webm-vp8: eb34c28f22e8b96e1ab97ce403110664 -> 
========================================================================
Received Import Request.
  Time since last request: 641.500819 seconds.
  path: Assets/blood splatter 2.png
  artifactKey: Guid(cc8de44ae7050ba40960f39bb49b4fd0) Importer(2089858483,0ecaa5967403d082aa24f35e1b516d23)
Start importing Assets/blood splatter 2.png using Guid(cc8de44ae7050ba40960f39bb49b4fd0) Importer(2089858483,0ecaa5967403d082aa24f35e1b516d23)  -> (artifact id: '513872f713cf8811053a99b38b403b4a') in 0.241781 seconds
Number of updated asset objects reloaded before import = 5
Number of asset objects unloaded after import = 1
========================================================================
Received Import Request.
  Time since last request: 0.000023 seconds.
  path: Assets/Materials/Private dock.png
  artifactKey: Guid(e8edfb705538b8e408725a75fc23feec) Importer(2089858483,0ecaa5967403d082aa24f35e1b516d23)
Start importing Assets/Materials/Private dock.png using Guid(e8edfb705538b8e408725a75fc23feec) Importer(2089858483,0ecaa5967403d082aa24f35e1b516d23)  -> (artifact id: 'dc2b1fde3d850b3f3bada5d133fedd6b') in 0.023531 seconds
Number of updated asset objects reloaded before import = 0
Number of asset objects unloaded after import = 1
========================================================================
Received Import Request.
  Time since last request: 0.000025 seconds.
  path: Assets/New Folder/dead body_low_DefaultMaterial_Height.1001.png
  artifactKey: Guid(23d000d82653721428ed911d429af0f3) Importer(2089858483,0ecaa5967403d082aa24f35e1b516d23)
Start importing Assets/New Folder/dead body_low_DefaultMaterial_Height.1001.png using Guid(23d000d82653721428ed911d429af0f3) Importer(2089858483,0ecaa5967403d082aa24f35e1b516d23)  -> (artifact id: 'fab2ee8480001084aa53005b66dac02d') in 0.118114 seconds
Number of updated asset objects reloaded before import = 0
Number of asset objects unloaded after import = 1
========================================================================
Received Import Request.
  Time since last request: 0.000015 seconds.
  path: Assets/Materials/teacup ride.png
  artifactKey: Guid(bbf4e74a731b5394ebc4b0bb88b41ab7) Importer(2089858483,0ecaa5967403d082aa24f35e1b516d23)
Start importing Assets/Materials/teacup ride.png using Guid(bbf4e74a731b5394ebc4b0bb88b41ab7) Importer(2089858483,0ecaa5967403d082aa24f35e1b516d23)  -> (artifact id: 'ed0def229b37104002d567c8477ba741') in 0.024055 seconds
Number of updated asset objects reloaded before import = 0
Number of asset objects unloaded after import = 1
========================================================================
Received Import Request.
  Time since last request: 0.000017 seconds.
  path: Assets/Virtual Camera Noise Profile.asset
  artifactKey: Guid(d68c33026d7d40c43be3556fb22aaf20) Importer(2089858483,0ecaa5967403d082aa24f35e1b516d23)
Start importing Assets/Virtual Camera Noise Profile.asset using Guid(d68c33026d7d40c43be3556fb22aaf20) Importer(2089858483,0ecaa5967403d082aa24f35e1b516d23)  -> (artifact id: '65a6b9f39f2d5d5c8922b9058cfd6fc0') in 0.018319 seconds
Number of updated asset objects reloaded before import = 0
Number of asset objects unloaded after import = 1
========================================================================
Received Import Request.
  Time since last request: 0.000019 seconds.
  path: Assets/Resources/MainMixer.mixer
  artifactKey: Guid(63090d78504b5da43bed8f06cca39817) Importer(2089858483,0ecaa5967403d082aa24f35e1b516d23)
Start importing Assets/Resources/MainMixer.mixer using Guid(63090d78504b5da43bed8f06cca39817) Importer(2089858483,0ecaa5967403d082aa24f35e1b516d23) Refreshing native plugins compatible for Editor in 3.42 ms, found 3 plugins.
Preloading 0 native plugins for Editor in 0.00 ms.
 -> (artifact id: '7545e41ef2a367191c7d45119b088b95') in 0.089974 seconds
Number of updated asset objects reloaded before import = 0
Number of asset objects unloaded after import = 9
========================================================================
Received Import Request.
  Time since last request: 0.000038 seconds.
  path: Assets/Materials/carousel ride poster.png
  artifactKey: Guid(4eac43378c1ae0f42b70ad558cda897e) Importer(2089858483,0ecaa5967403d082aa24f35e1b516d23)
Start importing Assets/Materials/carousel ride poster.png using Guid(4eac43378c1ae0f42b70ad558cda897e) Importer(2089858483,0ecaa5967403d082aa24f35e1b516d23)  -> (artifact id: '56a581533d41045b8bb5d60be45df263') in 0.022764 seconds
Number of updated asset objects reloaded before import = 0
Number of asset objects unloaded after import = 1
========================================================================
Received Import Request.
  Time since last request: 0.000018 seconds.
  path: Assets/Materials/Emmisive Yellow.mat
  artifactKey: Guid(d5b6ecfb437cb2447b517cb454fa4f95) Importer(2089858483,0ecaa5967403d082aa24f35e1b516d23)
Start importing Assets/Materials/Emmisive Yellow.mat using Guid(d5b6ecfb437cb2447b517cb454fa4f95) Importer(2089858483,0ecaa5967403d082aa24f35e1b516d23)  -> (artifact id: '448cb9fe37df942fe0b307cc7396adfd') in 0.071991 seconds
Number of updated asset objects reloaded before import = 0
Number of asset objects unloaded after import = 1
========================================================================
Received Import Request.
  Time since last request: 0.000018 seconds.
  path: Assets/Materials/Rail.mat
  artifactKey: Guid(d203d62345ba02648bb6119da13508d3) Importer(2089858483,0ecaa5967403d082aa24f35e1b516d23)
Start importing Assets/Materials/Rail.mat using Guid(d203d62345ba02648bb6119da13508d3) Importer(2089858483,0ecaa5967403d082aa24f35e1b516d23)  -> (artifact id: 'ff31f732f52be251508828e4fcde3bcd') in 0.013499 seconds
Number of updated asset objects reloaded before import = 0
Number of asset objects unloaded after import = 1
========================================================================
Received Import Request.
  Time since last request: 0.000018 seconds.
  path: Assets/Materials/skybox_test_1.png
  artifactKey: Guid(ab8ed06bef2358b40a6ed6746b8fe22c) Importer(2089858483,0ecaa5967403d082aa24f35e1b516d23)
Start importing Assets/Materials/skybox_test_1.png using Guid(ab8ed06bef2358b40a6ed6746b8fe22c) Importer(2089858483,0ecaa5967403d082aa24f35e1b516d23)  -> (artifact id: '338a1545ef2bab9c157a7d8073cd550e') in 0.043823 seconds
Number of updated asset objects reloaded before import = 0
Number of asset objects unloaded after import = 1
========================================================================
Received Import Request.
  Time since last request: 0.000020 seconds.
  path: Assets/New Folder/dead body_low_DefaultMaterial_Emissive.1001.png
  artifactKey: Guid(a46ed28dc0e12774f975a7bd63857463) Importer(2089858483,0ecaa5967403d082aa24f35e1b516d23)
Start importing Assets/New Folder/dead body_low_DefaultMaterial_Emissive.1001.png using Guid(a46ed28dc0e12774f975a7bd63857463) Importer(2089858483,0ecaa5967403d082aa24f35e1b516d23)  -> (artifact id: '4d7408cf2e2967d0a27e5a14cfe65958') in 0.048774 seconds
Number of updated asset objects reloaded before import = 0
Number of asset objects unloaded after import = 1
========================================================================
Received Import Request.
  Time since last request: 0.000031 seconds.
  path: Assets/Readme.asset
  artifactKey: Guid(8105016687592461f977c054a80ce2f2) Importer(2089858483,0ecaa5967403d082aa24f35e1b516d23)
Start importing Assets/Readme.asset using Guid(8105016687592461f977c054a80ce2f2) Importer(2089858483,0ecaa5967403d082aa24f35e1b516d23)  -> (artifact id: '74597a5bcdde7952e854b4d1fa6261aa') in 0.035528 seconds
Number of updated asset objects reloaded before import = 0
Number of asset objects unloaded after import = 2
========================================================================
Received Import Request.
  Time since last request: 0.000016 seconds.
  path: Assets/Settings/SampleSceneProfile 1.asset
  artifactKey: Guid(bf1326096a5a8504aaa9f6225d4c90f5) Importer(2089858483,0ecaa5967403d082aa24f35e1b516d23)
Start importing Assets/Settings/SampleSceneProfile 1.asset using Guid(bf1326096a5a8504aaa9f6225d4c90f5) Importer(2089858483,0ecaa5967403d082aa24f35e1b516d23)  -> (artifact id: '8cdf825c893f3faa5200d2add367de45') in 0.015307 seconds
Number of updated asset objects reloaded before import = 0
Number of asset objects unloaded after import = 8
========================================================================
Received Import Request.
  Time since last request: 0.000014 seconds.
  path: Assets/Settings/URP-Balanced.asset
  artifactKey: Guid(e1260c1148f6143b28bae5ace5e9c5d1) Importer(2089858483,0ecaa5967403d082aa24f35e1b516d23)
Start importing Assets/Settings/URP-Balanced.asset using Guid(e1260c1148f6143b28bae5ace5e9c5d1) Importer(2089858483,0ecaa5967403d082aa24f35e1b516d23)  -> (artifact id: '7d69a5c41a727e7a0b20650d59907e97') in 0.038518 seconds
Number of updated asset objects reloaded before import = 0
Number of asset objects unloaded after import = 3
========================================================================
Received Import Request.
  Time since last request: 0.000016 seconds.
  path: Assets/Scenes/testing scene.unity
  artifactKey: Guid(8a21ffd63aad6e34d82cf7753e1a8685) Importer(2089858483,0ecaa5967403d082aa24f35e1b516d23)
Start importing Assets/Scenes/testing scene.unity using Guid(8a21ffd63aad6e34d82cf7753e1a8685) Importer(2089858483,0ecaa5967403d082aa24f35e1b516d23)  -> (artifact id: 'b7a824d898902855646d51e0d72c4344') in 0.011209 seconds
Number of updated asset objects reloaded before import = 0
Number of asset objects unloaded after import = 1
========================================================================
Received Import Request.
  Time since last request: 0.000020 seconds.
  path: Assets/Settings/SampleSceneProfile.asset
  artifactKey: Guid(a6560a915ef98420e9faacc1c7438823) Importer(2089858483,0ecaa5967403d082aa24f35e1b516d23)
Start importing Assets/Settings/SampleSceneProfile.asset using Guid(a6560a915ef98420e9faacc1c7438823) Importer(2089858483,0ecaa5967403d082aa24f35e1b516d23)  -> (artifact id: '8bbee6bd26a59936393efd05bcb2b708') in 0.011314 seconds
Number of updated asset objects reloaded before import = 0
Number of asset objects unloaded after import = 9
========================================================================
Received Import Request.
  Time since last request: 0.000019 seconds.
  path: Assets/AQUARIUM LAB TEXTURED/Aquarium Lab (Layout w fixed UVs) (1)_Material_Emission.1001.png
  artifactKey: Guid(e634e8bfcde63f24e959ac36d4007b0e) Importer(2089858483,0ecaa5967403d082aa24f35e1b516d23)
Start importing Assets/AQUARIUM LAB TEXTURED/Aquarium Lab (Layout w fixed UVs) (1)_Material_Emission.1001.png using Guid(e634e8bfcde63f24e959ac36d4007b0e) Importer(2089858483,0ecaa5967403d082aa24f35e1b516d23)  -> (artifact id: '3d0d4e4f59d58e579755582d8e16c97e') in 0.058304 seconds
Number of updated asset objects reloaded before import = 0
Number of asset objects unloaded after import = 1
========================================================================
Received Import Request.
  Time since last request: 0.000029 seconds.
  path: Assets/Materials/generators guide.png
  artifactKey: Guid(7b971387738d5e24a8290d761a2f2599) Importer(2089858483,0ecaa5967403d082aa24f35e1b516d23)
Start importing Assets/Materials/generators guide.png using Guid(7b971387738d5e24a8290d761a2f2599) Importer(2089858483,0ecaa5967403d082aa24f35e1b516d23)  -> (artifact id: '6149c721d9a8e86693bc2d7bbc5228cd') in 0.021525 seconds
Number of updated asset objects reloaded before import = 0
Number of asset objects unloaded after import = 1
========================================================================
Received Import Request.
  Time since last request: 0.000019 seconds.
  path: Assets/DPJYeM-blood-splatter.png
  artifactKey: Guid(1d23fa841439ae541a5e6f98667dfc3b) Importer(2089858483,0ecaa5967403d082aa24f35e1b516d23)
Start importing Assets/DPJYeM-blood-splatter.png using Guid(1d23fa841439ae541a5e6f98667dfc3b) Importer(2089858483,0ecaa5967403d082aa24f35e1b516d23)  -> (artifact id: 'da0f34740dad68357242973d0f5e7f88') in 0.018536 seconds
Number of updated asset objects reloaded before import = 0
Number of asset objects unloaded after import = 1
========================================================================
Received Import Request.
  Time since last request: 0.000016 seconds.
  path: Assets/Resources/DOTweenSettings.asset
  artifactKey: Guid(23204662605d0be4790f283b69ebae8e) Importer(2089858483,0ecaa5967403d082aa24f35e1b516d23)
Start importing Assets/Resources/DOTweenSettings.asset using Guid(23204662605d0be4790f283b69ebae8e) Importer(2089858483,0ecaa5967403d082aa24f35e1b516d23)  -> (artifact id: '85584811afc1dd52161e2c76ad5993f0') in 0.017168 seconds
Number of updated asset objects reloaded before import = 0
Number of asset objects unloaded after import = 1
========================================================================
Received Import Request.
  Time since last request: 0.000017 seconds.
  path: Assets/Prefabs/SoundEmitter.prefab
  artifactKey: Guid(9c24cda77957e7147ae757011cf75f47) Importer(2089858483,0ecaa5967403d082aa24f35e1b516d23)
Start importing Assets/Prefabs/SoundEmitter.prefab using Guid(9c24cda77957e7147ae757011cf75f47) Importer(2089858483,0ecaa5967403d082aa24f35e1b516d23)  -> (artifact id: '9ef50c0569f22068a7b921ff217eb701') in 0.024789 seconds
Number of updated asset objects reloaded before import = 0
Number of asset objects unloaded after import = 6
========================================================================
Received Import Request.
  Time since last request: 0.000020 seconds.
  path: Assets/FX/Blood.prefab
  artifactKey: Guid(f63ab21659a2289458a6eba2e3a768ee) Importer(2089858483,0ecaa5967403d082aa24f35e1b516d23)
Start importing Assets/FX/Blood.prefab using Guid(f63ab21659a2289458a6eba2e3a768ee) Importer(2089858483,0ecaa5967403d082aa24f35e1b516d23)  -> (artifact id: '5f6afbf26f68dbf4a2576af6296686a5') in 0.013646 seconds
Number of updated asset objects reloaded before import = 0
Number of asset objects unloaded after import = 9
========================================================================
Received Import Request.
  Time since last request: 0.000022 seconds.
  path: Assets/RenderTextures/LoadingScreen.renderTexture
  artifactKey: Guid(9ddfe1dc3dcaf494594566def6d6858d) Importer(2089858483,0ecaa5967403d082aa24f35e1b516d23)
Start importing Assets/RenderTextures/LoadingScreen.renderTexture using Guid(9ddfe1dc3dcaf494594566def6d6858d) Importer(2089858483,0ecaa5967403d082aa24f35e1b516d23)  -> (artifact id: '245855ee1d405fd44704ee708fb6c2db') in 0.120860 seconds
Number of updated asset objects reloaded before import = 0
Number of asset objects unloaded after import = 1
========================================================================
Received Import Request.
  Time since last request: 0.000023 seconds.
  path: Assets/QuickOutline/Readme.txt
  artifactKey: Guid(5933bfd39d7a5b843a0ed821f85bca19) Importer(2089858483,0ecaa5967403d082aa24f35e1b516d23)
Start importing Assets/QuickOutline/Readme.txt using Guid(5933bfd39d7a5b843a0ed821f85bca19) Importer(2089858483,0ecaa5967403d082aa24f35e1b516d23)  -> (artifact id: 'f708bfb80f9f919039f5544710f1b27c') in 0.031316 seconds
Number of updated asset objects reloaded before import = 0
Number of asset objects unloaded after import = 1
========================================================================
Received Import Request.
  Time since last request: 0.000031 seconds.
  path: Assets/Prefabs/Wire_Gate.fbx
  artifactKey: Guid(deec9e8112ed2764faa1888ed1e57efb) Importer(2089858483,0ecaa5967403d082aa24f35e1b516d23)
Start importing Assets/Prefabs/Wire_Gate.fbx using Guid(deec9e8112ed2764faa1888ed1e57efb) Importer(2089858483,0ecaa5967403d082aa24f35e1b516d23)  -> (artifact id: '51b511ca59b8c5cdc90f2a832efa58a9') in 0.038047 seconds
Number of updated asset objects reloaded before import = 0
Number of asset objects unloaded after import = 22
========================================================================
Received Import Request.
  Time since last request: 0.000030 seconds.
  path: Assets/Signals/BloodSplatter.signal
  artifactKey: Guid(ff41046b082ffd744802688348e4ef9a) Importer(2089858483,0ecaa5967403d082aa24f35e1b516d23)
Start importing Assets/Signals/BloodSplatter.signal using Guid(ff41046b082ffd744802688348e4ef9a) Importer(2089858483,0ecaa5967403d082aa24f35e1b516d23)  -> (artifact id: 'a139e61aa53f8f7c5f0e73bbdcbc26d5') in 0.014932 seconds
Number of updated asset objects reloaded before import = 0
Number of asset objects unloaded after import = 1
========================================================================
Received Import Request.
  Time since last request: 0.000024 seconds.
  path: Assets/New Folder/dead body_low_DefaultMaterial_Roughness.1001.png
  artifactKey: Guid(4d945ee19f3c7b841b453a9b1db29eea) Importer(2089858483,0ecaa5967403d082aa24f35e1b516d23)
Start importing Assets/New Folder/dead body_low_DefaultMaterial_Roughness.1001.png using Guid(4d945ee19f3c7b841b453a9b1db29eea) Importer(2089858483,0ecaa5967403d082aa24f35e1b516d23)  -> (artifact id: '6140ba62e6e96c71a3f8d598e3b4b9a7') in 0.080491 seconds
Number of updated asset objects reloaded before import = 0
Number of asset objects unloaded after import = 1
========================================================================
Received Import Request.
  Time since last request: 0.000026 seconds.
  path: Assets/LEVEL_2_3 MAP TEXTURE/LEVEL 2 AND 3 V2_DefaultMaterial_SpecularSmoothness.1001.png
  artifactKey: Guid(e61eca8101875ea45858b4e6d2097555) Importer(2089858483,0ecaa5967403d082aa24f35e1b516d23)
Start importing Assets/LEVEL_2_3 MAP TEXTURE/LEVEL 2 AND 3 V2_DefaultMaterial_SpecularSmoothness.1001.png using Guid(e61eca8101875ea45858b4e6d2097555) Importer(2089858483,0ecaa5967403d082aa24f35e1b516d23)  -> (artifact id: 'aed5859dd2e83910421d06aac3ff8c21') in 0.021766 seconds
Number of updated asset objects reloaded before import = 0
Number of asset objects unloaded after import = 1
========================================================================
Received Import Request.
  Time since last request: 0.000031 seconds.
  path: Assets/LEVEL_2_3 MAP TEXTURE/LEVEL 2 AND 3 V2.fbx
  artifactKey: Guid(e60ab96551b57964b897f4c758119e5b) Importer(2089858483,0ecaa5967403d082aa24f35e1b516d23)
Start importing Assets/LEVEL_2_3 MAP TEXTURE/LEVEL 2 AND 3 V2.fbx using Guid(e60ab96551b57964b897f4c758119e5b) Importer(2089858483,0ecaa5967403d082aa24f35e1b516d23)  -> (artifact id: '8d38e2e6c1b2bfdea390d35745c8f7ae') in 0.019450 seconds
Number of updated asset objects reloaded before import = 0
Number of asset objects unloaded after import = 14
========================================================================
Received Import Request.
  Time since last request: 0.000024 seconds.
  path: Assets/Materials/Emissive Screen.mat
  artifactKey: Guid(e7fc8a07a722f7246874a2cc1ca6d5ef) Importer(2089858483,0ecaa5967403d082aa24f35e1b516d23)
Start importing Assets/Materials/Emissive Screen.mat using Guid(e7fc8a07a722f7246874a2cc1ca6d5ef) Importer(2089858483,0ecaa5967403d082aa24f35e1b516d23)  -> (artifact id: '5f2875c3d6d6ff5a0a1866dc27c9893f') in 0.011838 seconds
Number of updated asset objects reloaded before import = 0
Number of asset objects unloaded after import = 1
========================================================================
Received Import Request.
  Time since last request: 0.000016 seconds.
  path: Assets/Materials/Emissive Red Light.mat
  artifactKey: Guid(c99c8c84e7e951040b317329be6872dc) Importer(2089858483,0ecaa5967403d082aa24f35e1b516d23)
Start importing Assets/Materials/Emissive Red Light.mat using Guid(c99c8c84e7e951040b317329be6872dc) Importer(2089858483,0ecaa5967403d082aa24f35e1b516d23)  -> (artifact id: '023c2f8f175d1f5d740c1ea0bb4c573e') in 0.012759 seconds
Number of updated asset objects reloaded before import = 0
Number of asset objects unloaded after import = 1
========================================================================
Received Import Request.
  Time since last request: 0.000017 seconds.
  path: Assets/Assets/Bed/medbay bed_DefaultMaterial_SpecularSmoothness.1001.png
  artifactKey: Guid(321bea30a0684da45b1a10c72ffd7b20) Importer(2089858483,0ecaa5967403d082aa24f35e1b516d23)
Start importing Assets/Assets/Bed/medbay bed_DefaultMaterial_SpecularSmoothness.1001.png using Guid(321bea30a0684da45b1a10c72ffd7b20) Importer(2089858483,0ecaa5967403d082aa24f35e1b516d23)  -> (artifact id: '06e28a63a2e8a8b27b0151610035e96b') in 0.019821 seconds
Number of updated asset objects reloaded before import = 0
Number of asset objects unloaded after import = 1
========================================================================
Received Import Request.
  Time since last request: 0.000022 seconds.
  path: Assets/Assets/Cylinder_Tank/Cylinder_Tank_Material.063_AlbedoTransparency.png
  artifactKey: Guid(ab3f4a6897fd6e949b59e219b3421cec) Importer(2089858483,0ecaa5967403d082aa24f35e1b516d23)
Start importing Assets/Assets/Cylinder_Tank/Cylinder_Tank_Material.063_AlbedoTransparency.png using Guid(ab3f4a6897fd6e949b59e219b3421cec) Importer(2089858483,0ecaa5967403d082aa24f35e1b516d23)  -> (artifact id: '61f4759f53f8f04165f135d451a3678b') in 0.028326 seconds
Number of updated asset objects reloaded before import = 0
Number of asset objects unloaded after import = 1
========================================================================
Received Import Request.
  Time since last request: 0.000040 seconds.
  path: Assets/Assets/Ceiling_Security_Camera/Security_Ceiling_Camera_DefaultMaterial_Normal.png
  artifactKey: Guid(51a79ca85fb510e4bbe44aaee6500311) Importer(2089858483,0ecaa5967403d082aa24f35e1b516d23)
Start importing Assets/Assets/Ceiling_Security_Camera/Security_Ceiling_Camera_DefaultMaterial_Normal.png using Guid(51a79ca85fb510e4bbe44aaee6500311) Importer(2089858483,0ecaa5967403d082aa24f35e1b516d23)  -> (artifact id: '5e1418cc92c0a311f617e56eb48d2683') in 0.081083 seconds
Number of updated asset objects reloaded before import = 0
Number of asset objects unloaded after import = 1
========================================================================
Received Import Request.
  Time since last request: 0.000020 seconds.
  path: Assets/Assets/Door/Door.fbx
  artifactKey: Guid(cecfea48f9b3c964fa548455d0439af8) Importer(2089858483,0ecaa5967403d082aa24f35e1b516d23)
Start importing Assets/Assets/Door/Door.fbx using Guid(cecfea48f9b3c964fa548455d0439af8) Importer(2089858483,0ecaa5967403d082aa24f35e1b516d23)  -> (artifact id: 'ca30ba898600b06ba7a7fd1c18c4ce7a') in 0.069435 seconds
Number of updated asset objects reloaded before import = 0
Number of asset objects unloaded after import = 22
========================================================================
Received Import Request.
  Time since last request: 0.000023 seconds.
  path: Assets/Assets/Bed/medbay bed_DefaultMaterial_Emission.1001.png
  artifactKey: Guid(424d06b537fe24e4dac1e2a2fa32f50d) Importer(2089858483,0ecaa5967403d082aa24f35e1b516d23)
Start importing Assets/Assets/Bed/medbay bed_DefaultMaterial_Emission.1001.png using Guid(424d06b537fe24e4dac1e2a2fa32f50d) Importer(2089858483,0ecaa5967403d082aa24f35e1b516d23)  -> (artifact id: '88b46e94a427800e5aa4447f2b6ec095') in 0.018949 seconds
Number of updated asset objects reloaded before import = 0
Number of asset objects unloaded after import = 1
========================================================================
Received Import Request.
  Time since last request: 0.000030 seconds.
  path: Assets/Assets/Bed/medbay bed_DefaultMaterial_AlbedoTransparency.1001.png
  artifactKey: Guid(b06110b41805d654c9efcded3b12865c) Importer(2089858483,0ecaa5967403d082aa24f35e1b516d23)
Start importing Assets/Assets/Bed/medbay bed_DefaultMaterial_AlbedoTransparency.1001.png using Guid(b06110b41805d654c9efcded3b12865c) Importer(2089858483,0ecaa5967403d082aa24f35e1b516d23)  -> (artifact id: '5188a3e0499ab8464ca90ea7d14c489d') in 0.021184 seconds
Number of updated asset objects reloaded before import = 0
Number of asset objects unloaded after import = 1
========================================================================
Received Import Request.
  Time since last request: 0.000028 seconds.
  path: Assets/Timelines/IntroTimelineLevel1.playable
  artifactKey: Guid(a246ce7969900fd499c5d6707734d67b) Importer(2089858483,0ecaa5967403d082aa24f35e1b516d23)
Start importing Assets/Timelines/IntroTimelineLevel1.playable using Guid(a246ce7969900fd499c5d6707734d67b) Importer(2089858483,0ecaa5967403d082aa24f35e1b516d23)  -> (artifact id: 'bc792e63aafa24fcf2ec3601d3dc5344') in 0.016296 seconds
Number of updated asset objects reloaded before import = 0
Number of asset objects unloaded after import = 6
========================================================================
Received Import Request.
  Time since last request: 0.000019 seconds.
  path: Assets/Assets/Ceiling_Security_Camera/Security_Ceiling_Camera_DefaultMaterial_AlbedoTransparency.png
  artifactKey: Guid(8030d8c1b9f9d854bb32bab233eee3eb) Importer(2089858483,0ecaa5967403d082aa24f35e1b516d23)
Start importing Assets/Assets/Ceiling_Security_Camera/Security_Ceiling_Camera_DefaultMaterial_AlbedoTransparency.png using Guid(8030d8c1b9f9d854bb32bab233eee3eb) Importer(2089858483,0ecaa5967403d082aa24f35e1b516d23)  -> (artifact id: '04b93aa68f83b3a61f40bb48bf587708') in 0.302060 seconds
Number of updated asset objects reloaded before import = 0
Number of asset objects unloaded after import = 1
========================================================================
Received Import Request.
  Time since last request: 0.000018 seconds.
  path: Assets/InputSystem.inputsettings.asset
  artifactKey: Guid(164882e17cf59f848b6a26b5afbba862) Importer(2089858483,0ecaa5967403d082aa24f35e1b516d23)
Start importing Assets/InputSystem.inputsettings.asset using Guid(164882e17cf59f848b6a26b5afbba862) Importer(2089858483,0ecaa5967403d082aa24f35e1b516d23)  -> (artifact id: 'fa08eb2083dfe178eff95489745c5dae') in 0.015068 seconds
Number of updated asset objects reloaded before import = 0
Number of asset objects unloaded after import = 1
========================================================================
Received Import Request.
  Time since last request: 0.000027 seconds.
  path: Assets/Prefabs/LoadingScreen.prefab
  artifactKey: Guid(28e1d46aa419b774885db8add7b3f027) Importer(2089858483,0ecaa5967403d082aa24f35e1b516d23)
Start importing Assets/Prefabs/LoadingScreen.prefab using Guid(28e1d46aa419b774885db8add7b3f027) Importer(2089858483,0ecaa5967403d082aa24f35e1b516d23)  -> (artifact id: 'b206ae4b53532d0e45d938ee069eea03') in 0.070753 seconds
Number of updated asset objects reloaded before import = 0
Number of asset objects unloaded after import = 65
========================================================================
Received Import Request.
  Time since last request: 0.000022 seconds.
  path: Assets/Assets/Hospital_Curtain/Hospital_Curtains_Material.060_Emission.png
  artifactKey: Guid(7fb367c421cb8244cbbb9cf5f644ce18) Importer(2089858483,0ecaa5967403d082aa24f35e1b516d23)
Start importing Assets/Assets/Hospital_Curtain/Hospital_Curtains_Material.060_Emission.png using Guid(7fb367c421cb8244cbbb9cf5f644ce18) Importer(2089858483,0ecaa5967403d082aa24f35e1b516d23)  -> (artifact id: '37859988a244f5a5b86ce9a10f680f02') in 0.019706 seconds
Number of updated asset objects reloaded before import = 0
Number of asset objects unloaded after import = 1
========================================================================
Received Import Request.
  Time since last request: 0.000015 seconds.
  path: Assets/Assets/Door/Door_Material.043_AlbedoTransparency.png
  artifactKey: Guid(85d621339d9bf6b40846b3530d0f2a6d) Importer(2089858483,0ecaa5967403d082aa24f35e1b516d23)
Start importing Assets/Assets/Door/Door_Material.043_AlbedoTransparency.png using Guid(85d621339d9bf6b40846b3530d0f2a6d) Importer(2089858483,0ecaa5967403d082aa24f35e1b516d23)  -> (artifact id: '286687539854da33af3834a9d7607618') in 0.076970 seconds
Number of updated asset objects reloaded before import = 0
Number of asset objects unloaded after import = 1
========================================================================
Received Import Request.
  Time since last request: 0.000019 seconds.
  path: Assets/Assets/Door/Door_Material.016_MetallicSmoothness.png
  artifactKey: Guid(b4df9bbfe78d3bb4da8df142a01736f0) Importer(2089858483,0ecaa5967403d082aa24f35e1b516d23)
Start importing Assets/Assets/Door/Door_Material.016_MetallicSmoothness.png using Guid(b4df9bbfe78d3bb4da8df142a01736f0) Importer(2089858483,0ecaa5967403d082aa24f35e1b516d23)  -> (artifact id: '211db2573466e46c1a39b896ed172245') in 0.063669 seconds
Number of updated asset objects reloaded before import = 0
Number of asset objects unloaded after import = 1
========================================================================
Received Import Request.
  Time since last request: 0.000028 seconds.
  path: Assets/Assets/Door/Door_Material.044_AlbedoTransparency.png
  artifactKey: Guid(155f256ae85dc2e4eb2013a909c567f3) Importer(2089858483,0ecaa5967403d082aa24f35e1b516d23)
Start importing Assets/Assets/Door/Door_Material.044_AlbedoTransparency.png using Guid(155f256ae85dc2e4eb2013a909c567f3) Importer(2089858483,0ecaa5967403d082aa24f35e1b516d23)  -> (artifact id: '089289936f0455b1634c08bf4e505bae') in 0.057688 seconds
Number of updated asset objects reloaded before import = 0
Number of asset objects unloaded after import = 1
========================================================================
Received Import Request.
  Time since last request: 0.000018 seconds.
  path: Assets/Assets/Hospital_Curtain/Hospital_Curtains_Material.059_AmbientOcclusion.png
  artifactKey: Guid(19eb34e66a6b8cc489b7e08c2e2cfd99) Importer(2089858483,0ecaa5967403d082aa24f35e1b516d23)
Start importing Assets/Assets/Hospital_Curtain/Hospital_Curtains_Material.059_AmbientOcclusion.png using Guid(19eb34e66a6b8cc489b7e08c2e2cfd99) Importer(2089858483,0ecaa5967403d082aa24f35e1b516d23)  -> (artifact id: '6f6f5f42dda1a155c3105a18403b1e37') in 0.022529 seconds
Number of updated asset objects reloaded before import = 0
Number of asset objects unloaded after import = 1
========================================================================
Received Import Request.
  Time since last request: 0.000017 seconds.
  path: Assets/Materials/blood splatter 2.mat
  artifactKey: Guid(829fa8dffb9168347b513b30a85f4723) Importer(2089858483,0ecaa5967403d082aa24f35e1b516d23)
Start importing Assets/Materials/blood splatter 2.mat using Guid(829fa8dffb9168347b513b30a85f4723) Importer(2089858483,0ecaa5967403d082aa24f35e1b516d23)  -> (artifact id: '3e515f174ac23a31ab2f8397043115cc') in 0.033298 seconds
Number of updated asset objects reloaded before import = 0
Number of asset objects unloaded after import = 1
========================================================================
Received Import Request.
  Time since last request: 0.000014 seconds.
  path: Assets/Settings/URP-Underwater.asset
  artifactKey: Guid(0a9c12e999f332e4fa49dd4f01c15c32) Importer(2089858483,0ecaa5967403d082aa24f35e1b516d23)
Start importing Assets/Settings/URP-Underwater.asset using Guid(0a9c12e999f332e4fa49dd4f01c15c32) Importer(2089858483,0ecaa5967403d082aa24f35e1b516d23)  -> (artifact id: '3690027c8d8dae7c88fb3ecf08035c9e') in 0.038150 seconds
Number of updated asset objects reloaded before import = 0
Number of asset objects unloaded after import = 5
========================================================================
Received Import Request.
  Time since last request: 0.000020 seconds.
  path: Assets/Assets/Cylinder_Tank/Cylinder_Tank.fbx
  artifactKey: Guid(40dbd2a037c55714ebf3d3a04c93374f) Importer(2089858483,0ecaa5967403d082aa24f35e1b516d23)
Start importing Assets/Assets/Cylinder_Tank/Cylinder_Tank.fbx using Guid(40dbd2a037c55714ebf3d3a04c93374f) Importer(2089858483,0ecaa5967403d082aa24f35e1b516d23)  -> (artifact id: '48b939a8c02391c5237db07a80146f11') in 0.031134 seconds
Number of updated asset objects reloaded before import = 0
Number of asset objects unloaded after import = 8
========================================================================
Received Import Request.
  Time since last request: 0.000019 seconds.
  path: Assets/Prefabs/Wire_Fence.fbx
  artifactKey: Guid(60f540037879d7f43abe1868b53f62b4) Importer(2089858483,0ecaa5967403d082aa24f35e1b516d23)
Start importing Assets/Prefabs/Wire_Fence.fbx using Guid(60f540037879d7f43abe1868b53f62b4) Importer(2089858483,0ecaa5967403d082aa24f35e1b516d23)  -> (artifact id: '2e3c22ded9771b3024ae73ad707fe8db') in 0.019437 seconds
Number of updated asset objects reloaded before import = 0
Number of asset objects unloaded after import = 7
========================================================================
Received Import Request.
  Time since last request: 0.000027 seconds.
  path: Assets/LEVEL_2_3 MAP TEXTURE/New Material.mat
  artifactKey: Guid(da034c86e85abd04f8220df09f681c45) Importer(2089858483,0ecaa5967403d082aa24f35e1b516d23)
Start importing Assets/LEVEL_2_3 MAP TEXTURE/New Material.mat using Guid(da034c86e85abd04f8220df09f681c45) Importer(2089858483,0ecaa5967403d082aa24f35e1b516d23)  -> (artifact id: '9bcce8bffb474b79babf562f9aabe1b0') in 0.023910 seconds
Number of updated asset objects reloaded before import = 0
Number of asset objects unloaded after import = 4
========================================================================
Received Import Request.
  Time since last request: 0.000017 seconds.
  path: Assets/AQUARIUM LAB TEXTURED/Aquarium Lab.fbx
  artifactKey: Guid(70eb20ea1df7aba41864572872845a3a) Importer(2089858483,0ecaa5967403d082aa24f35e1b516d23)
Start importing Assets/AQUARIUM LAB TEXTURED/Aquarium Lab.fbx using Guid(70eb20ea1df7aba41864572872845a3a) Importer(2089858483,0ecaa5967403d082aa24f35e1b516d23)  -> (artifact id: '67859d2a86506bad4fc8d82d3785d34b') in 0.058174 seconds
Number of updated asset objects reloaded before import = 0
Number of asset objects unloaded after import = 14
========================================================================
Received Import Request.
  Time since last request: 0.000017 seconds.
  path: Assets/New Folder/dead body_low_DefaultMaterial_Metallic.1001.png
  artifactKey: Guid(78c87f6403080104d9aae1231dd7cadc) Importer(2089858483,0ecaa5967403d082aa24f35e1b516d23)
Start importing Assets/New Folder/dead body_low_DefaultMaterial_Metallic.1001.png using Guid(78c87f6403080104d9aae1231dd7cadc) Importer(2089858483,0ecaa5967403d082aa24f35e1b516d23)  -> (artifact id: '9cd1bb4b51f59b83dac5b722b3168c0b') in 0.077916 seconds
Number of updated asset objects reloaded before import = 0
Number of asset objects unloaded after import = 1
========================================================================
Received Import Request.
  Time since last request: 0.000019 seconds.
  path: Assets/EndDialogue.signal
  artifactKey: Guid(92a8dc8687fac46479dbfa7ab5e8544f) Importer(2089858483,0ecaa5967403d082aa24f35e1b516d23)
Start importing Assets/EndDialogue.signal using Guid(92a8dc8687fac46479dbfa7ab5e8544f) Importer(2089858483,0ecaa5967403d082aa24f35e1b516d23)  -> (artifact id: 'dbf93f98b3f59911935a49d30536521a') in 0.011843 seconds
Number of updated asset objects reloaded before import = 0
Number of asset objects unloaded after import = 1
========================================================================
Received Import Request.
  Time since last request: 0.000031 seconds.
  path: Assets/Materials/Metal Barricade.mat
  artifactKey: Guid(138568e8c3f816247905b624b0c5343a) Importer(2089858483,0ecaa5967403d082aa24f35e1b516d23)
Start importing Assets/Materials/Metal Barricade.mat using Guid(138568e8c3f816247905b624b0c5343a) Importer(2089858483,0ecaa5967403d082aa24f35e1b516d23)  -> (artifact id: '8ff048d2df9730c7b46cc409f75ad7b1') in 0.015636 seconds
Number of updated asset objects reloaded before import = 0
Number of asset objects unloaded after import = 1
========================================================================
Received Import Request.
  Time since last request: 0.000020 seconds.
  path: Assets/Assets/Hospital_Curtain/Hospital_Curtains_Material.059_Normal.png
  artifactKey: Guid(82f4d69a4a6098f4e90f4f080590e7a8) Importer(2089858483,0ecaa5967403d082aa24f35e1b516d23)
Start importing Assets/Assets/Hospital_Curtain/Hospital_Curtains_Material.059_Normal.png using Guid(82f4d69a4a6098f4e90f4f080590e7a8) Importer(2089858483,0ecaa5967403d082aa24f35e1b516d23)  -> (artifact id: '5087f15218a4d359237e1c876d1198ea') in 0.021468 seconds
Number of updated asset objects reloaded before import = 0
Number of asset objects unloaded after import = 1
========================================================================
Received Import Request.
  Time since last request: 0.000018 seconds.
  path: Assets/Assets/Door/Door_Material.016_Normal.png
  artifactKey: Guid(3cb9f976c99c5474091cd109b09e9bc2) Importer(2089858483,0ecaa5967403d082aa24f35e1b516d23)
Start importing Assets/Assets/Door/Door_Material.016_Normal.png using Guid(3cb9f976c99c5474091cd109b09e9bc2) Importer(2089858483,0ecaa5967403d082aa24f35e1b516d23)  -> (artifact id: 'ce2f674f3a89dee0716b36789929bfa4') in 0.070577 seconds
Number of updated asset objects reloaded before import = 0
Number of asset objects unloaded after import = 1
========================================================================
Received Import Request.
  Time since last request: 0.000016 seconds.
  path: Assets/Settings/URP-Balanced-Renderer.asset
  artifactKey: Guid(e634585d5c4544dd297acaee93dc2beb) Importer(2089858483,0ecaa5967403d082aa24f35e1b516d23)
Start importing Assets/Settings/URP-Balanced-Renderer.asset using Guid(e634585d5c4544dd297acaee93dc2beb) Importer(2089858483,0ecaa5967403d082aa24f35e1b516d23)  -> (artifact id: 'b691a2b378243ed64e08295e6c6bcc58') in 0.020069 seconds
Number of updated asset objects reloaded before import = 0
Number of asset objects unloaded after import = 2
========================================================================
Received Import Request.
  Time since last request: 0.000018 seconds.
  path: Assets/Assets/Door/Door_Material.044_Emission.png
  artifactKey: Guid(c369db3105865254d9dca313bc702b9f) Importer(2089858483,0ecaa5967403d082aa24f35e1b516d23)
Start importing Assets/Assets/Door/Door_Material.044_Emission.png using Guid(c369db3105865254d9dca313bc702b9f) Importer(2089858483,0ecaa5967403d082aa24f35e1b516d23)  -> (artifact id: '2bac9e770556b991f734075ad4d7fc40') in 0.131555 seconds
Number of updated asset objects reloaded before import = 0
Number of asset objects unloaded after import = 1
========================================================================
Received Import Request.
  Time since last request: 0.000026 seconds.
  path: Assets/Assets/ID_Scanner/ID_Scanner_Slim_Material.040_AlbedoTransparency.png
  artifactKey: Guid(36a89df8af8c1004fbc25de6aecc9367) Importer(2089858483,0ecaa5967403d082aa24f35e1b516d23)
Start importing Assets/Assets/ID_Scanner/ID_Scanner_Slim_Material.040_AlbedoTransparency.png using Guid(36a89df8af8c1004fbc25de6aecc9367) Importer(2089858483,0ecaa5967403d082aa24f35e1b516d23)  -> (artifact id: 'cb870a28fa911ef5bfbdf949b71b6735') in 0.020390 seconds
Number of updated asset objects reloaded before import = 0
Number of asset objects unloaded after import = 1
========================================================================
Received Import Request.
  Time since last request: 0.000028 seconds.
  path: Assets/Assets/Kitchen_Fridge/Kitchen_Fridge_Material.053_MetallicSmoothness.png
  artifactKey: Guid(c4c999d25fd5cc24fa941c1b91927951) Importer(2089858483,0ecaa5967403d082aa24f35e1b516d23)
Start importing Assets/Assets/Kitchen_Fridge/Kitchen_Fridge_Material.053_MetallicSmoothness.png using Guid(c4c999d25fd5cc24fa941c1b91927951) Importer(2089858483,0ecaa5967403d082aa24f35e1b516d23)  -> (artifact id: '6a17c143d76441f2756f6f18faf37ed0') in 0.066489 seconds
Number of updated asset objects reloaded before import = 0
Number of asset objects unloaded after import = 1
========================================================================
Received Import Request.
  Time since last request: 0.000016 seconds.
  path: Assets/Assets/Kitchen_Fridge/Kitchen_Fridge_Material.053_Emission.png
  artifactKey: Guid(ee70ea5cfd409944d80307a8c2251095) Importer(2089858483,0ecaa5967403d082aa24f35e1b516d23)
Start importing Assets/Assets/Kitchen_Fridge/Kitchen_Fridge_Material.053_Emission.png using Guid(ee70ea5cfd409944d80307a8c2251095) Importer(2089858483,0ecaa5967403d082aa24f35e1b516d23)  -> (artifact id: 'd2af62b5019d483260fc63e7bba043f7') in 0.076992 seconds
Number of updated asset objects reloaded before import = 0
Number of asset objects unloaded after import = 1
========================================================================
Received Import Request.
  Time since last request: 0.000018 seconds.
  path: Assets/Assets/ID_Scanner/ID_Scanner_Slim_Material.042_AlbedoTransparency.png
  artifactKey: Guid(e4a62b8bd1e70424bb186152f284812e) Importer(2089858483,0ecaa5967403d082aa24f35e1b516d23)
Start importing Assets/Assets/ID_Scanner/ID_Scanner_Slim_Material.042_AlbedoTransparency.png using Guid(e4a62b8bd1e70424bb186152f284812e) Importer(2089858483,0ecaa5967403d082aa24f35e1b516d23)  -> (artifact id: 'ab2385874047a531ab517c30c2ae4004') in 0.042640 seconds
Number of updated asset objects reloaded before import = 0
Number of asset objects unloaded after import = 1
========================================================================
Received Import Request.
  Time since last request: 0.000020 seconds.
  path: Assets/Assets/Kitchen_Fridge/Kitchen_Fridge_Material.053_Normal.png
  artifactKey: Guid(971cdc31bc5fced4fa640df224308523) Importer(2089858483,0ecaa5967403d082aa24f35e1b516d23)
Start importing Assets/Assets/Kitchen_Fridge/Kitchen_Fridge_Material.053_Normal.png using Guid(971cdc31bc5fced4fa640df224308523) Importer(2089858483,0ecaa5967403d082aa24f35e1b516d23)  -> (artifact id: '18d8ab06b22cc93c20d4281cd01a5426') in 0.125583 seconds
Number of updated asset objects reloaded before import = 0
Number of asset objects unloaded after import = 1
========================================================================
Received Import Request.
  Time since last request: 0.000030 seconds.
  path: Assets/Assets/Kitchen_Sink/Kitchen_Sink_Material.050_Normal.png
  artifactKey: Guid(a7cfb87e02ca9e247b01e6a02eb23589) Importer(2089858483,0ecaa5967403d082aa24f35e1b516d23)
Start importing Assets/Assets/Kitchen_Sink/Kitchen_Sink_Material.050_Normal.png using Guid(a7cfb87e02ca9e247b01e6a02eb23589) Importer(2089858483,0ecaa5967403d082aa24f35e1b516d23)  -> (artifact id: '27c6b19bbc911318b9f1dcafd1592dba') in 0.163734 seconds
Number of updated asset objects reloaded before import = 0
Number of asset objects unloaded after import = 1
========================================================================
Received Import Request.
  Time since last request: 0.000015 seconds.
  path: Assets/Assets/Kitchen_Sink/Kitchen_Sink_Material.050_MetallicSmoothness.png
  artifactKey: Guid(4c6911e4751044d46bc24adaff7114a1) Importer(2089858483,0ecaa5967403d082aa24f35e1b516d23)
Start importing Assets/Assets/Kitchen_Sink/Kitchen_Sink_Material.050_MetallicSmoothness.png using Guid(4c6911e4751044d46bc24adaff7114a1) Importer(2089858483,0ecaa5967403d082aa24f35e1b516d23)  -> (artifact id: '0059635308bc4d40facb9d3ae2ab9fea') in 0.075926 seconds
Number of updated asset objects reloaded before import = 0
Number of asset objects unloaded after import = 1
========================================================================
Received Import Request.
  Time since last request: 0.000022 seconds.
  path: Assets/Materials/DPJYeM-blood-splatter.mat
  artifactKey: Guid(cd24befd576be8743908f09c824bf85a) Importer(2089858483,0ecaa5967403d082aa24f35e1b516d23)
Start importing Assets/Materials/DPJYeM-blood-splatter.mat using Guid(cd24befd576be8743908f09c824bf85a) Importer(2089858483,0ecaa5967403d082aa24f35e1b516d23)  -> (artifact id: 'cf436843a06333d032d43fc64ad6aca8') in 0.015683 seconds
Number of updated asset objects reloaded before import = 0
Number of asset objects unloaded after import = 2
========================================================================
Received Import Request.
  Time since last request: 0.000025 seconds.
  path: Assets/Prefabs/PauseMenu.prefab
  artifactKey: Guid(48bc2495fcbe31b419b2db0b7ba80196) Importer(2089858483,0ecaa5967403d082aa24f35e1b516d23)
Start importing Assets/Prefabs/PauseMenu.prefab using Guid(48bc2495fcbe31b419b2db0b7ba80196) Importer(2089858483,0ecaa5967403d082aa24f35e1b516d23)  -> (artifact id: 'aeea2a565fe9674d8983ff947ca13bc2') in 0.042033 seconds
Number of updated asset objects reloaded before import = 0
Number of asset objects unloaded after import = 219
========================================================================
Received Import Request.
  Time since last request: 0.000016 seconds.
  path: Assets/Assets/Kitchen_Stove/Kitchen_Stove_DefaultMaterial_Emission.1001.png
  artifactKey: Guid(9f443f1b3bd935c478a88a61db606966) Importer(2089858483,0ecaa5967403d082aa24f35e1b516d23)
Start importing Assets/Assets/Kitchen_Stove/Kitchen_Stove_DefaultMaterial_Emission.1001.png using Guid(9f443f1b3bd935c478a88a61db606966) Importer(2089858483,0ecaa5967403d082aa24f35e1b516d23)  -> (artifact id: '718a26e0480eaa338cd8f52d7570b187') in 0.412392 seconds
Number of updated asset objects reloaded before import = 0
Number of asset objects unloaded after import = 1
========================================================================
Received Import Request.
  Time since last request: 0.000017 seconds.
  path: Assets/Assets/Kitchen_Stove/Kitchen_Stove.fbx
  artifactKey: Guid(4c43caebba673914c8a062432806daf9) Importer(2089858483,0ecaa5967403d082aa24f35e1b516d23)
Start importing Assets/Assets/Kitchen_Stove/Kitchen_Stove.fbx using Guid(4c43caebba673914c8a062432806daf9) Importer(2089858483,0ecaa5967403d082aa24f35e1b516d23)  -> (artifact id: '2a361c6d1a17a221b9176231ff20e4dc') in 0.167179 seconds
Number of updated asset objects reloaded before import = 0
Number of asset objects unloaded after import = 7
========================================================================
Received Import Request.
  Time since last request: 0.000027 seconds.
  path: Assets/Assets/Bed/Bed.fbx
  artifactKey: Guid(fa70aece39a73b041a31709cc8b930ae) Importer(2089858483,0ecaa5967403d082aa24f35e1b516d23)
Start importing Assets/Assets/Bed/Bed.fbx using Guid(fa70aece39a73b041a31709cc8b930ae) Importer(2089858483,0ecaa5967403d082aa24f35e1b516d23)  -> (artifact id: 'b655207de7bf1f3254c4ba64217c3742') in 0.017829 seconds
Number of updated asset objects reloaded before import = 0
Number of asset objects unloaded after import = 7
========================================================================
Received Import Request.
  Time since last request: 0.000019 seconds.
  path: Assets/Assets/Hospital_Curtain/Hospital_Curtains_Material.060_MetallicSmoothness.png
  artifactKey: Guid(82e1d1ad16308cc4dbb582fc4240319d) Importer(2089858483,0ecaa5967403d082aa24f35e1b516d23)
Start importing Assets/Assets/Hospital_Curtain/Hospital_Curtains_Material.060_MetallicSmoothness.png using Guid(82e1d1ad16308cc4dbb582fc4240319d) Importer(2089858483,0ecaa5967403d082aa24f35e1b516d23)  -> (artifact id: '3651b3732d8d2cdbc19b4701fe195489') in 0.017670 seconds
Number of updated asset objects reloaded before import = 0
Number of asset objects unloaded after import = 1
========================================================================
Received Import Request.
  Time since last request: 0.000015 seconds.
  path: Assets/Assets/Kitchen_Fridge/Kitchen_Fridge_Material.052_MetallicSmoothness.png
  artifactKey: Guid(1dc84b775da845e4d9b928579e5bc8a6) Importer(2089858483,0ecaa5967403d082aa24f35e1b516d23)
Start importing Assets/Assets/Kitchen_Fridge/Kitchen_Fridge_Material.052_MetallicSmoothness.png using Guid(1dc84b775da845e4d9b928579e5bc8a6) Importer(2089858483,0ecaa5967403d082aa24f35e1b516d23)  -> (artifact id: 'f55e8f2ecc4edbc69660ceb9d18e4714') in 0.182149 seconds
Number of updated asset objects reloaded before import = 0
Number of asset objects unloaded after import = 1
========================================================================
Received Import Request.
  Time since last request: 0.000017 seconds.
  path: Assets/GameInput.inputactions
  artifactKey: Guid(4419d82f33d36e848b3ed5af4c8da37e) Importer(2089858483,0ecaa5967403d082aa24f35e1b516d23)
Start importing Assets/GameInput.inputactions using Guid(4419d82f33d36e848b3ed5af4c8da37e) Importer(2089858483,0ecaa5967403d082aa24f35e1b516d23)  -> (artifact id: 'fb42bad573c63429834985cca03fbc43') in 0.027275 seconds
Number of updated asset objects reloaded before import = 0
Number of asset objects unloaded after import = 17
========================================================================
Received Import Request.
  Time since last request: 0.000024 seconds.
  path: Assets/Materials/pirate ship ride poster.png
  artifactKey: Guid(89e724996f92f194896b7894c1bdfe85) Importer(2089858483,0ecaa5967403d082aa24f35e1b516d23)
Start importing Assets/Materials/pirate ship ride poster.png using Guid(89e724996f92f194896b7894c1bdfe85) Importer(2089858483,0ecaa5967403d082aa24f35e1b516d23)  -> (artifact id: '62ae17af4298a26597461325b8cab033') in 0.019554 seconds
Number of updated asset objects reloaded before import = 0
Number of asset objects unloaded after import = 1
========================================================================
Received Import Request.
  Time since last request: 0.000018 seconds.
  path: Assets/Assets/Laboratory_Table/Laboratory_Table_Material.055_AlbedoTransparency.png
  artifactKey: Guid(acca194843b2a6249b00135ce0c31167) Importer(2089858483,0ecaa5967403d082aa24f35e1b516d23)
Start importing Assets/Assets/Laboratory_Table/Laboratory_Table_Material.055_AlbedoTransparency.png using Guid(acca194843b2a6249b00135ce0c31167) Importer(2089858483,0ecaa5967403d082aa24f35e1b516d23)  -> (artifact id: '4d792bd43a534c25f7e3b3fa2b852811') in 0.028822 seconds
Number of updated asset objects reloaded before import = 0
Number of asset objects unloaded after import = 1
========================================================================
Received Import Request.
  Time since last request: 0.000017 seconds.
  path: Assets/Assets/Laboratory_Table/Laboratory_Table_Material.056_MetallicSmoothness.png
  artifactKey: Guid(af3cebfd4d1a61c438127b8ede370696) Importer(2089858483,0ecaa5967403d082aa24f35e1b516d23)
Start importing Assets/Assets/Laboratory_Table/Laboratory_Table_Material.056_MetallicSmoothness.png using Guid(af3cebfd4d1a61c438127b8ede370696) Importer(2089858483,0ecaa5967403d082aa24f35e1b516d23)  -> (artifact id: '0e854af6aaa4ef81b0872cd3959b1886') in 0.024885 seconds
Number of updated asset objects reloaded before import = 0
Number of asset objects unloaded after import = 1
========================================================================
Received Import Request.
  Time since last request: 0.000018 seconds.
  path: Assets/Assets/Laboratory_Table/Laboratory_Table_Material.023_Normal.png
  artifactKey: Guid(cd74fcb377276b44399a58686dcd538c) Importer(2089858483,0ecaa5967403d082aa24f35e1b516d23)
Start importing Assets/Assets/Laboratory_Table/Laboratory_Table_Material.023_Normal.png using Guid(cd74fcb377276b44399a58686dcd538c) Importer(2089858483,0ecaa5967403d082aa24f35e1b516d23)  -> (artifact id: 'e96e45a1585afda1716aedd6661921ca') in 0.020188 seconds
Number of updated asset objects reloaded before import = 0
Number of asset objects unloaded after import = 1
========================================================================
Received Import Request.
  Time since last request: 0.000021 seconds.
  path: Assets/Assets/Laboratory_Table/Laboratory_Table_Material.056_AmbientOcclusion.png
  artifactKey: Guid(b82f655f14771d342b26cffe785b8753) Importer(2089858483,0ecaa5967403d082aa24f35e1b516d23)
Start importing Assets/Assets/Laboratory_Table/Laboratory_Table_Material.056_AmbientOcclusion.png using Guid(b82f655f14771d342b26cffe785b8753) Importer(2089858483,0ecaa5967403d082aa24f35e1b516d23)  -> (artifact id: '4b858be8ab362ed78e636f53e2c0155a') in 0.024374 seconds
Number of updated asset objects reloaded before import = 0
Number of asset objects unloaded after import = 1
========================================================================
Received Import Request.
  Time since last request: 0.000032 seconds.
  path: Assets/Resources/Level1Hints.asset
  artifactKey: Guid(d9e961ab625c3064f8cc197c10de6a06) Importer(2089858483,0ecaa5967403d082aa24f35e1b516d23)
Start importing Assets/Resources/Level1Hints.asset using Guid(d9e961ab625c3064f8cc197c10de6a06) Importer(2089858483,0ecaa5967403d082aa24f35e1b516d23)  -> (artifact id: 'f57ee606f370467399ae23e71c82a5c5') in 0.017359 seconds
Number of updated asset objects reloaded before import = 0
Number of asset objects unloaded after import = 1
========================================================================
Received Import Request.
  Time since last request: 0.000015 seconds.
  path: Assets/Assets/Ceiling_Security_Camera/Security_Ceiling_Camera_DefaultMaterial_Emission.png
  artifactKey: Guid(b006affa5e354bc4c8a3980460dedce6) Importer(2089858483,0ecaa5967403d082aa24f35e1b516d23)
Start importing Assets/Assets/Ceiling_Security_Camera/Security_Ceiling_Camera_DefaultMaterial_Emission.png using Guid(b006affa5e354bc4c8a3980460dedce6) Importer(2089858483,0ecaa5967403d082aa24f35e1b516d23)  -> (artifact id: '5e65732a37cd032c00fe763962091b6b') in 0.183604 seconds
Number of updated asset objects reloaded before import = 0
Number of asset objects unloaded after import = 1
========================================================================
Received Import Request.
  Time since last request: 0.000023 seconds.
  path: Assets/Assets/Hospital_Curtain/Hospital_Curtains_Material.059_AlbedoTransparency.png
  artifactKey: Guid(b72d9f148b07c734a9c0d381ebddc9ef) Importer(2089858483,0ecaa5967403d082aa24f35e1b516d23)
Start importing Assets/Assets/Hospital_Curtain/Hospital_Curtains_Material.059_AlbedoTransparency.png using Guid(b72d9f148b07c734a9c0d381ebddc9ef) Importer(2089858483,0ecaa5967403d082aa24f35e1b516d23)  -> (artifact id: 'd5d93ddb2ba0a6e3e6b9c6a8d8bb1a7e') in 0.068287 seconds
Number of updated asset objects reloaded before import = 0
Number of asset objects unloaded after import = 1
========================================================================
Received Import Request.
  Time since last request: 0.000030 seconds.
  path: Assets/Assets/Laboratory_Table/Laboratory_Table_Material.058_Normal.png
  artifactKey: Guid(4b8cb25be0f9d45479f89a9672fd0f12) Importer(2089858483,0ecaa5967403d082aa24f35e1b516d23)
Start importing Assets/Assets/Laboratory_Table/Laboratory_Table_Material.058_Normal.png using Guid(4b8cb25be0f9d45479f89a9672fd0f12) Importer(2089858483,0ecaa5967403d082aa24f35e1b516d23)  -> (artifact id: '475323ccb88dccf1d42c7545aec79c60') in 0.025068 seconds
Number of updated asset objects reloaded before import = 0
Number of asset objects unloaded after import = 1
========================================================================
Received Import Request.
  Time since last request: 0.000021 seconds.
  path: Assets/Assets/Oxygen_Tank/Oxygen_Tank_Material.062_Emission.png
  artifactKey: Guid(482a746b005a00447828605dce9c49ba) Importer(2089858483,0ecaa5967403d082aa24f35e1b516d23)
Start importing Assets/Assets/Oxygen_Tank/Oxygen_Tank_Material.062_Emission.png using Guid(482a746b005a00447828605dce9c49ba) Importer(2089858483,0ecaa5967403d082aa24f35e1b516d23)  -> (artifact id: '3be37d91880abc99deef866dd040ef0f') in 0.024253 seconds
Number of updated asset objects reloaded before import = 0
Number of asset objects unloaded after import = 1
========================================================================
Received Import Request.
  Time since last request: 0.000019 seconds.
  path: Assets/AQUARIUM LAB TEXTURED/Aquarium Lab (Layout w fixed UVs) (1)_Material_SpecularSmoothness.1001.png
  artifactKey: Guid(aaca8d3077210c144a95e5c5e1667238) Importer(2089858483,0ecaa5967403d082aa24f35e1b516d23)
Start importing Assets/AQUARIUM LAB TEXTURED/Aquarium Lab (Layout w fixed UVs) (1)_Material_SpecularSmoothness.1001.png using Guid(aaca8d3077210c144a95e5c5e1667238) Importer(2089858483,0ecaa5967403d082aa24f35e1b516d23)  -> (artifact id: '7b52c5dc22b3d7516e3f937b9b5eed6f') in 0.090688 seconds
Number of updated asset objects reloaded before import = 0
Number of asset objects unloaded after import = 1
========================================================================
Received Import Request.
  Time since last request: 0.000031 seconds.
  path: Assets/Assets/Laboratory_Table/Laboratory_Table_Material.057_AlbedoTransparency.png
  artifactKey: Guid(6de3c88f448032046ad032cc9e356940) Importer(2089858483,0ecaa5967403d082aa24f35e1b516d23)
Start importing Assets/Assets/Laboratory_Table/Laboratory_Table_Material.057_AlbedoTransparency.png using Guid(6de3c88f448032046ad032cc9e356940) Importer(2089858483,0ecaa5967403d082aa24f35e1b516d23)  -> (artifact id: '0c60b77726b4c566e9a45012c6e37566') in 0.024380 seconds
Number of updated asset objects reloaded before import = 0
Number of asset objects unloaded after import = 1
========================================================================
Received Import Request.
  Time since last request: 0.000015 seconds.
  path: Assets/Scenes/Level2.unity
  artifactKey: Guid(35b9774def0653844b9cce41e1523a12) Importer(2089858483,0ecaa5967403d082aa24f35e1b516d23)
Start importing Assets/Scenes/Level2.unity using Guid(35b9774def0653844b9cce41e1523a12) Importer(2089858483,0ecaa5967403d082aa24f35e1b516d23)  -> (artifact id: '34045123f1afbe49367c4622ad838d31') in 0.011256 seconds
Number of updated asset objects reloaded before import = 0
Number of asset objects unloaded after import = 1
========================================================================
Received Import Request.
  Time since last request: 0.000067 seconds.
  path: Assets/Assets/Kitchen_Sink/Kitchen_Sink_Material.022_AmbientOcclusion.png
  artifactKey: Guid(b088975c4e70ca64e83fecb13614d410) Importer(2089858483,0ecaa5967403d082aa24f35e1b516d23)
Start importing Assets/Assets/Kitchen_Sink/Kitchen_Sink_Material.022_AmbientOcclusion.png using Guid(b088975c4e70ca64e83fecb13614d410) Importer(2089858483,0ecaa5967403d082aa24f35e1b516d23)  -> (artifact id: '5583fe6bdb45f23e18dc16891bc7b1b3') in 0.065644 seconds
Number of updated asset objects reloaded before import = 0
Number of asset objects unloaded after import = 1
========================================================================
Received Import Request.
  Time since last request: 0.000025 seconds.
  path: Assets/Assets/Kitchen_Sink/Kitchen_Sink_Material.051_AlbedoTransparency.png
  artifactKey: Guid(a42346dd037c36243aea66387de7d6d8) Importer(2089858483,0ecaa5967403d082aa24f35e1b516d23)
Start importing Assets/Assets/Kitchen_Sink/Kitchen_Sink_Material.051_AlbedoTransparency.png using Guid(a42346dd037c36243aea66387de7d6d8) Importer(2089858483,0ecaa5967403d082aa24f35e1b516d23)  -> (artifact id: 'f000cec166273ab7a6638750f1f68824') in 0.071830 seconds
Number of updated asset objects reloaded before import = 0
Number of asset objects unloaded after import = 1
========================================================================
Received Import Request.
  Time since last request: 0.000040 seconds.
  path: Assets/New Folder/MUTILATED BODY1.fbx
  artifactKey: Guid(d41137b43747dab47addc87a3ec98e50) Importer(2089858483,0ecaa5967403d082aa24f35e1b516d23)
Start importing Assets/New Folder/MUTILATED BODY1.fbx using Guid(d41137b43747dab47addc87a3ec98e50) Importer(2089858483,0ecaa5967403d082aa24f35e1b516d23)  -> (artifact id: 'e6aedbb96ad7b3eaa628da530f47b96c') in 0.029146 seconds
Number of updated asset objects reloaded before import = 0
Number of asset objects unloaded after import = 11
========================================================================
Received Import Request.
  Time since last request: 0.000019 seconds.
  path: Assets/Assets/Laboratory_Table/Laboratory_Table_Material.055_Emission.png
  artifactKey: Guid(433c5c1da69137045b8da973eb962ab8) Importer(2089858483,0ecaa5967403d082aa24f35e1b516d23)
Start importing Assets/Assets/Laboratory_Table/Laboratory_Table_Material.055_Emission.png using Guid(433c5c1da69137045b8da973eb962ab8) Importer(2089858483,0ecaa5967403d082aa24f35e1b516d23)  -> (artifact id: 'f4608b529ed1866239fcc1cf1869e2b0') in 0.021996 seconds
Number of updated asset objects reloaded before import = 0
Number of asset objects unloaded after import = 1
========================================================================
Received Import Request.
  Time since last request: 0.000021 seconds.
  path: Assets/Assets/Rectangle_Tank_2/Rectangle_Tank_2.fbx
  artifactKey: Guid(0368c2a0acb9bb24781b88433c9306a9) Importer(2089858483,0ecaa5967403d082aa24f35e1b516d23)
Start importing Assets/Assets/Rectangle_Tank_2/Rectangle_Tank_2.fbx using Guid(0368c2a0acb9bb24781b88433c9306a9) Importer(2089858483,0ecaa5967403d082aa24f35e1b516d23)  -> (artifact id: '5702592d831a4e90b46f5fa8185e8c3d') in 0.026501 seconds
Number of updated asset objects reloaded before import = 0
Number of asset objects unloaded after import = 8
========================================================================
Received Import Request.
  Time since last request: 0.000056 seconds.
  path: Assets/Assets/Rectangle_Tank_2/Rectangle_Tank_2_Material.065_MetallicSmoothness.png
  artifactKey: Guid(a4fbf0ee1b797184fa4b6c317f56d754) Importer(2089858483,0ecaa5967403d082aa24f35e1b516d23)
Start importing Assets/Assets/Rectangle_Tank_2/Rectangle_Tank_2_Material.065_MetallicSmoothness.png using Guid(a4fbf0ee1b797184fa4b6c317f56d754) Importer(2089858483,0ecaa5967403d082aa24f35e1b516d23)  -> (artifact id: '2148948c14233200d73d12d5b521bb94') in 0.054766 seconds
Number of updated asset objects reloaded before import = 0
Number of asset objects unloaded after import = 1
========================================================================
Received Import Request.
  Time since last request: 0.000088 seconds.
  path: Assets/Assets/Storage_Locker_1/Storage_Lockers_1.fbx
  artifactKey: Guid(f67e03684209d1447904081b500238b8) Importer(2089858483,0ecaa5967403d082aa24f35e1b516d23)
Start importing Assets/Assets/Storage_Locker_1/Storage_Lockers_1.fbx using Guid(f67e03684209d1447904081b500238b8) Importer(2089858483,0ecaa5967403d082aa24f35e1b516d23)  -> (artifact id: 'fccbe0a967e0d32e15e4349a2ebe35f2') in 0.028806 seconds
Number of updated asset objects reloaded before import = 0
Number of asset objects unloaded after import = 22
========================================================================
Received Import Request.
  Time since last request: 0.000019 seconds.
  path: Assets/Assets/Rectangle_Tank_1/Rectangle_Tank_1_Material.064_Normal.png
  artifactKey: Guid(572121825d526dc43a338d6be11f5836) Importer(2089858483,0ecaa5967403d082aa24f35e1b516d23)
Start importing Assets/Assets/Rectangle_Tank_1/Rectangle_Tank_1_Material.064_Normal.png using Guid(572121825d526dc43a338d6be11f5836) Importer(2089858483,0ecaa5967403d082aa24f35e1b516d23)  -> (artifact id: '703e92b8feb788ae1f222bc65453a4c6') in 0.026859 seconds
Number of updated asset objects reloaded before import = 0
Number of asset objects unloaded after import = 1
========================================================================
Received Import Request.
  Time since last request: 0.000019 seconds.
  path: Assets/Assets/Storage_Locker_1/Storage_Lockers_1_Material.032_MetallicSmoothness.png
  artifactKey: Guid(a3786c427753b124f8ba123052737da6) Importer(2089858483,0ecaa5967403d082aa24f35e1b516d23)
Start importing Assets/Assets/Storage_Locker_1/Storage_Lockers_1_Material.032_MetallicSmoothness.png using Guid(a3786c427753b124f8ba123052737da6) Importer(2089858483,0ecaa5967403d082aa24f35e1b516d23)  -> (artifact id: 'be1562a0ff2c6a5bc3d2d01446716f12') in 0.024665 seconds
Number of updated asset objects reloaded before import = 0
Number of asset objects unloaded after import = 1
========================================================================
Received Import Request.
  Time since last request: 0.000019 seconds.
  path: Assets/Assets/Oxygen_Tank/Oxygen_Tank_Material.062_Normal.png
  artifactKey: Guid(7215bf39a138eb843b2ec5bbc2c4a8ca) Importer(2089858483,0ecaa5967403d082aa24f35e1b516d23)
Start importing Assets/Assets/Oxygen_Tank/Oxygen_Tank_Material.062_Normal.png using Guid(7215bf39a138eb843b2ec5bbc2c4a8ca) Importer(2089858483,0ecaa5967403d082aa24f35e1b516d23)  -> (artifact id: '866164e2dbf80a8294963eaed49ec323') in 0.052117 seconds
Number of updated asset objects reloaded before import = 0
Number of asset objects unloaded after import = 1
========================================================================
Received Import Request.
  Time since last request: 0.000058 seconds.
  path: Assets/Assets/Storage_Locker_1/Storage_Lockers_1_Material.033_Emission.png
  artifactKey: Guid(6c02256e1f16e2e48a1ae73417ec5973) Importer(2089858483,0ecaa5967403d082aa24f35e1b516d23)
Start importing Assets/Assets/Storage_Locker_1/Storage_Lockers_1_Material.033_Emission.png using Guid(6c02256e1f16e2e48a1ae73417ec5973) Importer(2089858483,0ecaa5967403d082aa24f35e1b516d23)  -> (artifact id: '75cf208efec992e36e9c3ecbbbc9ce70') in 0.021375 seconds
Number of updated asset objects reloaded before import = 0
Number of asset objects unloaded after import = 1
========================================================================
Received Import Request.
  Time since last request: 0.000023 seconds.
  path: Assets/Assets/Storage_Locker_1/Storage_Lockers_1_Material.034_Normal.png
  artifactKey: Guid(33d7693a5c8dfcf45953b55d1b5399a6) Importer(2089858483,0ecaa5967403d082aa24f35e1b516d23)
Start importing Assets/Assets/Storage_Locker_1/Storage_Lockers_1_Material.034_Normal.png using Guid(33d7693a5c8dfcf45953b55d1b5399a6) Importer(2089858483,0ecaa5967403d082aa24f35e1b516d23)  -> (artifact id: 'eb8a536842348b7373b55737d73e0e2d') in 0.025528 seconds
Number of updated asset objects reloaded before import = 0
Number of asset objects unloaded after import = 1
========================================================================
Received Import Request.
  Time since last request: 0.000021 seconds.
  path: Assets/Assets/Storage_Locker_1/Storage_Lockers_1_Material.032_Normal.png
  artifactKey: Guid(b819fb17b4b725d428e0e2ee2f879564) Importer(2089858483,0ecaa5967403d082aa24f35e1b516d23)
Start importing Assets/Assets/Storage_Locker_1/Storage_Lockers_1_Material.032_Normal.png using Guid(b819fb17b4b725d428e0e2ee2f879564) Importer(2089858483,0ecaa5967403d082aa24f35e1b516d23)  -> (artifact id: '221c190bc3229a9323034c863e861619') in 0.029515 seconds
Number of updated asset objects reloaded before import = 0
Number of asset objects unloaded after import = 1
========================================================================
Received Import Request.
  Time since last request: 0.000024 seconds.
  path: Assets/Assets/Rectangle_Tank_2/Rectangle_Tank_2_Material.065_AlbedoTransparency.png
  artifactKey: Guid(000d6170d8629ff47aa0d0cc6b7ecac3) Importer(2089858483,0ecaa5967403d082aa24f35e1b516d23)
Start importing Assets/Assets/Rectangle_Tank_2/Rectangle_Tank_2_Material.065_AlbedoTransparency.png using Guid(000d6170d8629ff47aa0d0cc6b7ecac3) Importer(2089858483,0ecaa5967403d082aa24f35e1b516d23)  -> (artifact id: '8c75876013e292863fec3ff76f529c2c') in 0.020989 seconds
Number of updated asset objects reloaded before import = 0
Number of asset objects unloaded after import = 1
========================================================================
Received Import Request.
  Time since last request: 0.000025 seconds.
  path: Assets/Scenes/trial scene.unity
  artifactKey: Guid(3ea1c132f23b59749a25e0c6b40426c2) Importer(2089858483,0ecaa5967403d082aa24f35e1b516d23)
Start importing Assets/Scenes/trial scene.unity using Guid(3ea1c132f23b59749a25e0c6b40426c2) Importer(2089858483,0ecaa5967403d082aa24f35e1b516d23)  -> (artifact id: '3126f8141b7c62ae8b970e3c01d002a9') in 0.010880 seconds
Number of updated asset objects reloaded before import = 0
Number of asset objects unloaded after import = 1
========================================================================
Received Import Request.
  Time since last request: 0.000226 seconds.
  path: Assets/Resources/Level2Hints.asset
  artifactKey: Guid(56cf44b76f11ff44e8b8a5d2a643c7f5) Importer(2089858483,0ecaa5967403d082aa24f35e1b516d23)
Start importing Assets/Resources/Level2Hints.asset using Guid(56cf44b76f11ff44e8b8a5d2a643c7f5) Importer(2089858483,0ecaa5967403d082aa24f35e1b516d23)  -> (artifact id: 'bc164449161aea48810b3a70566e5114') in 0.015514 seconds
Number of updated asset objects reloaded before import = 0
Number of asset objects unloaded after import = 1
========================================================================
Received Import Request.
  Time since last request: 0.000022 seconds.
  path: Assets/Assets/Door/Door_Material.044_Normal.png
  artifactKey: Guid(582297cc9f983d542a5fb3258ca96d47) Importer(2089858483,0ecaa5967403d082aa24f35e1b516d23)
Start importing Assets/Assets/Door/Door_Material.044_Normal.png using Guid(582297cc9f983d542a5fb3258ca96d47) Importer(2089858483,0ecaa5967403d082aa24f35e1b516d23)  -> (artifact id: '5c3bbaa84ea8c98304a9b06fec787d95') in 0.290192 seconds
Number of updated asset objects reloaded before import = 0
Number of asset objects unloaded after import = 1
========================================================================
Received Import Request.
  Time since last request: 0.000025 seconds.
  path: Assets/RenderTextures/New Render Texture.renderTexture
  artifactKey: Guid(991829ce47f7ee349a2f2591922ef708) Importer(2089858483,0ecaa5967403d082aa24f35e1b516d23)
Start importing Assets/RenderTextures/New Render Texture.renderTexture using Guid(991829ce47f7ee349a2f2591922ef708) Importer(2089858483,0ecaa5967403d082aa24f35e1b516d23)  -> (artifact id: '60a13ae9f3e15f91077336bc91d1f075') in 0.016136 seconds
Number of updated asset objects reloaded before import = 0
Number of asset objects unloaded after import = 1
========================================================================
Received Import Request.
  Time since last request: 0.000062 seconds.
  path: Assets/Assets/Hospital_Curtain/Hospital_Curtains.fbx
  artifactKey: Guid(5e356e4fe8aa65f49a44e8bb57289872) Importer(2089858483,0ecaa5967403d082aa24f35e1b516d23)
Start importing Assets/Assets/Hospital_Curtain/Hospital_Curtains.fbx using Guid(5e356e4fe8aa65f49a44e8bb57289872) Importer(2089858483,0ecaa5967403d082aa24f35e1b516d23)  -> (artifact id: '23e10e58ced797e3def35907846e2dde') in 0.021479 seconds
Number of updated asset objects reloaded before import = 0
Number of asset objects unloaded after import = 16
========================================================================
Received Import Request.
  Time since last request: 0.000028 seconds.
  path: Assets/Assets/ID_Scanner/ID_Scanner_Slim_Material.040_AmbientOcclusion.png
  artifactKey: Guid(bd336019cf14d33419287b87f5840df4) Importer(2089858483,0ecaa5967403d082aa24f35e1b516d23)
Start importing Assets/Assets/ID_Scanner/ID_Scanner_Slim_Material.040_AmbientOcclusion.png using Guid(bd336019cf14d33419287b87f5840df4) Importer(2089858483,0ecaa5967403d082aa24f35e1b516d23)  -> (artifact id: 'df01367254364ec3e6a123af3333141d') in 0.060483 seconds
Number of updated asset objects reloaded before import = 0
Number of asset objects unloaded after import = 1
========================================================================
Received Import Request.
  Time since last request: 0.000017 seconds.
  path: Assets/Assets/ID_Scanner/ID_Scanner_Slim_Material.040_MetallicSmoothness.png
  artifactKey: Guid(960d0920f422e0848801ccfda29f085d) Importer(2089858483,0ecaa5967403d082aa24f35e1b516d23)
Start importing Assets/Assets/ID_Scanner/ID_Scanner_Slim_Material.040_MetallicSmoothness.png using Guid(960d0920f422e0848801ccfda29f085d) Importer(2089858483,0ecaa5967403d082aa24f35e1b516d23)  -> (artifact id: '43bf70c7b959c5eac03d356e9cfc8193') in 0.021190 seconds
Number of updated asset objects reloaded before import = 0
Number of asset objects unloaded after import = 1
========================================================================
Received Import Request.
  Time since last request: 0.000015 seconds.
  path: Assets/Assets/Rectangle_Tank_1/Rectangle_Tank_1.fbx
  artifactKey: Guid(a6225172b8ad6c44d9560e6bd2aeb665) Importer(2089858483,0ecaa5967403d082aa24f35e1b516d23)
Start importing Assets/Assets/Rectangle_Tank_1/Rectangle_Tank_1.fbx using Guid(a6225172b8ad6c44d9560e6bd2aeb665) Importer(2089858483,0ecaa5967403d082aa24f35e1b516d23)  -> (artifact id: 'b2ea52e877c2d05a353399dd0a90383a') in 0.018737 seconds
Number of updated asset objects reloaded before import = 0
Number of asset objects unloaded after import = 8
========================================================================
Received Import Request.
  Time since last request: 0.000020 seconds.
  path: Assets/Assets/Table_N_Chair/Table_N_Chair_Material.046_AmbientOcclusion.png
  artifactKey: Guid(e103d76f687d57d48a36f4d445bf78be) Importer(2089858483,0ecaa5967403d082aa24f35e1b516d23)
Start importing Assets/Assets/Table_N_Chair/Table_N_Chair_Material.046_AmbientOcclusion.png using Guid(e103d76f687d57d48a36f4d445bf78be) Importer(2089858483,0ecaa5967403d082aa24f35e1b516d23)  -> (artifact id: 'ad71f0c20af24c115c1a6706b18d1039') in 0.018593 seconds
Number of updated asset objects reloaded before import = 0
Number of asset objects unloaded after import = 1
========================================================================
Received Import Request.
  Time since last request: 0.000027 seconds.
  path: Assets/Assets/Table_N_Chair/Table_N_Chair.fbx
  artifactKey: Guid(db659e7cf42ea19418d07ea05d165b40) Importer(2089858483,0ecaa5967403d082aa24f35e1b516d23)
Start importing Assets/Assets/Table_N_Chair/Table_N_Chair.fbx using Guid(db659e7cf42ea19418d07ea05d165b40) Importer(2089858483,0ecaa5967403d082aa24f35e1b516d23)  -> (artifact id: '2b5cda3eb05d04b02ef193f1c3052c10') in 0.025968 seconds
Number of updated asset objects reloaded before import = 0
Number of asset objects unloaded after import = 28
========================================================================
Received Import Request.
  Time since last request: 0.000016 seconds.
  path: Assets/Assets/Storage_Locker_2/Storage_Lockers_2_Material.036_Emission.png
  artifactKey: Guid(d40abac3ee5c02043b1e5e488ce89d61) Importer(2089858483,0ecaa5967403d082aa24f35e1b516d23)
Start importing Assets/Assets/Storage_Locker_2/Storage_Lockers_2_Material.036_Emission.png using Guid(d40abac3ee5c02043b1e5e488ce89d61) Importer(2089858483,0ecaa5967403d082aa24f35e1b516d23)  -> (artifact id: 'b84b1a13ff933623f803b70ae8f75d3d') in 0.021795 seconds
Number of updated asset objects reloaded before import = 0
Number of asset objects unloaded after import = 1
========================================================================
Received Import Request.
  Time since last request: 0.000024 seconds.
  path: Assets/Assets/Storage_Locker_2/Storage_Lockers_2_Material.035_Normal.png
  artifactKey: Guid(506fd14a8bd36f348b613fbc0b69ea45) Importer(2089858483,0ecaa5967403d082aa24f35e1b516d23)
Start importing Assets/Assets/Storage_Locker_2/Storage_Lockers_2_Material.035_Normal.png using Guid(506fd14a8bd36f348b613fbc0b69ea45) Importer(2089858483,0ecaa5967403d082aa24f35e1b516d23)  -> (artifact id: 'f4f867c0dc18e38b89d503b51b1c5ea3') in 0.027773 seconds
Number of updated asset objects reloaded before import = 0
Number of asset objects unloaded after import = 1
========================================================================
Received Import Request.
  Time since last request: 0.000034 seconds.
  path: Assets/Assets/Storage_Locker_3/Storage_Lockers_3_Material.037_MetallicSmoothness.png
  artifactKey: Guid(bb9328381afc07742b17c71757c54cdf) Importer(2089858483,0ecaa5967403d082aa24f35e1b516d23)
Start importing Assets/Assets/Storage_Locker_3/Storage_Lockers_3_Material.037_MetallicSmoothness.png using Guid(bb9328381afc07742b17c71757c54cdf) Importer(2089858483,0ecaa5967403d082aa24f35e1b516d23)  -> (artifact id: '0a23a476d14c83fb164ddbf2abccd560') in 0.034361 seconds
Number of updated asset objects reloaded before import = 0
Number of asset objects unloaded after import = 1
========================================================================
Received Import Request.
  Time since last request: 0.000034 seconds.
  path: Assets/Assets/Kitchen_Stove/Kitchen_Stove_DefaultMaterial_AlbedoTransparency.1001.png
  artifactKey: Guid(c90970142ceb7c442a6a1adaf6c140b1) Importer(2089858483,0ecaa5967403d082aa24f35e1b516d23)
Start importing Assets/Assets/Kitchen_Stove/Kitchen_Stove_DefaultMaterial_AlbedoTransparency.1001.png using Guid(c90970142ceb7c442a6a1adaf6c140b1) Importer(2089858483,0ecaa5967403d082aa24f35e1b516d23)  -> (artifact id: 'a8d592ee0ac5b8822569a5cab85a837a') in 0.125774 seconds
Number of updated asset objects reloaded before import = 0
Number of asset objects unloaded after import = 1
========================================================================
Received Import Request.
  Time since last request: 0.000018 seconds.
  path: Assets/Assets/Storage_Locker_3/Storage_Lockers_3_Material.037_Normal.png
  artifactKey: Guid(74803a16fb676884e9ab0e3b3bf717c2) Importer(2089858483,0ecaa5967403d082aa24f35e1b516d23)
Start importing Assets/Assets/Storage_Locker_3/Storage_Lockers_3_Material.037_Normal.png using Guid(74803a16fb676884e9ab0e3b3bf717c2) Importer(2089858483,0ecaa5967403d082aa24f35e1b516d23)  -> (artifact id: 'c1b8aa496dc26e1e73a8e11a0df15c68') in 0.022765 seconds
Number of updated asset objects reloaded before import = 0
Number of asset objects unloaded after import = 1
========================================================================
Received Import Request.
  Time since last request: 0.000021 seconds.
  path: Assets/Assets/Storage_Locker_3/Storage_Lockers_3_Material.039_AmbientOcclusion.png
  artifactKey: Guid(dd322edd76ff3364698c0e99642d26a1) Importer(2089858483,0ecaa5967403d082aa24f35e1b516d23)
Start importing Assets/Assets/Storage_Locker_3/Storage_Lockers_3_Material.039_AmbientOcclusion.png using Guid(dd322edd76ff3364698c0e99642d26a1) Importer(2089858483,0ecaa5967403d082aa24f35e1b516d23)  -> (artifact id: '2cc2f262f951e92bff6f1938bcad4a33') in 0.020723 seconds
Number of updated asset objects reloaded before import = 0
Number of asset objects unloaded after import = 1
========================================================================
Received Import Request.
  Time since last request: 0.000023 seconds.
  path: Assets/Assets/Storage_Locker_3/Storage_Lockers_3_Material.039_MetallicSmoothness.png
  artifactKey: Guid(a4170dfd445bfe449b864586b2a59040) Importer(2089858483,0ecaa5967403d082aa24f35e1b516d23)
Start importing Assets/Assets/Storage_Locker_3/Storage_Lockers_3_Material.039_MetallicSmoothness.png using Guid(a4170dfd445bfe449b864586b2a59040) Importer(2089858483,0ecaa5967403d082aa24f35e1b516d23)  -> (artifact id: '6eed6cda3d2844e7caa3df2a06ac18b6') in 0.025952 seconds
Number of updated asset objects reloaded before import = 0
Number of asset objects unloaded after import = 1
========================================================================
Received Import Request.
  Time since last request: 0.000033 seconds.
  path: Assets/Assets/Storage_Locker_2/Storage_Lockers_2_Material.036_AlbedoTransparency.png
  artifactKey: Guid(9cf4de628cb4c6a4a80a248abc09e22c) Importer(2089858483,0ecaa5967403d082aa24f35e1b516d23)
Start importing Assets/Assets/Storage_Locker_2/Storage_Lockers_2_Material.036_AlbedoTransparency.png using Guid(9cf4de628cb4c6a4a80a248abc09e22c) Importer(2089858483,0ecaa5967403d082aa24f35e1b516d23)  -> (artifact id: '8b8245f3c2c5222a531e31b412496aea') in 0.028882 seconds
Number of updated asset objects reloaded before import = 0
Number of asset objects unloaded after import = 1
========================================================================
Received Import Request.
  Time since last request: 0.000018 seconds.
  path: Assets/Assets/ID_Scanner/ID_Scanner_Slim_Material.040_Emission.png
  artifactKey: Guid(425ec516dc5be18469debcf7237a781c) Importer(2089858483,0ecaa5967403d082aa24f35e1b516d23)
Start importing Assets/Assets/ID_Scanner/ID_Scanner_Slim_Material.040_Emission.png using Guid(425ec516dc5be18469debcf7237a781c) Importer(2089858483,0ecaa5967403d082aa24f35e1b516d23)  -> (artifact id: '64a9ddd4488cf3651de47639ffea883e') in 0.022814 seconds
Number of updated asset objects reloaded before import = 0
Number of asset objects unloaded after import = 1
========================================================================
Received Import Request.
  Time since last request: 0.000020 seconds.
  path: Assets/Assets/Kitchen_Sink/Kitchen_Sink_Material.050_AlbedoTransparency.png
  artifactKey: Guid(1948ddddfe08b6547a112312df948f3b) Importer(2089858483,0ecaa5967403d082aa24f35e1b516d23)
Start importing Assets/Assets/Kitchen_Sink/Kitchen_Sink_Material.050_AlbedoTransparency.png using Guid(1948ddddfe08b6547a112312df948f3b) Importer(2089858483,0ecaa5967403d082aa24f35e1b516d23)  -> (artifact id: '52c9be99260a2c7c391ba23cca58c7ce') in 0.091213 seconds
Number of updated asset objects reloaded before import = 0
Number of asset objects unloaded after import = 1
========================================================================
Received Import Request.
  Time since last request: 0.000027 seconds.
  path: Assets/Assets/Table_N_Chair/Table_N_Chair_Material.049_Emission.png
  artifactKey: Guid(ce6f1b508ba4bfe43b9181a6f7b87332) Importer(2089858483,0ecaa5967403d082aa24f35e1b516d23)
Start importing Assets/Assets/Table_N_Chair/Table_N_Chair_Material.049_Emission.png using Guid(ce6f1b508ba4bfe43b9181a6f7b87332) Importer(2089858483,0ecaa5967403d082aa24f35e1b516d23)  -> (artifact id: 'a5479a4dbef09d0e0802d88872652eb6') in 0.521443 seconds
Number of updated asset objects reloaded before import = 0
Number of asset objects unloaded after import = 1
========================================================================
Received Import Request.
  Time since last request: 0.000021 seconds.
  path: Assets/Assets/Trash_Bin/Trash_Bin_Material.018_AlbedoTransparency.png
  artifactKey: Guid(2579f7a05a4144948934f123c4efc283) Importer(2089858483,0ecaa5967403d082aa24f35e1b516d23)
Start importing Assets/Assets/Trash_Bin/Trash_Bin_Material.018_AlbedoTransparency.png using Guid(2579f7a05a4144948934f123c4efc283) Importer(2089858483,0ecaa5967403d082aa24f35e1b516d23)  -> (artifact id: '234a46d7aa8f3c2d0b314ac7ff04f289') in 0.018655 seconds
Number of updated asset objects reloaded before import = 0
Number of asset objects unloaded after import = 1
========================================================================
Received Import Request.
  Time since last request: 0.000016 seconds.
  path: Assets/Assets/Table_N_Chair/Table_N_Chair_Material.046_MetallicSmoothness.png
  artifactKey: Guid(578bfce447d3ef840ab44c77aac75137) Importer(2089858483,0ecaa5967403d082aa24f35e1b516d23)
Start importing Assets/Assets/Table_N_Chair/Table_N_Chair_Material.046_MetallicSmoothness.png using Guid(578bfce447d3ef840ab44c77aac75137) Importer(2089858483,0ecaa5967403d082aa24f35e1b516d23)  -> (artifact id: '41eb066ce90ab73abf3ffe4eb9641a3f') in 0.023683 seconds
Number of updated asset objects reloaded before import = 0
Number of asset objects unloaded after import = 1
========================================================================
Received Import Request.
  Time since last request: 0.000024 seconds.
  path: Assets/Assets/Table_N_Chair/Table_N_Chair_Material.049_AlbedoTransparency.png
  artifactKey: Guid(a6326451be93955479faa908b2fba6d3) Importer(2089858483,0ecaa5967403d082aa24f35e1b516d23)
Start importing Assets/Assets/Table_N_Chair/Table_N_Chair_Material.049_AlbedoTransparency.png using Guid(a6326451be93955479faa908b2fba6d3) Importer(2089858483,0ecaa5967403d082aa24f35e1b516d23)  -> (artifact id: 'ad666915849f257721af15edfbbf6969') in 0.019745 seconds
Number of updated asset objects reloaded before import = 0
Number of asset objects unloaded after import = 1
========================================================================
Received Import Request.
  Time since last request: 0.000018 seconds.
  path: Assets/Assets/Table_N_Chair/Table_N_Chair_Material.049_AmbientOcclusion.png
  artifactKey: Guid(0899715099b649a40b44944fe7b01123) Importer(2089858483,0ecaa5967403d082aa24f35e1b516d23)
Start importing Assets/Assets/Table_N_Chair/Table_N_Chair_Material.049_AmbientOcclusion.png using Guid(0899715099b649a40b44944fe7b01123) Importer(2089858483,0ecaa5967403d082aa24f35e1b516d23)  -> (artifact id: '9deeaabbb529889c9087e044c6dcd06d') in 0.019065 seconds
Number of updated asset objects reloaded before import = 0
Number of asset objects unloaded after import = 1
========================================================================
Received Import Request.
  Time since last request: 0.000018 seconds.
  path: Assets/Assets/Trash_Bin/Trash_Bin_Material.018_MetallicSmoothness.png
  artifactKey: Guid(f669e36994e070644946cef20368154b) Importer(2089858483,0ecaa5967403d082aa24f35e1b516d23)
Start importing Assets/Assets/Trash_Bin/Trash_Bin_Material.018_MetallicSmoothness.png using Guid(f669e36994e070644946cef20368154b) Importer(2089858483,0ecaa5967403d082aa24f35e1b516d23)  -> (artifact id: 'ae3af7a5ce6202722e8c97340e8f2aa6') in 0.020547 seconds
Number of updated asset objects reloaded before import = 0
Number of asset objects unloaded after import = 1
========================================================================
Received Import Request.
  Time since last request: 0.000016 seconds.
  path: Assets/Assets/Trash_Bin/Trash_Bin_Material.019_AmbientOcclusion.png
  artifactKey: Guid(1e3fb20188e5bed43845fcbfb1f7b7c2) Importer(2089858483,0ecaa5967403d082aa24f35e1b516d23)
Start importing Assets/Assets/Trash_Bin/Trash_Bin_Material.019_AmbientOcclusion.png using Guid(1e3fb20188e5bed43845fcbfb1f7b7c2) Importer(2089858483,0ecaa5967403d082aa24f35e1b516d23)  -> (artifact id: '63146376dc133080c8ed120299817d68') in 0.020406 seconds
Number of updated asset objects reloaded before import = 0
Number of asset objects unloaded after import = 1
========================================================================
Received Import Request.
  Time since last request: 0.000027 seconds.
  path: Assets/Assets/Trash_Bin/Trash_Bin.fbx
  artifactKey: Guid(088309c2b8d0f6145af5e38f547afb80) Importer(2089858483,0ecaa5967403d082aa24f35e1b516d23)
Start importing Assets/Assets/Trash_Bin/Trash_Bin.fbx using Guid(088309c2b8d0f6145af5e38f547afb80) Importer(2089858483,0ecaa5967403d082aa24f35e1b516d23)  -> (artifact id: 'a0551acf5e07b8acfa8471d89f6834de') in 0.024533 seconds
Number of updated asset objects reloaded before import = 0
Number of asset objects unloaded after import = 22
========================================================================
Received Import Request.
  Time since last request: 0.000017 seconds.
  path: Assets/Assets/Laboratory_Table/Laboratory_Table_Material.058_AlbedoTransparency.png
  artifactKey: Guid(31ead44a66180064c9482cca73e91f89) Importer(2089858483,0ecaa5967403d082aa24f35e1b516d23)
Start importing Assets/Assets/Laboratory_Table/Laboratory_Table_Material.058_AlbedoTransparency.png using Guid(31ead44a66180064c9482cca73e91f89) Importer(2089858483,0ecaa5967403d082aa24f35e1b516d23)  -> (artifact id: '5bf3be3f428f1e1771c28434bfc77c92') in 0.020356 seconds
Number of updated asset objects reloaded before import = 0
Number of asset objects unloaded after import = 1
========================================================================
Received Import Request.
  Time since last request: 0.000019 seconds.
  path: Assets/Assets/Kitchen_Fridge/Kitchen_Fridge_Material.053_AmbientOcclusion.png
  artifactKey: Guid(e1d492227b05e8b4bbe153e1a5700786) Importer(2089858483,0ecaa5967403d082aa24f35e1b516d23)
Start importing Assets/Assets/Kitchen_Fridge/Kitchen_Fridge_Material.053_AmbientOcclusion.png using Guid(e1d492227b05e8b4bbe153e1a5700786) Importer(2089858483,0ecaa5967403d082aa24f35e1b516d23)  -> (artifact id: '3b1bc037b90146a7df1df0924fea4cf7') in 0.101821 seconds
Number of updated asset objects reloaded before import = 0
Number of asset objects unloaded after import = 1
========================================================================
Received Import Request.
  Time since last request: 0.000023 seconds.
  path: Assets/Assets/ID_Scanner/ID_Scanner_Slim_Material.040_Normal.png
  artifactKey: Guid(d6dc7500a07add747a5f9bd59fe70919) Importer(2089858483,0ecaa5967403d082aa24f35e1b516d23)
Start importing Assets/Assets/ID_Scanner/ID_Scanner_Slim_Material.040_Normal.png using Guid(d6dc7500a07add747a5f9bd59fe70919) Importer(2089858483,0ecaa5967403d082aa24f35e1b516d23)  -> (artifact id: '8dc0bda1cd3eb8ecf17f6ff01a402064') in 0.019055 seconds
Number of updated asset objects reloaded before import = 0
Number of asset objects unloaded after import = 1
========================================================================
Received Import Request.
  Time since last request: 0.000025 seconds.
  path: Assets/Assets/Storage_Locker_2/Storage_Lockers_2_Material.035_AmbientOcclusion.png
  artifactKey: Guid(ae388d8ad138ad24291f3c94e27b1db6) Importer(2089858483,0ecaa5967403d082aa24f35e1b516d23)
Start importing Assets/Assets/Storage_Locker_2/Storage_Lockers_2_Material.035_AmbientOcclusion.png using Guid(ae388d8ad138ad24291f3c94e27b1db6) Importer(2089858483,0ecaa5967403d082aa24f35e1b516d23)  -> (artifact id: '3141b2c87c11796c1bfeb269842d961d') in 0.021222 seconds
Number of updated asset objects reloaded before import = 0
Number of asset objects unloaded after import = 1
========================================================================
Received Import Request.
  Time since last request: 0.000017 seconds.
  path: Assets/Assets/Kitchen_Sink/Kitchen_Sink_Material.051_AmbientOcclusion.png
  artifactKey: Guid(9055f9df062d155468b002420370027b) Importer(2089858483,0ecaa5967403d082aa24f35e1b516d23)
Start importing Assets/Assets/Kitchen_Sink/Kitchen_Sink_Material.051_AmbientOcclusion.png using Guid(9055f9df062d155468b002420370027b) Importer(2089858483,0ecaa5967403d082aa24f35e1b516d23)  -> (artifact id: '46ab3a0c15b8ecc00e2d145a8d388d11') in 0.058564 seconds
Number of updated asset objects reloaded before import = 0
Number of asset objects unloaded after import = 1
========================================================================
Received Import Request.
  Time since last request: 0.000019 seconds.
  path: Assets/Assets/Table_N_Chair/Table_N_Chair_Material.048_AmbientOcclusion.png
  artifactKey: Guid(d68185e6cd3367d488d83598612eef93) Importer(2089858483,0ecaa5967403d082aa24f35e1b516d23)
Start importing Assets/Assets/Table_N_Chair/Table_N_Chair_Material.048_AmbientOcclusion.png using Guid(d68185e6cd3367d488d83598612eef93) Importer(2089858483,0ecaa5967403d082aa24f35e1b516d23)  -> (artifact id: '6e0e52b2ba945137a40eefb7ce84c22b') in 0.020822 seconds
Number of updated asset objects reloaded before import = 0
Number of asset objects unloaded after import = 1
========================================================================
Received Import Request.
  Time since last request: 0.000026 seconds.
  path: Assets/Assets/Storage_Locker_3/Storage_Lockers_3_Material.037_AmbientOcclusion.png
  artifactKey: Guid(d10577d096f765247bfb8b3adc3ff31b) Importer(2089858483,0ecaa5967403d082aa24f35e1b516d23)
Start importing Assets/Assets/Storage_Locker_3/Storage_Lockers_3_Material.037_AmbientOcclusion.png using Guid(d10577d096f765247bfb8b3adc3ff31b) Importer(2089858483,0ecaa5967403d082aa24f35e1b516d23)  -> (artifact id: '85818e5e966f74f88d70f46f50e5aa08') in 0.020154 seconds
Number of updated asset objects reloaded before import = 0
Number of asset objects unloaded after import = 1
========================================================================
Received Import Request.
  Time since last request: 0.000018 seconds.
  path: Assets/Assets/Storage_Locker_3/Storage_Lockers_3_Material.037_AlbedoTransparency.png
  artifactKey: Guid(790ab97a50781da4796460a3f9a18a6e) Importer(2089858483,0ecaa5967403d082aa24f35e1b516d23)
Start importing Assets/Assets/Storage_Locker_3/Storage_Lockers_3_Material.037_AlbedoTransparency.png using Guid(790ab97a50781da4796460a3f9a18a6e) Importer(2089858483,0ecaa5967403d082aa24f35e1b516d23)  -> (artifact id: '96ea51af6abcf80ab102705d465ad337') in 0.017933 seconds
Number of updated asset objects reloaded before import = 0
Number of asset objects unloaded after import = 1
========================================================================
Received Import Request.
  Time since last request: 0.000029 seconds.
  path: Assets/Assets/Trash_Bin/Trash_Bin_Material.019_Normal.png
  artifactKey: Guid(197015307d9ac3a46802395a7a4b260a) Importer(2089858483,0ecaa5967403d082aa24f35e1b516d23)
Start importing Assets/Assets/Trash_Bin/Trash_Bin_Material.019_Normal.png using Guid(197015307d9ac3a46802395a7a4b260a) Importer(2089858483,0ecaa5967403d082aa24f35e1b516d23)  -> (artifact id: '3273595307c60b9b50e542798af2f37c') in 0.018843 seconds
Number of updated asset objects reloaded before import = 0
Number of asset objects unloaded after import = 1
========================================================================
Received Import Request.
  Time since last request: 0.143679 seconds.
  path: Assets/Materials/jumpscare.jpg
  artifactKey: Guid(759515718ed5ddc41af9854cf59e469d) Importer(815301076,1909f56bfc062723c751e8b465ee728b)
Start importing Assets/Materials/jumpscare.jpg using Guid(759515718ed5ddc41af9854cf59e469d) Importer(815301076,1909f56bfc062723c751e8b465ee728b)  -> (artifact id: '7cd88fb634e4cd25237878c48d74fc25') in 0.038500 seconds
Number of updated asset objects reloaded before import = 0
Number of asset objects unloaded after import = 2
========================================================================
Received Import Request.
  Time since last request: 0.478195 seconds.
  path: Assets/Assets/Door/Door_Material.043_AmbientOcclusion.png
  artifactKey: Guid(de3e5ed07773a99419780137e7c39107) Importer(2089858483,0ecaa5967403d082aa24f35e1b516d23)
Start importing Assets/Assets/Door/Door_Material.043_AmbientOcclusion.png using Guid(de3e5ed07773a99419780137e7c39107) Importer(2089858483,0ecaa5967403d082aa24f35e1b516d23)  -> (artifact id: '7e36b0066f124fdafed6d73c06f8c2e9') in 0.255681 seconds
Number of updated asset objects reloaded before import = 0
Number of asset objects unloaded after import = 1
========================================================================
Received Import Request.
  Time since last request: 0.000021 seconds.
  path: Assets/Fish/Bones/Fish_Skeleton_Unwrapped_Fish_Skeleton_Normal.1001.png
  artifactKey: Guid(649531c18d579594c807fd61d9f1731e) Importer(2089858483,0ecaa5967403d082aa24f35e1b516d23)
Start importing Assets/Fish/Bones/Fish_Skeleton_Unwrapped_Fish_Skeleton_Normal.1001.png using Guid(649531c18d579594c807fd61d9f1731e) Importer(2089858483,0ecaa5967403d082aa24f35e1b516d23)  -> (artifact id: '4948d8556d7faebff514b4fe7c8bf157') in 0.023574 seconds
Number of updated asset objects reloaded before import = 0
Number of asset objects unloaded after import = 1
========================================================================
Received Import Request.
  Time since last request: 0.000025 seconds.
  path: Assets/Fish/Head/Fish_Head_Unwrapped.fbx
  artifactKey: Guid(eddbc60d2b32b814abb0614ebe207967) Importer(2089858483,0ecaa5967403d082aa24f35e1b516d23)
Start importing Assets/Fish/Head/Fish_Head_Unwrapped.fbx using Guid(eddbc60d2b32b814abb0614ebe207967) Importer(2089858483,0ecaa5967403d082aa24f35e1b516d23)  -> (artifact id: '647ce85817b5b40039a36ba098db0701') in 0.141871 seconds
Number of updated asset objects reloaded before import = 0
Number of asset objects unloaded after import = 8
========================================================================
Received Import Request.
  Time since last request: 0.000019 seconds.
  path: Assets/Fish/Bones/Fish_Skeleton_Unwrapped_Fish_Skeleton_SpecularSmoothness.1001.png
  artifactKey: Guid(5bd8fd7cbceba8a45a53edd74a93309a) Importer(2089858483,0ecaa5967403d082aa24f35e1b516d23)
Start importing Assets/Fish/Bones/Fish_Skeleton_Unwrapped_Fish_Skeleton_SpecularSmoothness.1001.png using Guid(5bd8fd7cbceba8a45a53edd74a93309a) Importer(2089858483,0ecaa5967403d082aa24f35e1b516d23)  -> (artifact id: '8369d51aa7fe66b65539688fbad24b00') in 0.027084 seconds
Number of updated asset objects reloaded before import = 0
Number of asset objects unloaded after import = 1
========================================================================
Received Import Request.
  Time since last request: 0.321730 seconds.
  path: Assets/Assets/Hospital_Curtain/Hospital_Curtains_Material.060_Normal.png
  artifactKey: Guid(3d8be92a65136fb44ae55a94b9a0214f) Importer(2089858483,0ecaa5967403d082aa24f35e1b516d23)
Start importing Assets/Assets/Hospital_Curtain/Hospital_Curtains_Material.060_Normal.png using Guid(3d8be92a65136fb44ae55a94b9a0214f) Importer(2089858483,0ecaa5967403d082aa24f35e1b516d23)  -> (artifact id: '556c5f7d9af2b511f722ec2b09bf4ad2') in 0.021285 seconds
Number of updated asset objects reloaded before import = 0
Number of asset objects unloaded after import = 1
========================================================================
Received Import Request.
  Time since last request: 0.000019 seconds.
  path: Assets/Fish/Head/Fish_Head_Unwrapped_Fish_Head_SpecularSmoothness.1001.png
  artifactKey: Guid(4bd219b5dbf477c4897b3602d269a8ac) Importer(2089858483,0ecaa5967403d082aa24f35e1b516d23)
Start importing Assets/Fish/Head/Fish_Head_Unwrapped_Fish_Head_SpecularSmoothness.1001.png using Guid(4bd219b5dbf477c4897b3602d269a8ac) Importer(2089858483,0ecaa5967403d082aa24f35e1b516d23)  -> (artifact id: '7ad36a4e41bbd20607fb073af76df416') in 0.026373 seconds
Number of updated asset objects reloaded before import = 0
Number of asset objects unloaded after import = 1
========================================================================
Received Import Request.
  Time since last request: 0.000018 seconds.
  path: Assets/IgniteCoders/Lab test/Aquarium Lab (revised test)_DefaultMaterial_Emissive.1001.png
  artifactKey: Guid(1f0764f4414401642805116d6bfb7dea) Importer(2089858483,0ecaa5967403d082aa24f35e1b516d23)
Start importing Assets/IgniteCoders/Lab test/Aquarium Lab (revised test)_DefaultMaterial_Emissive.1001.png using Guid(1f0764f4414401642805116d6bfb7dea) Importer(2089858483,0ecaa5967403d082aa24f35e1b516d23)  -> (artifact id: 'ed9c3700731e0d887c569ca54ee3dd28') in 0.064652 seconds
Number of updated asset objects reloaded before import = 0
Number of asset objects unloaded after import = 1
========================================================================
Received Import Request.
  Time since last request: 0.000027 seconds.
  path: Assets/Fish/Head/New Material.mat
  artifactKey: Guid(9f4ab2075fa945d4fa8bafd5d6d290f7) Importer(2089858483,0ecaa5967403d082aa24f35e1b516d23)
Start importing Assets/Fish/Head/New Material.mat using Guid(9f4ab2075fa945d4fa8bafd5d6d290f7) Importer(2089858483,0ecaa5967403d082aa24f35e1b516d23)  -> (artifact id: 'a553f3bc91cb6b32aa81457f5a58b6ca') in 0.020355 seconds
Number of updated asset objects reloaded before import = 0
Number of asset objects unloaded after import = 4
========================================================================
Received Import Request.
  Time since last request: 0.000032 seconds.
  path: Assets/Assets/Kitchen_Sink/Kitchen_Sink_Material.022_AlbedoTransparency.png
  artifactKey: Guid(f2ed7dd746d6031469cdd8c3951adb96) Importer(2089858483,0ecaa5967403d082aa24f35e1b516d23)
Start importing Assets/Assets/Kitchen_Sink/Kitchen_Sink_Material.022_AlbedoTransparency.png using Guid(f2ed7dd746d6031469cdd8c3951adb96) Importer(2089858483,0ecaa5967403d082aa24f35e1b516d23)  -> (artifact id: '6e09c5eb33da1897264285a7b6334ea1') in 0.161957 seconds
Number of updated asset objects reloaded before import = 0
Number of asset objects unloaded after import = 1
========================================================================
Received Import Request.
  Time since last request: 0.000018 seconds.
  path: Assets/Assets/ID_Scanner/ID_Scanner_Slim_Material.042_Normal.png
  artifactKey: Guid(d2470287fdf6cd84a9a2d428e6c79e8b) Importer(2089858483,0ecaa5967403d082aa24f35e1b516d23)
Start importing Assets/Assets/ID_Scanner/ID_Scanner_Slim_Material.042_Normal.png using Guid(d2470287fdf6cd84a9a2d428e6c79e8b) Importer(2089858483,0ecaa5967403d082aa24f35e1b516d23)  -> (artifact id: 'b3a5e6035a422113d69a1ee41c93dbd5') in 0.022910 seconds
Number of updated asset objects reloaded before import = 0
Number of asset objects unloaded after import = 1
========================================================================
Received Import Request.
  Time since last request: 0.000020 seconds.
  path: Assets/Assets/Kitchen_Sink/Kitchen_Sink_Material.050_Emission.png
  artifactKey: Guid(7697f01719b2221429bad19459e22150) Importer(2089858483,0ecaa5967403d082aa24f35e1b516d23)
Start importing Assets/Assets/Kitchen_Sink/Kitchen_Sink_Material.050_Emission.png using Guid(7697f01719b2221429bad19459e22150) Importer(2089858483,0ecaa5967403d082aa24f35e1b516d23)  -> (artifact id: 'b91415ffc9739e7442b5bab22c3ce81d') in 0.088764 seconds
Number of updated asset objects reloaded before import = 0
Number of asset objects unloaded after import = 1
========================================================================
Received Import Request.
  Time since last request: 0.000029 seconds.
  path: Assets/Assets/Kitchen_Sink/Kitchen_Sink_Material.022_Normal.png
  artifactKey: Guid(e4927ac2e782e9b4f97b65fee893a451) Importer(2089858483,0ecaa5967403d082aa24f35e1b516d23)
Start importing Assets/Assets/Kitchen_Sink/Kitchen_Sink_Material.022_Normal.png using Guid(e4927ac2e782e9b4f97b65fee893a451) Importer(2089858483,0ecaa5967403d082aa24f35e1b516d23)  -> (artifact id: 'f98606108c6d8940ae78cbe8bf0b15b1') in 0.408534 seconds
Number of updated asset objects reloaded before import = 0
Number of asset objects unloaded after import = 1
========================================================================
Received Import Request.
  Time since last request: 0.000023 seconds.
  path: Assets/Level_1_Assets_Prefab/Storage_Door/Storage_Lockers_Separeted_Doors.fbx
  artifactKey: Guid(88be92f3aa791d343b05539305e7ca4d) Importer(2089858483,0ecaa5967403d082aa24f35e1b516d23)
Start importing Assets/Level_1_Assets_Prefab/Storage_Door/Storage_Lockers_Separeted_Doors.fbx using Guid(88be92f3aa791d343b05539305e7ca4d) Importer(2089858483,0ecaa5967403d082aa24f35e1b516d23)  -> (artifact id: '9054d7ddde51cad4d0f8eb36af81719e') in 0.041472 seconds
Number of updated asset objects reloaded before import = 0
Number of asset objects unloaded after import = 46
========================================================================
Received Import Request.
  Time since last request: 0.000052 seconds.
  path: Assets/Level_1_Assets_Prefab/Storage_Door/Storage_Lockers_Separeted_Doors_Material.001_AlbedoTransparency.png
  artifactKey: Guid(9e7154f9881860d4a8db94cf8dd3222f) Importer(2089858483,0ecaa5967403d082aa24f35e1b516d23)
Start importing Assets/Level_1_Assets_Prefab/Storage_Door/Storage_Lockers_Separeted_Doors_Material.001_AlbedoTransparency.png using Guid(9e7154f9881860d4a8db94cf8dd3222f) Importer(2089858483,0ecaa5967403d082aa24f35e1b516d23)  -> (artifact id: '776d18c523bdac96236b86602fed9e7b') in 0.020260 seconds
Number of updated asset objects reloaded before import = 0
Number of asset objects unloaded after import = 1
========================================================================
Received Import Request.
  Time since last request: 0.000018 seconds.
  path: Assets/Level_1_Assets_Prefab/Storage_Door/Storage_Lockers_Separeted_Doors_Material.001_Emission.png
  artifactKey: Guid(f651ca29234688d46abcc6cb8e74090e) Importer(2089858483,0ecaa5967403d082aa24f35e1b516d23)
Start importing Assets/Level_1_Assets_Prefab/Storage_Door/Storage_Lockers_Separeted_Doors_Material.001_Emission.png using Guid(f651ca29234688d46abcc6cb8e74090e) Importer(2089858483,0ecaa5967403d082aa24f35e1b516d23)  -> (artifact id: '1be89d820bd7fa49f42e72e85b91dfc1') in 0.022084 seconds
Number of updated asset objects reloaded before import = 0
Number of asset objects unloaded after import = 1
========================================================================
Received Import Request.
  Time since last request: 0.000020 seconds.
  path: Assets/IgniteCoders/Lab test/Aquarium Lab (revised test)_DefaultMaterial_Roughness.1001.png
  artifactKey: Guid(ff49137cc147cf344b475b41f1d9684d) Importer(2089858483,0ecaa5967403d082aa24f35e1b516d23)
Start importing Assets/IgniteCoders/Lab test/Aquarium Lab (revised test)_DefaultMaterial_Roughness.1001.png using Guid(ff49137cc147cf344b475b41f1d9684d) Importer(2089858483,0ecaa5967403d082aa24f35e1b516d23)  -> (artifact id: '89e2a2dd4c8e79fc283c6d199fc314d2') in 0.122983 seconds
Number of updated asset objects reloaded before import = 0
Number of asset objects unloaded after import = 1
========================================================================
Received Import Request.
  Time since last request: 0.000018 seconds.
  path: Assets/IgniteCoders/Lab test/Aquarium La_Final.fbx
  artifactKey: Guid(99d4b5a7f24c15344a6dfee86263ac2a) Importer(2089858483,0ecaa5967403d082aa24f35e1b516d23)
Start importing Assets/IgniteCoders/Lab test/Aquarium La_Final.fbx using Guid(99d4b5a7f24c15344a6dfee86263ac2a) Importer(2089858483,0ecaa5967403d082aa24f35e1b516d23)  -> (artifact id: '77c6f82eed0c1f95b66f51484c902263') in 0.019296 seconds
Number of updated asset objects reloaded before import = 0
Number of asset objects unloaded after import = 14
========================================================================
Received Import Request.
  Time since last request: 0.000023 seconds.
  path: Assets/Assets/Kitchen_Fridge/Kitchen_Fridge_Material.052_AlbedoTransparency.png
  artifactKey: Guid(d0c926633a5ee8648a23a944ba32b21d) Importer(2089858483,0ecaa5967403d082aa24f35e1b516d23)
Start importing Assets/Assets/Kitchen_Fridge/Kitchen_Fridge_Material.052_AlbedoTransparency.png using Guid(d0c926633a5ee8648a23a944ba32b21d) Importer(2089858483,0ecaa5967403d082aa24f35e1b516d23)  -> (artifact id: 'a3b64d8854c63e24672a76fff424b70f') in 0.104520 seconds
Number of updated asset objects reloaded before import = 0
Number of asset objects unloaded after import = 1
========================================================================
Received Import Request.
  Time since last request: 0.000023 seconds.
  path: Assets/Level_1_Assets_Prefab/Storage_Door/Storage_Lockers_Separeted_Doors_Material.002_MetallicSmoothness.png
  artifactKey: Guid(97927973f2f50164990cc0bdb3c7842d) Importer(2089858483,0ecaa5967403d082aa24f35e1b516d23)
Start importing Assets/Level_1_Assets_Prefab/Storage_Door/Storage_Lockers_Separeted_Doors_Material.002_MetallicSmoothness.png using Guid(97927973f2f50164990cc0bdb3c7842d) Importer(2089858483,0ecaa5967403d082aa24f35e1b516d23)  -> (artifact id: 'bff2ab1ea7cbc6c19608ec36797b3d59') in 0.026109 seconds
Number of updated asset objects reloaded before import = 0
Number of asset objects unloaded after import = 1
========================================================================
Received Import Request.
  Time since last request: 0.000018 seconds.
  path: Assets/Level_1_Assets_Prefab/Storage_Door/Storage_Lockers_Separeted_Doors_Material.003_Emission.png
  artifactKey: Guid(3d9c02a096d0a6f45a148cf10ae921e8) Importer(2089858483,0ecaa5967403d082aa24f35e1b516d23)
Start importing Assets/Level_1_Assets_Prefab/Storage_Door/Storage_Lockers_Separeted_Doors_Material.003_Emission.png using Guid(3d9c02a096d0a6f45a148cf10ae921e8) Importer(2089858483,0ecaa5967403d082aa24f35e1b516d23)  -> (artifact id: '232db50fb1cb37f376b935dc9ae1b19d') in 0.021361 seconds
Number of updated asset objects reloaded before import = 0
Number of asset objects unloaded after import = 1
========================================================================
Received Import Request.
  Time since last request: 0.000025 seconds.
  path: Assets/Level_1_Assets_Prefab/Storage_Door/Storage_Lockers_Separeted_Doors_Material.002_AmbientOcclusion.png
  artifactKey: Guid(54d43f7e9dd58884fb7649c07a4040e0) Importer(2089858483,0ecaa5967403d082aa24f35e1b516d23)
Start importing Assets/Level_1_Assets_Prefab/Storage_Door/Storage_Lockers_Separeted_Doors_Material.002_AmbientOcclusion.png using Guid(54d43f7e9dd58884fb7649c07a4040e0) Importer(2089858483,0ecaa5967403d082aa24f35e1b516d23)  -> (artifact id: 'a7fff38f171d8155f7df963f1646c4f1') in 0.020298 seconds
Number of updated asset objects reloaded before import = 0
Number of asset objects unloaded after import = 1
========================================================================
Received Import Request.
  Time since last request: 0.000026 seconds.
  path: Assets/Level_1_Assets_Prefab/Storage_Door/Storage_Lockers_Separeted_Doors_Material.002_Emission.png
  artifactKey: Guid(799ebb14309d9ec45b21f6f34ce0f236) Importer(2089858483,0ecaa5967403d082aa24f35e1b516d23)
Start importing Assets/Level_1_Assets_Prefab/Storage_Door/Storage_Lockers_Separeted_Doors_Material.002_Emission.png using Guid(799ebb14309d9ec45b21f6f34ce0f236) Importer(2089858483,0ecaa5967403d082aa24f35e1b516d23)  -> (artifact id: '45914bc3c0e6817d775bc60fee857c5b') in 0.060699 seconds
Number of updated asset objects reloaded before import = 0
Number of asset objects unloaded after import = 1
========================================================================
Received Import Request.
  Time since last request: 0.000019 seconds.
  path: Assets/Level_1_Assets_Prefab/Storage_Door/Storage_Lockers_Separeted_Doors_Material.003_MetallicSmoothness.png
  artifactKey: Guid(62c74a97a96e87342acc38b304d9b9d4) Importer(2089858483,0ecaa5967403d082aa24f35e1b516d23)
Start importing Assets/Level_1_Assets_Prefab/Storage_Door/Storage_Lockers_Separeted_Doors_Material.003_MetallicSmoothness.png using Guid(62c74a97a96e87342acc38b304d9b9d4) Importer(2089858483,0ecaa5967403d082aa24f35e1b516d23)  -> (artifact id: '69185e32d0dcf43f5eb3f766b8511970') in 0.222610 seconds
Number of updated asset objects reloaded before import = 0
Number of asset objects unloaded after import = 1
========================================================================
Received Import Request.
  Time since last request: 0.000022 seconds.
  path: Assets/Level_1_Assets_Prefab/Storage_Door/Storage_Lockers_Separeted_Doors_Material.004_AmbientOcclusion.png
  artifactKey: Guid(e33fe3a52bbe9bb46b5a333793aa86ce) Importer(2089858483,0ecaa5967403d082aa24f35e1b516d23)
Start importing Assets/Level_1_Assets_Prefab/Storage_Door/Storage_Lockers_Separeted_Doors_Material.004_AmbientOcclusion.png using Guid(e33fe3a52bbe9bb46b5a333793aa86ce) Importer(2089858483,0ecaa5967403d082aa24f35e1b516d23)  -> (artifact id: 'fa6decd1040cdc496351ebd0b9bf317d') in 0.021217 seconds
Number of updated asset objects reloaded before import = 0
Number of asset objects unloaded after import = 1
========================================================================
Received Import Request.
  Time since last request: 0.000026 seconds.
  path: Assets/Assets/Kitchen_Sink/Kitchen_Sink_Material.022_Emission.png
  artifactKey: Guid(3773d70bf787ecc44abfe096fa4b01d9) Importer(2089858483,0ecaa5967403d082aa24f35e1b516d23)
Start importing Assets/Assets/Kitchen_Sink/Kitchen_Sink_Material.022_Emission.png using Guid(3773d70bf787ecc44abfe096fa4b01d9) Importer(2089858483,0ecaa5967403d082aa24f35e1b516d23)  -> (artifact id: '9b47f428c24f5a70f678e34729e351ee') in 0.174064 seconds
Number of updated asset objects reloaded before import = 0
Number of asset objects unloaded after import = 1
========================================================================
Received Import Request.
  Time since last request: 0.000024 seconds.
  path: Assets/Level_1_Assets_Prefab/Storage_Door/Storage_Lockers_Separeted_Doors_Material.033_Emission.png
  artifactKey: Guid(362e3ebce87027b4fb0a018c476579d9) Importer(2089858483,0ecaa5967403d082aa24f35e1b516d23)
Start importing Assets/Level_1_Assets_Prefab/Storage_Door/Storage_Lockers_Separeted_Doors_Material.033_Emission.png using Guid(362e3ebce87027b4fb0a018c476579d9) Importer(2089858483,0ecaa5967403d082aa24f35e1b516d23)  -> (artifact id: 'dc705841183ffd36d49ae4bf00de11c7') in 0.022714 seconds
Number of updated asset objects reloaded before import = 0
Number of asset objects unloaded after import = 1
========================================================================
Received Import Request.
  Time since last request: 0.000025 seconds.
  path: Assets/Level_1_Assets_Prefab/Storage_Door/Storage_Lockers_Separeted_Doors_Material.004_Normal.png
  artifactKey: Guid(ca9c78020b13c674881d13a8635638a0) Importer(2089858483,0ecaa5967403d082aa24f35e1b516d23)
Start importing Assets/Level_1_Assets_Prefab/Storage_Door/Storage_Lockers_Separeted_Doors_Material.004_Normal.png using Guid(ca9c78020b13c674881d13a8635638a0) Importer(2089858483,0ecaa5967403d082aa24f35e1b516d23)  -> (artifact id: 'bdd6dcacb56c31e226a5f452571bbf82') in 0.028804 seconds
Number of updated asset objects reloaded before import = 0
Number of asset objects unloaded after import = 1
========================================================================
Received Import Request.
  Time since last request: 0.000047 seconds.
  path: Assets/Level_1_Assets_Prefab/Storage_Door/Storage_Lockers_Separeted_Doors_Material.005_Emission.png
  artifactKey: Guid(145013e30e628c948bf8fb27a7a68648) Importer(2089858483,0ecaa5967403d082aa24f35e1b516d23)
Start importing Assets/Level_1_Assets_Prefab/Storage_Door/Storage_Lockers_Separeted_Doors_Material.005_Emission.png using Guid(145013e30e628c948bf8fb27a7a68648) Importer(2089858483,0ecaa5967403d082aa24f35e1b516d23)  -> (artifact id: '802362c3c4ce3e57d6a9fa6f626712a3') in 0.026734 seconds
Number of updated asset objects reloaded before import = 0
Number of asset objects unloaded after import = 1
========================================================================
Received Import Request.
  Time since last request: 0.000019 seconds.
  path: Assets/Level_1_Assets_Prefab/Storage_Door/Storage_Lockers_Separeted_Doors_Material.032_Emission.png
  artifactKey: Guid(f5885119e1a73bb43a9717914132edc9) Importer(2089858483,0ecaa5967403d082aa24f35e1b516d23)
Start importing Assets/Level_1_Assets_Prefab/Storage_Door/Storage_Lockers_Separeted_Doors_Material.032_Emission.png using Guid(f5885119e1a73bb43a9717914132edc9) Importer(2089858483,0ecaa5967403d082aa24f35e1b516d23)  -> (artifact id: '444c8bee47fbbf34b64fe2f026bfb956') in 0.026305 seconds
Number of updated asset objects reloaded before import = 0
Number of asset objects unloaded after import = 1
========================================================================
Received Import Request.
  Time since last request: 0.000023 seconds.
  path: Assets/Assets/Laboratory_Table/Laboratory_Table_Material.056_Normal.png
  artifactKey: Guid(ec39b3a693608ec43bb557fc1dcc902c) Importer(2089858483,0ecaa5967403d082aa24f35e1b516d23)
Start importing Assets/Assets/Laboratory_Table/Laboratory_Table_Material.056_Normal.png using Guid(ec39b3a693608ec43bb557fc1dcc902c) Importer(2089858483,0ecaa5967403d082aa24f35e1b516d23)  -> (artifact id: '780cfa04054e42a4f449024b7a7593ab') in 0.021270 seconds
Number of updated asset objects reloaded before import = 0
Number of asset objects unloaded after import = 1
========================================================================
Received Import Request.
  Time since last request: 0.000024 seconds.
  path: Assets/Level_1_Assets_Prefab/Storage_Door/Storage_Lockers_Separeted_Doors_Material.032_MetallicSmoothness.png
  artifactKey: Guid(7a7902219733b8047b7bf0a62f397000) Importer(2089858483,0ecaa5967403d082aa24f35e1b516d23)
Start importing Assets/Level_1_Assets_Prefab/Storage_Door/Storage_Lockers_Separeted_Doors_Material.032_MetallicSmoothness.png using Guid(7a7902219733b8047b7bf0a62f397000) Importer(2089858483,0ecaa5967403d082aa24f35e1b516d23)  -> (artifact id: '6afce14770e42f0fbb43aca5eb20c78a') in 0.049474 seconds
Number of updated asset objects reloaded before import = 0
Number of asset objects unloaded after import = 1
========================================================================
Received Import Request.
  Time since last request: 0.000031 seconds.
  path: Assets/Level_1_Assets_Prefab/Storage_Door/Storage_Lockers_Separeted_Doors_Material.005_AmbientOcclusion.png
  artifactKey: Guid(a9e415dc68b7897488cc0029993b8384) Importer(2089858483,0ecaa5967403d082aa24f35e1b516d23)
Start importing Assets/Level_1_Assets_Prefab/Storage_Door/Storage_Lockers_Separeted_Doors_Material.005_AmbientOcclusion.png using Guid(a9e415dc68b7897488cc0029993b8384) Importer(2089858483,0ecaa5967403d082aa24f35e1b516d23)  -> (artifact id: 'a8da51bda6333d50abf5a1ce2a4c16b4') in 0.055328 seconds
Number of updated asset objects reloaded before import = 0
Number of asset objects unloaded after import = 1
========================================================================
Received Import Request.
  Time since last request: 0.000045 seconds.
  path: Assets/IgniteCoders/Lab test/Aquarium Lab (revised test)_DefaultMaterial_BaseColor.1001.png
  artifactKey: Guid(6a90d10e8091fa04e940e3ab82e3fe6d) Importer(2089858483,0ecaa5967403d082aa24f35e1b516d23)
Start importing Assets/IgniteCoders/Lab test/Aquarium Lab (revised test)_DefaultMaterial_BaseColor.1001.png using Guid(6a90d10e8091fa04e940e3ab82e3fe6d) Importer(2089858483,0ecaa5967403d082aa24f35e1b516d23)  -> (artifact id: '4f2c4e237f213c0e0c6b77da12d8d1cd') in 0.024477 seconds
Number of updated asset objects reloaded before import = 0
Number of asset objects unloaded after import = 1
========================================================================
Received Import Request.
  Time since last request: 0.000019 seconds.
  path: Assets/Materials/Materials/map guide.mat
  artifactKey: Guid(2c58402ba4254d64db4004759625e819) Importer(2089858483,0ecaa5967403d082aa24f35e1b516d23)
Start importing Assets/Materials/Materials/map guide.mat using Guid(2c58402ba4254d64db4004759625e819) Importer(2089858483,0ecaa5967403d082aa24f35e1b516d23)  -> (artifact id: '4bec3d2282a6bd8c253c733e11bb9922') in 0.435106 seconds
Number of updated asset objects reloaded before import = 0
Number of asset objects unloaded after import = 2
========================================================================
Received Import Request.
  Time since last request: 0.000020 seconds.
  path: Assets/Media/Animations/screenFadeIn.anim
  artifactKey: Guid(fa5d6e05562e08d4789f1503c08da4f7) Importer(2089858483,0ecaa5967403d082aa24f35e1b516d23)
Start importing Assets/Media/Animations/screenFadeIn.anim using Guid(fa5d6e05562e08d4789f1503c08da4f7) Importer(2089858483,0ecaa5967403d082aa24f35e1b516d23)  -> (artifact id: '143eb20020ca80194086ae84086e0a9b') in 0.155813 seconds
Number of updated asset objects reloaded before import = 0
Number of asset objects unloaded after import = 1
========================================================================
Received Import Request.
  Time since last request: 0.000036 seconds.
  path: Assets/Materials/Materials/ferry rental poster at ticket booth.mat
  artifactKey: Guid(e1a0f6b0dd193124ca49d23141431241) Importer(2089858483,0ecaa5967403d082aa24f35e1b516d23)
Start importing Assets/Materials/Materials/ferry rental poster at ticket booth.mat using Guid(e1a0f6b0dd193124ca49d23141431241) Importer(2089858483,0ecaa5967403d082aa24f35e1b516d23)  -> (artifact id: '8c478c557b7886bc4dc5bf62b78160e2') in 0.018467 seconds
Number of updated asset objects reloaded before import = 0
Number of asset objects unloaded after import = 2
========================================================================
Received Import Request.
  Time since last request: 0.000016 seconds.
  path: Assets/Materials/Materials/graffiti lights off.mat
  artifactKey: Guid(bb7c2ad108c22bc42b79363b10fbfea9) Importer(2089858483,0ecaa5967403d082aa24f35e1b516d23)
Start importing Assets/Materials/Materials/graffiti lights off.mat using Guid(bb7c2ad108c22bc42b79363b10fbfea9) Importer(2089858483,0ecaa5967403d082aa24f35e1b516d23)  -> (artifact id: '74062c858dd29619e2ccd1f4f3a20250') in 0.122979 seconds
Number of updated asset objects reloaded before import = 0
Number of asset objects unloaded after import = 2
========================================================================
Received Import Request.
  Time since last request: 0.000023 seconds.
  path: Assets/Materials/Materials/Lever Mechanics.mat
  artifactKey: Guid(9010742c3fb322348b73dc8d8a46a6f4) Importer(2089858483,0ecaa5967403d082aa24f35e1b516d23)
Start importing Assets/Materials/Materials/Lever Mechanics.mat using Guid(9010742c3fb322348b73dc8d8a46a6f4) Importer(2089858483,0ecaa5967403d082aa24f35e1b516d23)  -> (artifact id: 'f66d734cf0f01df95a552278161677f7') in 0.013548 seconds
Number of updated asset objects reloaded before import = 0
Number of asset objects unloaded after import = 2
========================================================================
Received Import Request.
  Time since last request: 0.000022 seconds.
  path: Assets/Media/Cutscene/FirstFishCutscene.playable
  artifactKey: Guid(7baf4b9c6e27c0646af115029abdfdda) Importer(2089858483,0ecaa5967403d082aa24f35e1b516d23)
Start importing Assets/Media/Cutscene/FirstFishCutscene.playable using Guid(7baf4b9c6e27c0646af115029abdfdda) Importer(2089858483,0ecaa5967403d082aa24f35e1b516d23)  -> (artifact id: '2f0d6eef95d087de1e3cf8726dead4fb') in 0.027401 seconds
Number of updated asset objects reloaded before import = 0
Number of asset objects unloaded after import = 46
========================================================================
Received Import Request.
  Time since last request: 0.000025 seconds.
  path: Assets/Materials/Materials/teacup ride.mat
  artifactKey: Guid(3b17b6be440e0404f8447f2a7f8742ef) Importer(2089858483,0ecaa5967403d082aa24f35e1b516d23)
Start importing Assets/Materials/Materials/teacup ride.mat using Guid(3b17b6be440e0404f8447f2a7f8742ef) Importer(2089858483,0ecaa5967403d082aa24f35e1b516d23)  -> (artifact id: 'ad78ae29f8cd2c16eed7a46f07d44c82') in 0.016401 seconds
Number of updated asset objects reloaded before import = 0
Number of asset objects unloaded after import = 2
========================================================================
Received Import Request.
  Time since last request: 0.000016 seconds.
  path: Assets/Materials/Materials/generators guide.mat
  artifactKey: Guid(ee7112a8f16b4a749baa0186139000c1) Importer(2089858483,0ecaa5967403d082aa24f35e1b516d23)
Start importing Assets/Materials/Materials/generators guide.mat using Guid(ee7112a8f16b4a749baa0186139000c1) Importer(2089858483,0ecaa5967403d082aa24f35e1b516d23)  -> (artifact id: '5fc946111611f19a858723dbf79f2ff6') in 0.015469 seconds
Number of updated asset objects reloaded before import = 0
Number of asset objects unloaded after import = 2
========================================================================
Received Import Request.
  Time since last request: 0.000016 seconds.
  path: Assets/Materials/Materials/pirate ship ride poster.mat
  artifactKey: Guid(caa3a0fc184328d42bb83dd91c6d82fc) Importer(2089858483,0ecaa5967403d082aa24f35e1b516d23)
Start importing Assets/Materials/Materials/pirate ship ride poster.mat using Guid(caa3a0fc184328d42bb83dd91c6d82fc) Importer(2089858483,0ecaa5967403d082aa24f35e1b516d23)  -> (artifact id: '5f8e9b53a157626c0c2e0d55065694a6') in 0.018361 seconds
Number of updated asset objects reloaded before import = 0
Number of asset objects unloaded after import = 2
========================================================================
Received Import Request.
  Time since last request: 0.000020 seconds.
  path: Assets/Assets/Storage_Locker_1/Storage_Lockers_1_Material.032_AmbientOcclusion.png
  artifactKey: Guid(6069ac92cc21eac4f8e2fb351768a46a) Importer(2089858483,0ecaa5967403d082aa24f35e1b516d23)
Start importing Assets/Assets/Storage_Locker_1/Storage_Lockers_1_Material.032_AmbientOcclusion.png using Guid(6069ac92cc21eac4f8e2fb351768a46a) Importer(2089858483,0ecaa5967403d082aa24f35e1b516d23)  -> (artifact id: 'a0997ff468da431755cf346ce74ed67e') in 0.019517 seconds
Number of updated asset objects reloaded before import = 0
Number of asset objects unloaded after import = 1
========================================================================
Received Import Request.
  Time since last request: 0.000018 seconds.
  path: Assets/Assets/Oxygen_Tank/Oxygen_Tank_Material.062_MetallicSmoothness.png
  artifactKey: Guid(4314573737414ee48b1d405dca9b3cf4) Importer(2089858483,0ecaa5967403d082aa24f35e1b516d23)
Start importing Assets/Assets/Oxygen_Tank/Oxygen_Tank_Material.062_MetallicSmoothness.png using Guid(4314573737414ee48b1d405dca9b3cf4) Importer(2089858483,0ecaa5967403d082aa24f35e1b516d23)  -> (artifact id: '6e289a9dae87ecf4c01c9f8bcf3534c3') in 0.238090 seconds
Number of updated asset objects reloaded before import = 0
Number of asset objects unloaded after import = 1
========================================================================
Received Import Request.
  Time since last request: 0.000021 seconds.
  path: Assets/Media/Fonts/Avery-Regular.ttf
  artifactKey: Guid(4e5d2a5b881e05f478d0e6056191b8da) Importer(2089858483,0ecaa5967403d082aa24f35e1b516d23)
Start importing Assets/Media/Fonts/Avery-Regular.ttf using Guid(4e5d2a5b881e05f478d0e6056191b8da) Importer(2089858483,0ecaa5967403d082aa24f35e1b516d23)  -> (artifact id: '14202b43cd56def66a01548eabe68a9d') in 0.138538 seconds
Number of updated asset objects reloaded before import = 0
Number of asset objects unloaded after import = 3
========================================================================
Received Import Request.
  Time since last request: 0.000025 seconds.
  path: Assets/Media/Fonts/Noach - Free Trial SDF.asset
  artifactKey: Guid(0a158d96c083b2448ae7c7bcbf5c23d1) Importer(2089858483,0ecaa5967403d082aa24f35e1b516d23)
Start importing Assets/Media/Fonts/Noach - Free Trial SDF.asset using Guid(0a158d96c083b2448ae7c7bcbf5c23d1) Importer(2089858483,0ecaa5967403d082aa24f35e1b516d23)  -> (artifact id: 'a9127ecc7fbaeb7268354ecebd90d246') in 0.385181 seconds
Number of updated asset objects reloaded before import = 0
Number of asset objects unloaded after import = 5
========================================================================
Received Import Request.
  Time since last request: 0.000019 seconds.
  path: Assets/Media/Fonts/AppleGaramond SDF.asset
  artifactKey: Guid(f7a8dac1ff70c3f4ca852401567f0730) Importer(2089858483,0ecaa5967403d082aa24f35e1b516d23)
Start importing Assets/Media/Fonts/AppleGaramond SDF.asset using Guid(f7a8dac1ff70c3f4ca852401567f0730) Importer(2089858483,0ecaa5967403d082aa24f35e1b516d23)  -> (artifact id: 'fdc130b67baecccfee4739c3fcba6357') in 0.127186 seconds
Number of updated asset objects reloaded before import = 0
Number of asset objects unloaded after import = 5
========================================================================
Received Import Request.
  Time since last request: 0.000030 seconds.
  path: Assets/Media/Videos/LoadingScreenVideo.mp4
  artifactKey: Guid(2af13fd283242ef408199de757bfaa1e) Importer(2089858483,0ecaa5967403d082aa24f35e1b516d23)
Start importing Assets/Media/Videos/LoadingScreenVideo.mp4 using Guid(2af13fd283242ef408199de757bfaa1e) Importer(2089858483,0ecaa5967403d082aa24f35e1b516d23)  -> (artifact id: '07d918ecaf57c6be18b7fcf6e2fba279') in 0.016650 seconds
Number of updated asset objects reloaded before import = 0
Number of asset objects unloaded after import = 1
========================================================================
Received Import Request.
  Time since last request: 0.000017 seconds.
  path: Assets/Media/Sprites/MonitorTitle.png
  artifactKey: Guid(35f42426957a2b043a06ad997ae2b6b0) Importer(2089858483,0ecaa5967403d082aa24f35e1b516d23)
Start importing Assets/Media/Sprites/MonitorTitle.png using Guid(35f42426957a2b043a06ad997ae2b6b0) Importer(2089858483,0ecaa5967403d082aa24f35e1b516d23)  -> (artifact id: '3f7fb665dd9cabb91509a0def8df9146') in 0.061512 seconds
Number of updated asset objects reloaded before import = 0
Number of asset objects unloaded after import = 3
========================================================================
Received Import Request.
  Time since last request: 0.000019 seconds.
  path: Assets/Media/UI/bottom-l.png
  artifactKey: Guid(348a68c1656c8d44cbd321bd07730b4d) Importer(2089858483,0ecaa5967403d082aa24f35e1b516d23)
Start importing Assets/Media/UI/bottom-l.png using Guid(348a68c1656c8d44cbd321bd07730b4d) Importer(2089858483,0ecaa5967403d082aa24f35e1b516d23)  -> (artifact id: '383984d18832633834f7da9df728643c') in 0.109398 seconds
Number of updated asset objects reloaded before import = 0
Number of asset objects unloaded after import = 3
========================================================================
Received Import Request.
  Time since last request: 0.000019 seconds.
  path: Assets/Media/Sprites/id card uv.png
  artifactKey: Guid(3161ca222bdb23548974ffb088f80e0b) Importer(2089858483,0ecaa5967403d082aa24f35e1b516d23)
Start importing Assets/Media/Sprites/id card uv.png using Guid(3161ca222bdb23548974ffb088f80e0b) Importer(2089858483,0ecaa5967403d082aa24f35e1b516d23)  -> (artifact id: '8db9f00236d27d72f96b0f8c07eb1205') in 0.071558 seconds
Number of updated asset objects reloaded before import = 0
Number of asset objects unloaded after import = 1
========================================================================
Received Import Request.
  Time since last request: 0.000030 seconds.
  path: Assets/Media/Fonts/Creepster-Regular.ttf
  artifactKey: Guid(9b3b6eb3d22214b48a0785be4421c01c) Importer(2089858483,0ecaa5967403d082aa24f35e1b516d23)
Start importing Assets/Media/Fonts/Creepster-Regular.ttf using Guid(9b3b6eb3d22214b48a0785be4421c01c) Importer(2089858483,0ecaa5967403d082aa24f35e1b516d23)  -> (artifact id: 'e7b8bf30754fcbae1b8619ea7ac82841') in 0.017623 seconds
Number of updated asset objects reloaded before import = 0
Number of asset objects unloaded after import = 3
========================================================================
Received Import Request.
  Time since last request: 0.000024 seconds.
  path: Assets/Media/Fonts/AppleGaramond.ttf
  artifactKey: Guid(7ad261e31a8c1f84c999f88a49e3c196) Importer(2089858483,0ecaa5967403d082aa24f35e1b516d23)
Start importing Assets/Media/Fonts/AppleGaramond.ttf using Guid(7ad261e31a8c1f84c999f88a49e3c196) Importer(2089858483,0ecaa5967403d082aa24f35e1b516d23)  -> (artifact id: '15bde1dc225e96da35e82349c21e0d9b') in 0.026149 seconds
Number of updated asset objects reloaded before import = 0
Number of asset objects unloaded after import = 3
========================================================================
Received Import Request.
  Time since last request: 0.000023 seconds.
  path: Assets/Assets/Laboratory_Table/Laboratory_Table_Material.057_MetallicSmoothness.png
  artifactKey: Guid(53e09a1f384a3164f8534aa51e0828e3) Importer(2089858483,0ecaa5967403d082aa24f35e1b516d23)
Start importing Assets/Assets/Laboratory_Table/Laboratory_Table_Material.057_MetallicSmoothness.png using Guid(53e09a1f384a3164f8534aa51e0828e3) Importer(2089858483,0ecaa5967403d082aa24f35e1b516d23)  -> (artifact id: '248e0e274019677561f6add8e0ae61bb') in 0.095307 seconds
Number of updated asset objects reloaded before import = 0
Number of asset objects unloaded after import = 1
========================================================================
Received Import Request.
  Time since last request: 0.000018 seconds.
  path: Assets/Resources/Level3Hints.asset
  artifactKey: Guid(4ed8d87272d34bf489baab8d9cd5e0b7) Importer(2089858483,0ecaa5967403d082aa24f35e1b516d23)
Start importing Assets/Resources/Level3Hints.asset using Guid(4ed8d87272d34bf489baab8d9cd5e0b7) Importer(2089858483,0ecaa5967403d082aa24f35e1b516d23)  -> (artifact id: '0b0f28a1337861025c4712505b4ddbb6') in 0.013534 seconds
Number of updated asset objects reloaded before import = 0
Number of asset objects unloaded after import = 1
========================================================================
Received Import Request.
  Time since last request: 0.000032 seconds.
  path: Assets/RenderTextures/RenderTexture.renderTexture
  artifactKey: Guid(bac22de9c100f7d488f5aa18dd37fc36) Importer(2089858483,0ecaa5967403d082aa24f35e1b516d23)
Start importing Assets/RenderTextures/RenderTexture.renderTexture using Guid(bac22de9c100f7d488f5aa18dd37fc36) Importer(2089858483,0ecaa5967403d082aa24f35e1b516d23)  -> (artifact id: '0384219c747bcbfe549a3fd6bd497a16') in 0.014464 seconds
Number of updated asset objects reloaded before import = 0
Number of asset objects unloaded after import = 1
========================================================================
Received Import Request.
  Time since last request: 0.000031 seconds.
  path: Assets/Media/Fonts/Creepster-Regular SDF.asset
  artifactKey: Guid(81de4446683e724429f61092cd08efb5) Importer(2089858483,0ecaa5967403d082aa24f35e1b516d23)
Start importing Assets/Media/Fonts/Creepster-Regular SDF.asset using Guid(81de4446683e724429f61092cd08efb5) Importer(2089858483,0ecaa5967403d082aa24f35e1b516d23)  -> (artifact id: 'd73c860be4084117b270d718640a3060') in 0.035417 seconds
Number of updated asset objects reloaded before import = 0
Number of asset objects unloaded after import = 5
========================================================================
Received Import Request.
  Time since last request: 0.000164 seconds.
  path: Assets/Prefabs/Camera_Waking/Fade_Animation_Controller.controller
  artifactKey: Guid(edec50b1fa4746a4681fca98bcac4159) Importer(2089858483,0ecaa5967403d082aa24f35e1b516d23)
Start importing Assets/Prefabs/Camera_Waking/Fade_Animation_Controller.controller using Guid(edec50b1fa4746a4681fca98bcac4159) Importer(2089858483,0ecaa5967403d082aa24f35e1b516d23)  -> (artifact id: '8c37b4a392f872d081e6181b27917247') in 0.076240 seconds
Number of updated asset objects reloaded before import = 0
Number of asset objects unloaded after import = 4
========================================================================
Received Import Request.
  Time since last request: 0.000023 seconds.
  path: Assets/Prefabs/Bush/Bush_Unwrapped_Bush_Normal.1001.png
  artifactKey: Guid(c479393379b5cfd4ea6f732d78123efd) Importer(2089858483,0ecaa5967403d082aa24f35e1b516d23)
Start importing Assets/Prefabs/Bush/Bush_Unwrapped_Bush_Normal.1001.png using Guid(c479393379b5cfd4ea6f732d78123efd) Importer(2089858483,0ecaa5967403d082aa24f35e1b516d23)  -> (artifact id: 'eaca4be085419bc26256f157738ab8ea') in 0.020910 seconds
Number of updated asset objects reloaded before import = 0
Number of asset objects unloaded after import = 1
========================================================================
Received Import Request.
  Time since last request: 0.000041 seconds.
  path: Assets/Prefabs/Bush/Leaves_Recolored.mat
  artifactKey: Guid(5ccc6e2bb833fcd449760232d3b45f51) Importer(2089858483,0ecaa5967403d082aa24f35e1b516d23)
Start importing Assets/Prefabs/Bush/Leaves_Recolored.mat using Guid(5ccc6e2bb833fcd449760232d3b45f51) Importer(2089858483,0ecaa5967403d082aa24f35e1b516d23)  -> (artifact id: 'b2315c1008a3fdd87c3c3b3807230280') in 0.023381 seconds
Number of updated asset objects reloaded before import = 0
Number of asset objects unloaded after import = 5
========================================================================
Received Import Request.
  Time since last request: 0.000019 seconds.
  path: Assets/Prefabs/Carnival Stall/carnival stall_DefaultMaterial_Normal.1001.png
  artifactKey: Guid(34ad9b875a0ae424681e387d131b3d3f) Importer(2089858483,0ecaa5967403d082aa24f35e1b516d23)
Start importing Assets/Prefabs/Carnival Stall/carnival stall_DefaultMaterial_Normal.1001.png using Guid(34ad9b875a0ae424681e387d131b3d3f) Importer(2089858483,0ecaa5967403d082aa24f35e1b516d23)  -> (artifact id: '32e50ffe6e673b3ff3310bbdc2a9d7f2') in 0.019454 seconds
Number of updated asset objects reloaded before import = 0
Number of asset objects unloaded after import = 1
========================================================================
Received Import Request.
  Time since last request: 0.000027 seconds.
  path: Assets/Prefabs/Camera_Waking/Camera_Test.fbx
  artifactKey: Guid(1f4a578e3daf8a74783e5c0a1be765cb) Importer(2089858483,0ecaa5967403d082aa24f35e1b516d23)
Start importing Assets/Prefabs/Camera_Waking/Camera_Test.fbx using Guid(1f4a578e3daf8a74783e5c0a1be765cb) Importer(2089858483,0ecaa5967403d082aa24f35e1b516d23)  -> (artifact id: '31a882a2ad9fd84ae1a18dabda22d8fe') in 0.057147 seconds
Number of updated asset objects reloaded before import = 0
Number of asset objects unloaded after import = 7
========================================================================
Received Import Request.
  Time since last request: 0.000022 seconds.
  path: Assets/Prefabs/Bush/Bush_Unwrapped_Bush_Leaves_Emission.1001.png
  artifactKey: Guid(07602e8b2f42de74da4fc6339300eb60) Importer(2089858483,0ecaa5967403d082aa24f35e1b516d23)
Start importing Assets/Prefabs/Bush/Bush_Unwrapped_Bush_Leaves_Emission.1001.png using Guid(07602e8b2f42de74da4fc6339300eb60) Importer(2089858483,0ecaa5967403d082aa24f35e1b516d23)  -> (artifact id: '9c4e50bf6ab1cf6f55cfc592ef491ad0') in 0.213924 seconds
Number of updated asset objects reloaded before import = 0
Number of asset objects unloaded after import = 1
========================================================================
Received Import Request.
  Time since last request: 0.000069 seconds.
  path: Assets/Prefabs/Carousel/Carousel_Animated_Textured_But_no_Horse.prefab
  artifactKey: Guid(3699472dd3ae5224dbfb26e4561989c1) Importer(2089858483,0ecaa5967403d082aa24f35e1b516d23)
Start importing Assets/Prefabs/Carousel/Carousel_Animated_Textured_But_no_Horse.prefab using Guid(3699472dd3ae5224dbfb26e4561989c1) Importer(2089858483,0ecaa5967403d082aa24f35e1b516d23)  -> (artifact id: '8d0bca0827a24cd0c36374a68cc8b6a2') in 0.018882 seconds
Number of updated asset objects reloaded before import = 0
Number of asset objects unloaded after import = 41
========================================================================
Received Import Request.
  Time since last request: 0.000017 seconds.
  path: Assets/Prefabs/Carnival Stall/New Material.mat
  artifactKey: Guid(7b7ad460a58e9fb4891e0cf16a621d2d) Importer(2089858483,0ecaa5967403d082aa24f35e1b516d23)
Start importing Assets/Prefabs/Carnival Stall/New Material.mat using Guid(7b7ad460a58e9fb4891e0cf16a621d2d) Importer(2089858483,0ecaa5967403d082aa24f35e1b516d23)  -> (artifact id: '15582e42e40e175346fb08bcfcb2d3a3') in 0.024124 seconds
Number of updated asset objects reloaded before import = 0
Number of asset objects unloaded after import = 6
========================================================================
Received Import Request.
  Time since last request: 0.000021 seconds.
  path: Assets/Prefabs/Coconut Tree/Coconut_Tree_Unwrapped_Coconut_Tree_Emission.png
  artifactKey: Guid(3ac4a5340fa16fb409430dec08a72a10) Importer(2089858483,0ecaa5967403d082aa24f35e1b516d23)
Start importing Assets/Prefabs/Coconut Tree/Coconut_Tree_Unwrapped_Coconut_Tree_Emission.png using Guid(3ac4a5340fa16fb409430dec08a72a10) Importer(2089858483,0ecaa5967403d082aa24f35e1b516d23)  -> (artifact id: '48741fac3f6e1900f42cef12347eddcf') in 0.033742 seconds
Number of updated asset objects reloaded before import = 0
Number of asset objects unloaded after import = 1
========================================================================
Received Import Request.
  Time since last request: 0.000028 seconds.
  path: Assets/Prefabs/Carousel/Crousel_NoTextures_Material.066_AlbedoTransparency.1001.png
  artifactKey: Guid(e003a17546d06af44a2288ba524b728c) Importer(2089858483,0ecaa5967403d082aa24f35e1b516d23)
Start importing Assets/Prefabs/Carousel/Crousel_NoTextures_Material.066_AlbedoTransparency.1001.png using Guid(e003a17546d06af44a2288ba524b728c) Importer(2089858483,0ecaa5967403d082aa24f35e1b516d23)  -> (artifact id: '895ff2928c1b7d1b6686f0a95d3c651d') in 0.021180 seconds
Number of updated asset objects reloaded before import = 0
Number of asset objects unloaded after import = 1
========================================================================
Received Import Request.
  Time since last request: 0.000022 seconds.
  path: Assets/Prefabs/Carousel/Carousel_Animated.fbx
  artifactKey: Guid(d46bab3668c3d4043a658098d513f1e6) Importer(2089858483,0ecaa5967403d082aa24f35e1b516d23)
Start importing Assets/Prefabs/Carousel/Carousel_Animated.fbx using Guid(d46bab3668c3d4043a658098d513f1e6) Importer(2089858483,0ecaa5967403d082aa24f35e1b516d23)  -> (artifact id: 'f484aabd80a2b92acecc6feb8c6f2b92') in 0.026733 seconds
Number of updated asset objects reloaded before import = 0
Number of asset objects unloaded after import = 22
========================================================================
Received Import Request.
  Time since last request: 0.000028 seconds.
  path: Assets/Prefabs/Coconut Tree/Coconut_Tree_Unwrapped_Coconut_Tree_Normal.png
  artifactKey: Guid(6c810563efb6b0c459e00a9c724c22f5) Importer(2089858483,0ecaa5967403d082aa24f35e1b516d23)
Start importing Assets/Prefabs/Coconut Tree/Coconut_Tree_Unwrapped_Coconut_Tree_Normal.png using Guid(6c810563efb6b0c459e00a9c724c22f5) Importer(2089858483,0ecaa5967403d082aa24f35e1b516d23)  -> (artifact id: '0450271e239205dcb7d46e30c5d10004') in 0.022471 seconds
Number of updated asset objects reloaded before import = 0
Number of asset objects unloaded after import = 1
========================================================================
Received Import Request.
  Time since last request: 0.000049 seconds.
  path: Assets/Prefabs/Container_Fishguts/Container_Containing_Fish_Guts_Material.006_BaseColor.1001.png
  artifactKey: Guid(3ec9cfb0d68465645843bace45aa9567) Importer(2089858483,0ecaa5967403d082aa24f35e1b516d23)
Start importing Assets/Prefabs/Container_Fishguts/Container_Containing_Fish_Guts_Material.006_BaseColor.1001.png using Guid(3ec9cfb0d68465645843bace45aa9567) Importer(2089858483,0ecaa5967403d082aa24f35e1b516d23)  -> (artifact id: '719ae17f4b3f80895bd8b13d94fe4ca1') in 0.033860 seconds
Number of updated asset objects reloaded before import = 0
Number of asset objects unloaded after import = 1
========================================================================
Received Import Request.
  Time since last request: 0.000015 seconds.
  path: Assets/Prefabs/Container_Fishguts/Container_Containing_Fish_Guts_Material.006_Emissive.1001.png
  artifactKey: Guid(b3426c2d9b44dc84196e080aac0cb00c) Importer(2089858483,0ecaa5967403d082aa24f35e1b516d23)
Start importing Assets/Prefabs/Container_Fishguts/Container_Containing_Fish_Guts_Material.006_Emissive.1001.png using Guid(b3426c2d9b44dc84196e080aac0cb00c) Importer(2089858483,0ecaa5967403d082aa24f35e1b516d23)  -> (artifact id: '684a9da19c6e927638d0a9b2e1fa49f3') in 0.021350 seconds
Number of updated asset objects reloaded before import = 0
Number of asset objects unloaded after import = 1
========================================================================
Received Import Request.
  Time since last request: 0.000018 seconds.
  path: Assets/Prefabs/Coconut Tree/New Material.mat
  artifactKey: Guid(5659d36b9bae2c84b96f9a06f8a7e83c) Importer(2089858483,0ecaa5967403d082aa24f35e1b516d23)
Start importing Assets/Prefabs/Coconut Tree/New Material.mat using Guid(5659d36b9bae2c84b96f9a06f8a7e83c) Importer(2089858483,0ecaa5967403d082aa24f35e1b516d23)  -> (artifact id: '44b4abc8c2d984735059cdcdca221ab5') in 0.020735 seconds
Number of updated asset objects reloaded before import = 0
Number of asset objects unloaded after import = 5
========================================================================
Received Import Request.
  Time since last request: 0.000019 seconds.
  path: Assets/Prefabs/Container_Fishguts/Container_Containing_Fish_Guts_Material.006_Normal.1001.png
  artifactKey: Guid(806167ba7d60ce64db44f8add0d8dfae) Importer(2089858483,0ecaa5967403d082aa24f35e1b516d23)
Start importing Assets/Prefabs/Container_Fishguts/Container_Containing_Fish_Guts_Material.006_Normal.1001.png using Guid(806167ba7d60ce64db44f8add0d8dfae) Importer(2089858483,0ecaa5967403d082aa24f35e1b516d23)  -> (artifact id: '2a863b84a26a7d24bac12ec6bb2563dc') in 0.023810 seconds
Number of updated asset objects reloaded before import = 0
Number of asset objects unloaded after import = 1
========================================================================
Received Import Request.
  Time since last request: 0.000034 seconds.
  path: Assets/Prefabs/Container_Fishguts/Container_Containing_Fish_Guts_Material.006_Metallic.1001.png
  artifactKey: Guid(b09ed8112c303b24e8714f500912ca0e) Importer(2089858483,0ecaa5967403d082aa24f35e1b516d23)
Start importing Assets/Prefabs/Container_Fishguts/Container_Containing_Fish_Guts_Material.006_Metallic.1001.png using Guid(b09ed8112c303b24e8714f500912ca0e) Importer(2089858483,0ecaa5967403d082aa24f35e1b516d23)  -> (artifact id: '18e9ce1eebdb06ebe9df0787c116815f') in 0.047984 seconds
Number of updated asset objects reloaded before import = 0
Number of asset objects unloaded after import = 1
========================================================================
Received Import Request.
  Time since last request: 0.000018 seconds.
  path: Assets/Prefabs/Container_Fishguts/Container_Containing_Fish_Guts_Material.075_Height.1001.png
  artifactKey: Guid(2c7a92db6d396df468f52ba307970441) Importer(2089858483,0ecaa5967403d082aa24f35e1b516d23)
Start importing Assets/Prefabs/Container_Fishguts/Container_Containing_Fish_Guts_Material.075_Height.1001.png using Guid(2c7a92db6d396df468f52ba307970441) Importer(2089858483,0ecaa5967403d082aa24f35e1b516d23)  -> (artifact id: '1d4f73d5d2c77f7b9b3a1acafb28aee0') in 0.017353 seconds
Number of updated asset objects reloaded before import = 0
Number of asset objects unloaded after import = 1
========================================================================
Received Import Request.
  Time since last request: 0.000016 seconds.
  path: Assets/Prefabs/Coconut Tree/Coconut_Tree_Unwrapped_Coconut_Tree_SpecularSmoothness.png
  artifactKey: Guid(fa41d49761451f6459f589d9ef6e12a4) Importer(2089858483,0ecaa5967403d082aa24f35e1b516d23)
Start importing Assets/Prefabs/Coconut Tree/Coconut_Tree_Unwrapped_Coconut_Tree_SpecularSmoothness.png using Guid(fa41d49761451f6459f589d9ef6e12a4) Importer(2089858483,0ecaa5967403d082aa24f35e1b516d23)  -> (artifact id: '491aee0aa2f88e6f9d6bb0c49c358c9c') in 0.023861 seconds
Number of updated asset objects reloaded before import = 0
Number of asset objects unloaded after import = 1
========================================================================
Received Import Request.
  Time since last request: 0.000015 seconds.
  path: Assets/Assets/Storage_Locker_1/Storage_Lockers_1_Material.034_MetallicSmoothness.png
  artifactKey: Guid(4f4c0c0f15e2f24438aee7eca9071924) Importer(2089858483,0ecaa5967403d082aa24f35e1b516d23)
Start importing Assets/Assets/Storage_Locker_1/Storage_Lockers_1_Material.034_MetallicSmoothness.png using Guid(4f4c0c0f15e2f24438aee7eca9071924) Importer(2089858483,0ecaa5967403d082aa24f35e1b516d23)  -> (artifact id: '63626e6d7557c2e419fd5e72b2a2615f') in 0.031303 seconds
Number of updated asset objects reloaded before import = 0
Number of asset objects unloaded after import = 1
========================================================================
Received Import Request.
  Time since last request: 0.000015 seconds.
  path: Assets/Media/Fonts/UAV-OSD-Sans-Mono SDF.asset
  artifactKey: Guid(93661b8876dda5f40b3783b85ffce9bb) Importer(2089858483,0ecaa5967403d082aa24f35e1b516d23)
Start importing Assets/Media/Fonts/UAV-OSD-Sans-Mono SDF.asset using Guid(93661b8876dda5f40b3783b85ffce9bb) Importer(2089858483,0ecaa5967403d082aa24f35e1b516d23)  -> (artifact id: '64e806c3e8c082bef1e133cfb68bfbf9') in 0.037137 seconds
Number of updated asset objects reloaded before import = 0
Number of asset objects unloaded after import = 5
========================================================================
Received Import Request.
  Time since last request: 0.000021 seconds.
  path: Assets/Assets/Laboratory_Table/Laboratory_Table_Material.058_MetallicSmoothness.png
  artifactKey: Guid(27b14ed0eb6a5c243bfa6bf44ee18e9a) Importer(2089858483,0ecaa5967403d082aa24f35e1b516d23)
Start importing Assets/Assets/Laboratory_Table/Laboratory_Table_Material.058_MetallicSmoothness.png using Guid(27b14ed0eb6a5c243bfa6bf44ee18e9a) Importer(2089858483,0ecaa5967403d082aa24f35e1b516d23)  -> (artifact id: 'fdbee44459a33b1c9deda5810b1c4634') in 0.021521 seconds
Number of updated asset objects reloaded before import = 0
Number of asset objects unloaded after import = 1
========================================================================
Received Import Request.
  Time since last request: 0.000066 seconds.
  path: Assets/FX/Blood.shadergraph
  artifactKey: Guid(05e5b53b805ec2b46a2175ca49441e76) Importer(2089858483,0ecaa5967403d082aa24f35e1b516d23)
Start importing Assets/FX/Blood.shadergraph using Guid(05e5b53b805ec2b46a2175ca49441e76) Importer(2089858483,0ecaa5967403d082aa24f35e1b516d23)  -> (artifact id: '4f6e2182d41fb0da88aa2a4fd240b6b9') in 0.017763 seconds
Number of updated asset objects reloaded before import = 0
Number of asset objects unloaded after import = 1
========================================================================
Received Import Request.
  Time since last request: 0.000063 seconds.
  path: Assets/Prefabs/Coral Golem/Coral_Golem_Test_2.prefab
  artifactKey: Guid(ead2b48731388904b863ce46195eb721) Importer(2089858483,0ecaa5967403d082aa24f35e1b516d23)
Start importing Assets/Prefabs/Coral Golem/Coral_Golem_Test_2.prefab using Guid(ead2b48731388904b863ce46195eb721) Importer(2089858483,0ecaa5967403d082aa24f35e1b516d23)  -> (artifact id: '13b468813d0fdf9def84f84f1ded1f0b') in 0.487959 seconds
Number of updated asset objects reloaded before import = 0
Number of asset objects unloaded after import = 244
========================================================================
Received Import Request.
  Time since last request: 0.000020 seconds.
  path: Assets/Assets/Cylinder_Tank/Cylinder_Tank_Material.063_Normal.png
  artifactKey: Guid(b10c6bd6030608a49b2bcaeb26ca1e57) Importer(2089858483,0ecaa5967403d082aa24f35e1b516d23)
Start importing Assets/Assets/Cylinder_Tank/Cylinder_Tank_Material.063_Normal.png using Guid(b10c6bd6030608a49b2bcaeb26ca1e57) Importer(2089858483,0ecaa5967403d082aa24f35e1b516d23)  -> (artifact id: 'e3d516312788a9c7e1bc168c95b29fa9') in 0.021024 seconds
Number of updated asset objects reloaded before import = 0
Number of asset objects unloaded after import = 1
========================================================================
Received Import Request.
  Time since last request: 0.000035 seconds.
  path: Assets/Assets/Trash_Bin/Trash_Bin_Material.020_Normal.png
  artifactKey: Guid(d38a387afefd90e49a38316e629d0716) Importer(2089858483,0ecaa5967403d082aa24f35e1b516d23)
Start importing Assets/Assets/Trash_Bin/Trash_Bin_Material.020_Normal.png using Guid(d38a387afefd90e49a38316e629d0716) Importer(2089858483,0ecaa5967403d082aa24f35e1b516d23)  -> (artifact id: 'bb303a223e4dc042eb53a53b41afc122') in 0.022421 seconds
Number of updated asset objects reloaded before import = 0
Number of asset objects unloaded after import = 1
========================================================================
Received Import Request.
  Time since last request: 0.000017 seconds.
  path: Assets/Prefabs/Ferry/ferry_Material_BaseColor.1001.png
  artifactKey: Guid(48dba6fcf3dbee94b86dd8137f29a6a0) Importer(2089858483,0ecaa5967403d082aa24f35e1b516d23)
Start importing Assets/Prefabs/Ferry/ferry_Material_BaseColor.1001.png using Guid(48dba6fcf3dbee94b86dd8137f29a6a0) Importer(2089858483,0ecaa5967403d082aa24f35e1b516d23)  -> (artifact id: '624b03ed47bddc69065920ca891c4f31') in 0.017803 seconds
Number of updated asset objects reloaded before import = 0
Number of asset objects unloaded after import = 1
========================================================================
Received Import Request.
  Time since last request: 0.000018 seconds.
  path: Assets/Fish/Bones/Fish_Skeleton_Unwrapped.fbx
  artifactKey: Guid(e0e6b36c85cd43045b1260e4d49904ec) Importer(2089858483,0ecaa5967403d082aa24f35e1b516d23)
Start importing Assets/Fish/Bones/Fish_Skeleton_Unwrapped.fbx using Guid(e0e6b36c85cd43045b1260e4d49904ec) Importer(2089858483,0ecaa5967403d082aa24f35e1b516d23)  -> (artifact id: '08a8a843a0b0e256f147fdf5fe25bd03') in 0.023383 seconds
Number of updated asset objects reloaded before import = 0
Number of asset objects unloaded after import = 8
========================================================================
Received Import Request.
  Time since last request: 0.000016 seconds.
  path: Assets/Prefabs/Generator/GeneratorLight.mat
  artifactKey: Guid(702e527e780413146986281a86c328b9) Importer(2089858483,0ecaa5967403d082aa24f35e1b516d23)
Start importing Assets/Prefabs/Generator/GeneratorLight.mat using Guid(702e527e780413146986281a86c328b9) Importer(2089858483,0ecaa5967403d082aa24f35e1b516d23)  -> (artifact id: 'cfa5cd5a4a3fc9aec95879eabd47f4b1') in 0.017876 seconds
Number of updated asset objects reloaded before import = 0
Number of asset objects unloaded after import = 2
========================================================================
Received Import Request.
  Time since last request: 0.000017 seconds.
  path: Assets/Assets/Wall_Security_Camera 1/Security_Wall_Camera_Material.031_Normal.png
  artifactKey: Guid(567aafe9cbb25814486e949a9c1f76e5) Importer(2089858483,0ecaa5967403d082aa24f35e1b516d23)
Start importing Assets/Assets/Wall_Security_Camera 1/Security_Wall_Camera_Material.031_Normal.png using Guid(567aafe9cbb25814486e949a9c1f76e5) Importer(2089858483,0ecaa5967403d082aa24f35e1b516d23)  -> (artifact id: '802e22a43dde739d9e0c8d97f2adb41b') in 0.278988 seconds
Number of updated asset objects reloaded before import = 0
Number of asset objects unloaded after import = 1
========================================================================
Received Import Request.
  Time since last request: 0.000018 seconds.
  path: Assets/Assets/Wall_Security_Camera 1/Security_Wall_Camera_Material.031_Emission.png
  artifactKey: Guid(581bcf462b6421b47bebf4587f01aded) Importer(2089858483,0ecaa5967403d082aa24f35e1b516d23)
Start importing Assets/Assets/Wall_Security_Camera 1/Security_Wall_Camera_Material.031_Emission.png using Guid(581bcf462b6421b47bebf4587f01aded) Importer(2089858483,0ecaa5967403d082aa24f35e1b516d23)  -> (artifact id: 'd0f48d113e2d907fc949bbb9305146ac') in 0.055991 seconds
Number of updated asset objects reloaded before import = 0
Number of asset objects unloaded after import = 1
========================================================================
Received Import Request.
  Time since last request: 0.000059 seconds.
  path: Assets/Prefabs/Coral Golem/Coral_Golem_Texturin_Material.001_AlbedoTransparency.png
  artifactKey: Guid(5d3dc0ac6e5206a4ab8359ff936cc62f) Importer(2089858483,0ecaa5967403d082aa24f35e1b516d23)
Start importing Assets/Prefabs/Coral Golem/Coral_Golem_Texturin_Material.001_AlbedoTransparency.png using Guid(5d3dc0ac6e5206a4ab8359ff936cc62f) Importer(2089858483,0ecaa5967403d082aa24f35e1b516d23)  -> (artifact id: '076a61f30cbf2893ed638b491e4365e1') in 0.060198 seconds
Number of updated asset objects reloaded before import = 0
Number of asset objects unloaded after import = 1
========================================================================
Received Import Request.
  Time since last request: 0.000024 seconds.
  path: Assets/Assets/Wall_Security_Camera 1/Security_Wall_Camera_Material.031_AmbientOcclusion.png
  artifactKey: Guid(c8295028c12466a4f8892d79cae78243) Importer(2089858483,0ecaa5967403d082aa24f35e1b516d23)
Start importing Assets/Assets/Wall_Security_Camera 1/Security_Wall_Camera_Material.031_AmbientOcclusion.png using Guid(c8295028c12466a4f8892d79cae78243) Importer(2089858483,0ecaa5967403d082aa24f35e1b516d23)  -> (artifact id: '1a8bedae196297b49cd6090f9da29e7b') in 0.022488 seconds
Number of updated asset objects reloaded before import = 0
Number of asset objects unloaded after import = 1
========================================================================
Received Import Request.
  Time since last request: 0.000023 seconds.
  path: Assets/Prefabs/Coral Golem/Coral_Golem_Texturin_Material.002_Emission.png
  artifactKey: Guid(8c7cb70971f1062499eef919819781ed) Importer(2089858483,0ecaa5967403d082aa24f35e1b516d23)
Start importing Assets/Prefabs/Coral Golem/Coral_Golem_Texturin_Material.002_Emission.png using Guid(8c7cb70971f1062499eef919819781ed) Importer(2089858483,0ecaa5967403d082aa24f35e1b516d23)  -> (artifact id: 'eeb476ea55f6e7e64c6755d4b7a9222c') in 0.020979 seconds
Number of updated asset objects reloaded before import = 0
Number of asset objects unloaded after import = 1
========================================================================
Received Import Request.
  Time since last request: 0.003743 seconds.
  path: Assets/Prefabs/Generator/Light Base Color.png
  artifactKey: Guid(8a2f796a10b908b46b20854e06ed8354) Importer(2089858483,0ecaa5967403d082aa24f35e1b516d23)
Start importing Assets/Prefabs/Generator/Light Base Color.png using Guid(8a2f796a10b908b46b20854e06ed8354) Importer(2089858483,0ecaa5967403d082aa24f35e1b516d23)  -> (artifact id: 'd0c24fbe014d9a48d026102f64a96af1') in 0.053024 seconds
Number of updated asset objects reloaded before import = 0
Number of asset objects unloaded after import = 1
========================================================================
Received Import Request.
  Time since last request: 0.000023 seconds.
  path: Assets/Prefabs/Generator/Material.001 Base Color.png
  artifactKey: Guid(8908da2a2929bd4419baf808ff9f3a72) Importer(2089858483,0ecaa5967403d082aa24f35e1b516d23)
Start importing Assets/Prefabs/Generator/Material.001 Base Color.png using Guid(8908da2a2929bd4419baf808ff9f3a72) Importer(2089858483,0ecaa5967403d082aa24f35e1b516d23)  -> (artifact id: '722c3856aa9884e79c21e88720baeb2d') in 0.054112 seconds
Number of updated asset objects reloaded before import = 0
Number of asset objects unloaded after import = 1
========================================================================
Received Import Request.
  Time since last request: 0.000020 seconds.
  path: Assets/Prefabs/Lamp Post/New Material.mat
  artifactKey: Guid(e72c9b7ca566a264c9b819123481a93f) Importer(2089858483,0ecaa5967403d082aa24f35e1b516d23)
Start importing Assets/Prefabs/Lamp Post/New Material.mat using Guid(e72c9b7ca566a264c9b819123481a93f) Importer(2089858483,0ecaa5967403d082aa24f35e1b516d23)  -> (artifact id: 'be7f3dc8c8b6368103c96586bc20625a') in 0.032705 seconds
Number of updated asset objects reloaded before import = 0
Number of asset objects unloaded after import = 5
========================================================================
Received Import Request.
  Time since last request: 0.000061 seconds.
  path: Assets/Prefabs/Coral Golem/Coral_Golem_Texturin_Material.002_Normal.png
  artifactKey: Guid(1299f08527b834243ad1eb870bac8c3d) Importer(2089858483,0ecaa5967403d082aa24f35e1b516d23)
Start importing Assets/Prefabs/Coral Golem/Coral_Golem_Texturin_Material.002_Normal.png using Guid(1299f08527b834243ad1eb870bac8c3d) Importer(2089858483,0ecaa5967403d082aa24f35e1b516d23)  -> (artifact id: '2b2e1e12a0ec53868071ae715696aba1') in 0.020446 seconds
Number of updated asset objects reloaded before import = 0
Number of asset objects unloaded after import = 1
========================================================================
Received Import Request.
  Time since last request: 0.000059 seconds.
  path: Assets/Prefabs/Generator/IEPRJ2 Lever Generator Thingy.fbx
  artifactKey: Guid(a829228ed1cb39b4e92f353e09df884d) Importer(2089858483,0ecaa5967403d082aa24f35e1b516d23)
Start importing Assets/Prefabs/Generator/IEPRJ2 Lever Generator Thingy.fbx using Guid(a829228ed1cb39b4e92f353e09df884d) Importer(2089858483,0ecaa5967403d082aa24f35e1b516d23)  -> (artifact id: '7d809e489fac897384405bc58e51d2d6') in 0.029463 seconds
Number of updated asset objects reloaded before import = 0
Number of asset objects unloaded after import = 24
========================================================================
Received Import Request.
  Time since last request: 0.000016 seconds.
  path: Assets/Prefabs/Ferry/ferry.prefab
  artifactKey: Guid(c6ece3f2fb594c142959bea6fb0c9131) Importer(2089858483,0ecaa5967403d082aa24f35e1b516d23)
Start importing Assets/Prefabs/Ferry/ferry.prefab using Guid(c6ece3f2fb594c142959bea6fb0c9131) Importer(2089858483,0ecaa5967403d082aa24f35e1b516d23)  -> (artifact id: 'df12575160e6eb8ab147034a40e06d56') in 0.014175 seconds
Number of updated asset objects reloaded before import = 0
Number of asset objects unloaded after import = 22
========================================================================
Received Import Request.
  Time since last request: 0.000016 seconds.
  path: Assets/Prefabs/Coral Golem/Coral_Golem_Texturin_Material.002_AlbedoTransparency.png
  artifactKey: Guid(6af7e2b9f9229cc44aec5b29deaf00f8) Importer(2089858483,0ecaa5967403d082aa24f35e1b516d23)
Start importing Assets/Prefabs/Coral Golem/Coral_Golem_Texturin_Material.002_AlbedoTransparency.png using Guid(6af7e2b9f9229cc44aec5b29deaf00f8) Importer(2089858483,0ecaa5967403d082aa24f35e1b516d23)  -> (artifact id: 'd5a91061da4e7a982900e470a79961c2') in 0.022111 seconds
Number of updated asset objects reloaded before import = 0
Number of asset objects unloaded after import = 1
========================================================================
Received Import Request.
  Time since last request: 0.000019 seconds.
  path: Assets/Prefabs/Level_1_Assets_Prefab/Security_Ceiling_Camera.prefab
  artifactKey: Guid(1874e9260e1e1234fa65e1ff67c1a8d1) Importer(2089858483,0ecaa5967403d082aa24f35e1b516d23)
Start importing Assets/Prefabs/Level_1_Assets_Prefab/Security_Ceiling_Camera.prefab using Guid(1874e9260e1e1234fa65e1ff67c1a8d1) Importer(2089858483,0ecaa5967403d082aa24f35e1b516d23)  -> (artifact id: 'b204ec4dd8d949e0d721827bad44f7bf') in 0.083913 seconds
Number of updated asset objects reloaded before import = 0
Number of asset objects unloaded after import = 13
========================================================================
Received Import Request.
  Time since last request: 0.000033 seconds.
  path: Assets/Prefabs/Level_1_Assets_Prefab/Laboratory_Table.prefab
  artifactKey: Guid(b637ab436b960bf49a4b5b5f84caaf38) Importer(2089858483,0ecaa5967403d082aa24f35e1b516d23)
Start importing Assets/Prefabs/Level_1_Assets_Prefab/Laboratory_Table.prefab using Guid(b637ab436b960bf49a4b5b5f84caaf38) Importer(2089858483,0ecaa5967403d082aa24f35e1b516d23)  -> (artifact id: '0ae3485771cb2a50c7613acdff2c340f') in 0.017012 seconds
Number of updated asset objects reloaded before import = 0
Number of asset objects unloaded after import = 60
========================================================================
Received Import Request.
  Time since last request: 0.000018 seconds.
  path: Assets/Prefabs/Level_1_Assets_Prefab/Hospital_Curtains.prefab
  artifactKey: Guid(d6c31eb3fb9840947ac6fa5be6125930) Importer(2089858483,0ecaa5967403d082aa24f35e1b516d23)
Start importing Assets/Prefabs/Level_1_Assets_Prefab/Hospital_Curtains.prefab using Guid(d6c31eb3fb9840947ac6fa5be6125930) Importer(2089858483,0ecaa5967403d082aa24f35e1b516d23)  -> (artifact id: '4a61d0125000a0b66be349f5c8f73a6e') in 0.016089 seconds
Number of updated asset objects reloaded before import = 0
Number of asset objects unloaded after import = 26
========================================================================
Received Import Request.
  Time since last request: 0.000016 seconds.
  path: Assets/Prefabs/Level_1_Assets_Prefab/Security_Wall_Camera.prefab
  artifactKey: Guid(6ee17424c3af8384b890924d6ecde1c0) Importer(2089858483,0ecaa5967403d082aa24f35e1b516d23)
Start importing Assets/Prefabs/Level_1_Assets_Prefab/Security_Wall_Camera.prefab using Guid(6ee17424c3af8384b890924d6ecde1c0) Importer(2089858483,0ecaa5967403d082aa24f35e1b516d23)  -> (artifact id: '5a2ab1755a9f85b19e258096c2286b52') in 0.016760 seconds
Number of updated asset objects reloaded before import = 0
Number of asset objects unloaded after import = 35
========================================================================
Received Import Request.
  Time since last request: 0.000028 seconds.
  path: Assets/Prefabs/Lamp Post 1/Lamp_Post_Unwrapped_Lamp_Post_AlbedoTransparency.1001.png
  artifactKey: Guid(42f26ea0d6c6b20469db78740d8bc2b4) Importer(2089858483,0ecaa5967403d082aa24f35e1b516d23)
Start importing Assets/Prefabs/Lamp Post 1/Lamp_Post_Unwrapped_Lamp_Post_AlbedoTransparency.1001.png using Guid(42f26ea0d6c6b20469db78740d8bc2b4) Importer(2089858483,0ecaa5967403d082aa24f35e1b516d23)  -> (artifact id: '93451346d2d3773d7d4ecd8fd29ef496') in 0.026516 seconds
Number of updated asset objects reloaded before import = 0
Number of asset objects unloaded after import = 1
========================================================================
Received Import Request.
  Time since last request: 0.000045 seconds.
  path: Assets/Prefabs/Level_1_Assets_Prefab/Bathtub.prefab
  artifactKey: Guid(764d0692559e4d143997e9f72f207afc) Importer(2089858483,0ecaa5967403d082aa24f35e1b516d23)
Start importing Assets/Prefabs/Level_1_Assets_Prefab/Bathtub.prefab using Guid(764d0692559e4d143997e9f72f207afc) Importer(2089858483,0ecaa5967403d082aa24f35e1b516d23)  -> (artifact id: '42adf09ca8ddfc618f1d91f17fd4115f') in 0.046809 seconds
Number of updated asset objects reloaded before import = 0
Number of asset objects unloaded after import = 13
========================================================================
Received Import Request.
  Time since last request: 0.000021 seconds.
  path: Assets/Prefabs/Materials/Dead-Body.mat
  artifactKey: Guid(20dcb25bee6da2f4eac40fa97f192631) Importer(2089858483,0ecaa5967403d082aa24f35e1b516d23)
Start importing Assets/Prefabs/Materials/Dead-Body.mat using Guid(20dcb25bee6da2f4eac40fa97f192631) Importer(2089858483,0ecaa5967403d082aa24f35e1b516d23)  -> (artifact id: 'e193f42a1762498e867e18b465a423f2') in 0.027749 seconds
Number of updated asset objects reloaded before import = 0
Number of asset objects unloaded after import = 1
========================================================================
Received Import Request.
  Time since last request: 0.000020 seconds.
  path: Assets/Prefabs/Lever_Final/Lever_Unwrapped_Lever_Pole_AlbedoTransparency.1001.png
  artifactKey: Guid(89a23a0f2513a9843b33991b75f84f74) Importer(2089858483,0ecaa5967403d082aa24f35e1b516d23)
Start importing Assets/Prefabs/Lever_Final/Lever_Unwrapped_Lever_Pole_AlbedoTransparency.1001.png using Guid(89a23a0f2513a9843b33991b75f84f74) Importer(2089858483,0ecaa5967403d082aa24f35e1b516d23)  -> (artifact id: '8e6fc4f5a998e4c798f3616119efd694') in 0.023478 seconds
Number of updated asset objects reloaded before import = 0
Number of asset objects unloaded after import = 1
========================================================================
Received Import Request.
  Time since last request: 0.000028 seconds.
  path: Assets/Prefabs/Lever_Final/Lever_Animation_Controller.controller
  artifactKey: Guid(943ca72959913b047a3f6ebc7a5d8072) Importer(2089858483,0ecaa5967403d082aa24f35e1b516d23)
Start importing Assets/Prefabs/Lever_Final/Lever_Animation_Controller.controller using Guid(943ca72959913b047a3f6ebc7a5d8072) Importer(2089858483,0ecaa5967403d082aa24f35e1b516d23)  -> (artifact id: 'b06f9131185d79d78a19a4785a22c49f') in 0.343036 seconds
Number of updated asset objects reloaded before import = 0
Number of asset objects unloaded after import = 8
========================================================================
Received Import Request.
  Time since last request: 0.000046 seconds.
  path: Assets/Prefabs/Materials/Water.shadergraph
  artifactKey: Guid(424d4550cea4a0043afd84e95b8023db) Importer(2089858483,0ecaa5967403d082aa24f35e1b516d23)
Start importing Assets/Prefabs/Materials/Water.shadergraph using Guid(424d4550cea4a0043afd84e95b8023db) Importer(2089858483,0ecaa5967403d082aa24f35e1b516d23)  -> (artifact id: '5d137de4728be0b820d544b0a860e7cb') in 0.019765 seconds
Number of updated asset objects reloaded before import = 0
Number of asset objects unloaded after import = 2
========================================================================
Received Import Request.
  Time since last request: 0.000020 seconds.
  path: Assets/Prefabs/Materials/TV.mat
  artifactKey: Guid(8ccc485b31494e04e82bcc98ae94a79c) Importer(2089858483,0ecaa5967403d082aa24f35e1b516d23)
Start importing Assets/Prefabs/Materials/TV.mat using Guid(8ccc485b31494e04e82bcc98ae94a79c) Importer(2089858483,0ecaa5967403d082aa24f35e1b516d23)  -> (artifact id: 'd3ee83d9bf9a4db49856339d6e009cbe') in 0.052215 seconds
Number of updated asset objects reloaded before import = 0
Number of asset objects unloaded after import = 2
========================================================================
Received Import Request.
  Time since last request: 0.000053 seconds.
  path: Assets/Prefabs/Rubble 1/New Material.mat
  artifactKey: Guid(c10ac22904fed5248bfe3344eedf44cd) Importer(2089858483,0ecaa5967403d082aa24f35e1b516d23)
Start importing Assets/Prefabs/Rubble 1/New Material.mat using Guid(c10ac22904fed5248bfe3344eedf44cd) Importer(2089858483,0ecaa5967403d082aa24f35e1b516d23)  -> (artifact id: '21b10297d1117ae423f075e9d766659b') in 0.051813 seconds
Number of updated asset objects reloaded before import = 0
Number of asset objects unloaded after import = 5
========================================================================
Received Import Request.
  Time since last request: 0.000026 seconds.
  path: Assets/Prefabs/Materials/LICENSE.md
  artifactKey: Guid(835458bc455acba49b8fc0ce17ebd291) Importer(2089858483,0ecaa5967403d082aa24f35e1b516d23)
Start importing Assets/Prefabs/Materials/LICENSE.md using Guid(835458bc455acba49b8fc0ce17ebd291) Importer(2089858483,0ecaa5967403d082aa24f35e1b516d23)  -> (artifact id: 'f9db40c2a137f2c207c031b568e83f1a') in 0.066941 seconds
Number of updated asset objects reloaded before import = 0
Number of asset objects unloaded after import = 1
========================================================================
Received Import Request.
  Time since last request: 0.000024 seconds.
  path: Assets/Prefabs/Materials/GlassMaterial-Window.mat
  artifactKey: Guid(85e3bc4b706ad364b9439047959b7e3c) Importer(2089858483,0ecaa5967403d082aa24f35e1b516d23)
Start importing Assets/Prefabs/Materials/GlassMaterial-Window.mat using Guid(85e3bc4b706ad364b9439047959b7e3c) Importer(2089858483,0ecaa5967403d082aa24f35e1b516d23)  -> (artifact id: '0a27608d03341166df747f755df71bfe') in 0.016778 seconds
Number of updated asset objects reloaded before import = 0
Number of asset objects unloaded after import = 1
========================================================================
Received Import Request.
  Time since last request: 0.000018 seconds.
  path: Assets/Prefabs/Level_1_Assets_Prefab/RotatingDoor.prefab
  artifactKey: Guid(6be28e55ac1c2364fa91a585662db475) Importer(2089858483,0ecaa5967403d082aa24f35e1b516d23)
Start importing Assets/Prefabs/Level_1_Assets_Prefab/RotatingDoor.prefab using Guid(6be28e55ac1c2364fa91a585662db475) Importer(2089858483,0ecaa5967403d082aa24f35e1b516d23)  -> (artifact id: 'c9d6584283ae0a7da548f84d72ab34a9') in 0.055049 seconds
Number of updated asset objects reloaded before import = 0
Number of asset objects unloaded after import = 42
========================================================================
Received Import Request.
  Time since last request: 0.000023 seconds.
  path: Assets/Prefabs/Ferry/ferry_Material_Emissive.1001.png
  artifactKey: Guid(a028fb66415c39e47954f2f0d453ff0f) Importer(2089858483,0ecaa5967403d082aa24f35e1b516d23)
Start importing Assets/Prefabs/Ferry/ferry_Material_Emissive.1001.png using Guid(a028fb66415c39e47954f2f0d453ff0f) Importer(2089858483,0ecaa5967403d082aa24f35e1b516d23)  -> (artifact id: '85de1a6a5783f31bb8994bbaab408737') in 0.023086 seconds
Number of updated asset objects reloaded before import = 0
Number of asset objects unloaded after import = 1
========================================================================
Received Import Request.
  Time since last request: 0.000017 seconds.
  path: Assets/Prefabs/Coral Golem/Coral_Golem_Animation.controller
  artifactKey: Guid(699a999527c91a548ade6c19da3d7974) Importer(2089858483,0ecaa5967403d082aa24f35e1b516d23)
Start importing Assets/Prefabs/Coral Golem/Coral_Golem_Animation.controller using Guid(699a999527c91a548ade6c19da3d7974) Importer(2089858483,0ecaa5967403d082aa24f35e1b516d23)  -> (artifact id: '22f6e00b47433d61d2c7b7dc5d747c5d') in 0.011976 seconds
Number of updated asset objects reloaded before import = 0
Number of asset objects unloaded after import = 20
========================================================================
Received Import Request.
  Time since last request: 0.000020 seconds.
  path: Assets/Prefabs/Sunfish_Model_Animation/Sunfish_DefaultMaterial_SpecularSmoothness.1001.png
  artifactKey: Guid(0397482b1475afe458a5a3aa170710c4) Importer(2089858483,0ecaa5967403d082aa24f35e1b516d23)
Start importing Assets/Prefabs/Sunfish_Model_Animation/Sunfish_DefaultMaterial_SpecularSmoothness.1001.png using Guid(0397482b1475afe458a5a3aa170710c4) Importer(2089858483,0ecaa5967403d082aa24f35e1b516d23)  -> (artifact id: '78082368616bab811183c7a84cb4d6ed') in 0.024370 seconds
Number of updated asset objects reloaded before import = 0
Number of asset objects unloaded after import = 1
========================================================================
Received Import Request.
  Time since last request: 0.000025 seconds.
  path: Assets/Prefabs/Rubble 1/RUBBLE 1_Material_Roughness.1001.png
  artifactKey: Guid(cb84ece5fb4ce8d4c97e059064dc0cf0) Importer(2089858483,0ecaa5967403d082aa24f35e1b516d23)
Start importing Assets/Prefabs/Rubble 1/RUBBLE 1_Material_Roughness.1001.png using Guid(cb84ece5fb4ce8d4c97e059064dc0cf0) Importer(2089858483,0ecaa5967403d082aa24f35e1b516d23)  -> (artifact id: '6c43ed1d635c57310288cd049f63ef2c') in 0.021566 seconds
Number of updated asset objects reloaded before import = 0
Number of asset objects unloaded after import = 1
========================================================================
Received Import Request.
  Time since last request: 0.000047 seconds.
  path: Assets/Prefabs/Sunfish_Model_Animation/Sunfish.fbx
  artifactKey: Guid(94072c0192963c0438e239c756c649ec) Importer(2089858483,0ecaa5967403d082aa24f35e1b516d23)
Start importing Assets/Prefabs/Sunfish_Model_Animation/Sunfish.fbx using Guid(94072c0192963c0438e239c756c649ec) Importer(2089858483,0ecaa5967403d082aa24f35e1b516d23)  -> (artifact id: '4c9226a7db57eb706f357141ad69194c') in 0.288583 seconds
Number of updated asset objects reloaded before import = 0
Number of asset objects unloaded after import = 31
========================================================================
Received Import Request.
  Time since last request: 0.000082 seconds.
  path: Assets/Prefabs/Teacup BaseRide/Tea_Cups_NoTextures_DefaultMaterial_Normal.1001 1.png
  artifactKey: Guid(f2a0fc6e58374b54c8dd837ece02d219) Importer(2089858483,0ecaa5967403d082aa24f35e1b516d23)
Start importing Assets/Prefabs/Teacup BaseRide/Tea_Cups_NoTextures_DefaultMaterial_Normal.1001 1.png using Guid(f2a0fc6e58374b54c8dd837ece02d219) Importer(2089858483,0ecaa5967403d082aa24f35e1b516d23)  -> (artifact id: '4eaaad08cf854ec8ed579c7a9dd70af7') in 0.023517 seconds
Number of updated asset objects reloaded before import = 0
Number of asset objects unloaded after import = 1
========================================================================
Received Import Request.
  Time since last request: 0.000047 seconds.
  path: Assets/Prefabs/Tentacle/Tentacle_Animation_Tentacle_Emission.png
  artifactKey: Guid(9c6d4578402145243bc86c71f4427ebd) Importer(2089858483,0ecaa5967403d082aa24f35e1b516d23)
Start importing Assets/Prefabs/Tentacle/Tentacle_Animation_Tentacle_Emission.png using Guid(9c6d4578402145243bc86c71f4427ebd) Importer(2089858483,0ecaa5967403d082aa24f35e1b516d23)  -> (artifact id: '7560c00348d90d56be1f2090192691ac') in 0.024282 seconds
Number of updated asset objects reloaded before import = 0
Number of asset objects unloaded after import = 1
========================================================================
Received Import Request.
  Time since last request: 0.000015 seconds.
  path: Assets/Prefabs/Tentacle/Tentacle_Animation_Tentacle_AlbedoTransparency.png
  artifactKey: Guid(b430c110e6b4ad14ca5d219cfdb6c217) Importer(2089858483,0ecaa5967403d082aa24f35e1b516d23)
Start importing Assets/Prefabs/Tentacle/Tentacle_Animation_Tentacle_AlbedoTransparency.png using Guid(b430c110e6b4ad14ca5d219cfdb6c217) Importer(2089858483,0ecaa5967403d082aa24f35e1b516d23)  -> (artifact id: '36193b00a1ac2656156f48b346365498') in 0.025551 seconds
Number of updated asset objects reloaded before import = 0
Number of asset objects unloaded after import = 1
========================================================================
Received Import Request.
  Time since last request: 0.000023 seconds.
  path: Assets/Prefabs/Tentacle/Tentacle_Animation.fbx
  artifactKey: Guid(ada7b8dd571ace444971115f1936128b) Importer(2089858483,0ecaa5967403d082aa24f35e1b516d23)
Start importing Assets/Prefabs/Tentacle/Tentacle_Animation.fbx using Guid(ada7b8dd571ace444971115f1936128b) Importer(2089858483,0ecaa5967403d082aa24f35e1b516d23)  -> (artifact id: 'f6a7bbf9a6abc2a0258362e44e1c7b40') in 0.030040 seconds
Number of updated asset objects reloaded before import = 0
Number of asset objects unloaded after import = 46
========================================================================
Received Import Request.
  Time since last request: 0.000017 seconds.
  path: Assets/Prefabs/Rubble 1/RUBBLE 1_Material_Normal.1001.png
  artifactKey: Guid(3db241b0cd646524c873e3eeeb64ad4c) Importer(2089858483,0ecaa5967403d082aa24f35e1b516d23)
Start importing Assets/Prefabs/Rubble 1/RUBBLE 1_Material_Normal.1001.png using Guid(3db241b0cd646524c873e3eeeb64ad4c) Importer(2089858483,0ecaa5967403d082aa24f35e1b516d23)  -> (artifact id: '7185666e7a41a95d852ea4e48023e487') in 0.023311 seconds
Number of updated asset objects reloaded before import = 0
Number of asset objects unloaded after import = 1
========================================================================
Received Import Request.
  Time since last request: 0.000053 seconds.
  path: Assets/Prefabs/Viking Ride/Viking Ride_Fixed UV.fbx
  artifactKey: Guid(b5dd2451351b77d4eaea825ef60f1d92) Importer(2089858483,0ecaa5967403d082aa24f35e1b516d23)
Start importing Assets/Prefabs/Viking Ride/Viking Ride_Fixed UV.fbx using Guid(b5dd2451351b77d4eaea825ef60f1d92) Importer(2089858483,0ecaa5967403d082aa24f35e1b516d23)  -> (artifact id: '0f0537b6d43e6b77c44a96adb3037da4') in 0.119999 seconds
Number of updated asset objects reloaded before import = 0
Number of asset objects unloaded after import = 24
========================================================================
Received Import Request.
  Time since last request: 0.000018 seconds.
  path: Assets/Prefabs/Testing/Aquarium Lab (recalc normals).fbx
  artifactKey: Guid(1db5c3fda434eb04a88a629112fcc9ce) Importer(2089858483,0ecaa5967403d082aa24f35e1b516d23)
Start importing Assets/Prefabs/Testing/Aquarium Lab (recalc normals).fbx using Guid(1db5c3fda434eb04a88a629112fcc9ce) Importer(2089858483,0ecaa5967403d082aa24f35e1b516d23)  -> (artifact id: '5538693ad80afabfe1b30597c5919494') in 0.138174 seconds
Number of updated asset objects reloaded before import = 0
Number of asset objects unloaded after import = 110
========================================================================
Received Import Request.
  Time since last request: 0.000021 seconds.
  path: Assets/Prefabs/Testing/Aquarium Lab (revised).fbx
  artifactKey: Guid(66c4fdbe69f767c4093cbd8ccf6f450d) Importer(2089858483,0ecaa5967403d082aa24f35e1b516d23)
Start importing Assets/Prefabs/Testing/Aquarium Lab (revised).fbx using Guid(66c4fdbe69f767c4093cbd8ccf6f450d) Importer(2089858483,0ecaa5967403d082aa24f35e1b516d23)  -> (artifact id: 'a0ae279ba8f92a16d83d05d922d257dd') in 0.300825 seconds
Number of updated asset objects reloaded before import = 0
Number of asset objects unloaded after import = 110
========================================================================
Received Import Request.
  Time since last request: 0.000028 seconds.
  path: Assets/Prefabs/Viking Ride/Viking Ride_Fixed UV_Viking Ship_Normal.1001.png
  artifactKey: Guid(774d7daec9df87b4fbc58c38a840be86) Importer(2089858483,0ecaa5967403d082aa24f35e1b516d23)
Start importing Assets/Prefabs/Viking Ride/Viking Ride_Fixed UV_Viking Ship_Normal.1001.png using Guid(774d7daec9df87b4fbc58c38a840be86) Importer(2089858483,0ecaa5967403d082aa24f35e1b516d23)  -> (artifact id: '3673d316efdbc1d91a85b287c9385364') in 0.164860 seconds
Number of updated asset objects reloaded before import = 0
Number of asset objects unloaded after import = 1
========================================================================
Received Import Request.
  Time since last request: 0.000021 seconds.
  path: Assets/Prefabs/Viking Ride/Viking_Ride_Animated.fbx
  artifactKey: Guid(adacb86158d0cd2469ec9b0b0a9967ac) Importer(2089858483,0ecaa5967403d082aa24f35e1b516d23)
Start importing Assets/Prefabs/Viking Ride/Viking_Ride_Animated.fbx using Guid(adacb86158d0cd2469ec9b0b0a9967ac) Importer(2089858483,0ecaa5967403d082aa24f35e1b516d23)  -> (artifact id: 'ecade6035a95603e9db7536fa86b1ff2') in 0.027934 seconds
Number of updated asset objects reloaded before import = 0
Number of asset objects unloaded after import = 18
========================================================================
Received Import Request.
  Time since last request: 0.000026 seconds.
  path: Assets/Prefabs/Viking Ride/Viking Ride_Fixed UV_Material.038_AlbedoTransparency.1001.png
  artifactKey: Guid(477d2c3ccb3249b4f907eaba931edccb) Importer(2089858483,0ecaa5967403d082aa24f35e1b516d23)
Start importing Assets/Prefabs/Viking Ride/Viking Ride_Fixed UV_Material.038_AlbedoTransparency.1001.png using Guid(477d2c3ccb3249b4f907eaba931edccb) Importer(2089858483,0ecaa5967403d082aa24f35e1b516d23)  -> (artifact id: 'a7c2ea6499dfb84331c5e377700f7c89') in 0.025861 seconds
Number of updated asset objects reloaded before import = 0
Number of asset objects unloaded after import = 1
========================================================================
Received Import Request.
  Time since last request: 0.000025 seconds.
  path: Assets/Prefabs/Viking Ride/Viking Ride_Fixed UV_Material.038_SpecularSmoothness.1001.png
  artifactKey: Guid(67ff8211b77f00140980832a7c82065f) Importer(2089858483,0ecaa5967403d082aa24f35e1b516d23)
Start importing Assets/Prefabs/Viking Ride/Viking Ride_Fixed UV_Material.038_SpecularSmoothness.1001.png using Guid(67ff8211b77f00140980832a7c82065f) Importer(2089858483,0ecaa5967403d082aa24f35e1b516d23)  -> (artifact id: 'afb294d1036c1c7a2c1e172366713b49') in 0.021349 seconds
Number of updated asset objects reloaded before import = 0
Number of asset objects unloaded after import = 1
========================================================================
Received Import Request.
  Time since last request: 0.000023 seconds.
  path: Assets/Prefabs/Wooden Dock/Dock_Wood_Material.006_SpecularSmoothness.1001.png
  artifactKey: Guid(43e177b24acf73a468a0cd472787b943) Importer(2089858483,0ecaa5967403d082aa24f35e1b516d23)
Start importing Assets/Prefabs/Wooden Dock/Dock_Wood_Material.006_SpecularSmoothness.1001.png using Guid(43e177b24acf73a468a0cd472787b943) Importer(2089858483,0ecaa5967403d082aa24f35e1b516d23)  -> (artifact id: '7032ee6760b6b0c7edda6f6e34eeb1a9') in 0.019034 seconds
Number of updated asset objects reloaded before import = 0
Number of asset objects unloaded after import = 1
========================================================================
Received Import Request.
  Time since last request: 0.000016 seconds.
  path: Assets/Prefabs/Wooden Dock/Dock_Wood_Material.006_Emission.1001.png
  artifactKey: Guid(0c304bab741ba974883b89f2e4bee4ec) Importer(2089858483,0ecaa5967403d082aa24f35e1b516d23)
Start importing Assets/Prefabs/Wooden Dock/Dock_Wood_Material.006_Emission.1001.png using Guid(0c304bab741ba974883b89f2e4bee4ec) Importer(2089858483,0ecaa5967403d082aa24f35e1b516d23)  -> (artifact id: '6444c101d4c7d7321331b36b5c256fdb') in 0.024489 seconds
Number of updated asset objects reloaded before import = 0
Number of asset objects unloaded after import = 1
========================================================================
Received Import Request.
  Time since last request: 0.000021 seconds.
  path: Assets/Prefabs/Viking Ride/Viking_Ride_Animated.prefab
  artifactKey: Guid(827016fbd3f76c24c810a68b4f4c9065) Importer(2089858483,0ecaa5967403d082aa24f35e1b516d23)
Start importing Assets/Prefabs/Viking Ride/Viking_Ride_Animated.prefab using Guid(827016fbd3f76c24c810a68b4f4c9065) Importer(2089858483,0ecaa5967403d082aa24f35e1b516d23)  -> (artifact id: '282c80b9c44903a3ee68bfa4b6a2e387') in 0.054941 seconds
Number of updated asset objects reloaded before import = 0
Number of asset objects unloaded after import = 34
========================================================================
Received Import Request.
  Time since last request: 0.000024 seconds.
  path: Assets/Prefabs/Viking Ride/Viking Ride_Fixed UV_Viking Ship_AlbedoTransparency.1001.png
  artifactKey: Guid(6840a5775f4815948b5feb3104de7be5) Importer(2089858483,0ecaa5967403d082aa24f35e1b516d23)
Start importing Assets/Prefabs/Viking Ride/Viking Ride_Fixed UV_Viking Ship_AlbedoTransparency.1001.png using Guid(6840a5775f4815948b5feb3104de7be5) Importer(2089858483,0ecaa5967403d082aa24f35e1b516d23)  -> (artifact id: '19307fb028fd330216ce6ea8cfb50890') in 0.355821 seconds
Number of updated asset objects reloaded before import = 0
Number of asset objects unloaded after import = 1
========================================================================
Received Import Request.
  Time since last request: 0.000021 seconds.
  path: Assets/Prefabs/Wood_Plank/Wood_Plank.prefab
  artifactKey: Guid(997fae5f32915fe468aa20e6d52da447) Importer(2089858483,0ecaa5967403d082aa24f35e1b516d23)
Start importing Assets/Prefabs/Wood_Plank/Wood_Plank.prefab using Guid(997fae5f32915fe468aa20e6d52da447) Importer(2089858483,0ecaa5967403d082aa24f35e1b516d23)  -> (artifact id: '0c457a399c43fb0e8ff40c74a80cad99') in 0.015632 seconds
Number of updated asset objects reloaded before import = 0
Number of asset objects unloaded after import = 13
========================================================================
Received Import Request.
  Time since last request: 0.000027 seconds.
  path: Assets/Prefabs/Wood_Plank/Wood_Plank_Material.090_Normal.1001.png
  artifactKey: Guid(1f9c356e58328c148bcd6a553771bc88) Importer(2089858483,0ecaa5967403d082aa24f35e1b516d23)
Start importing Assets/Prefabs/Wood_Plank/Wood_Plank_Material.090_Normal.1001.png using Guid(1f9c356e58328c148bcd6a553771bc88) Importer(2089858483,0ecaa5967403d082aa24f35e1b516d23)  -> (artifact id: '0e37bd29ce4103014cd8bd36d2ea9def') in 0.025320 seconds
Number of updated asset objects reloaded before import = 0
Number of asset objects unloaded after import = 1
========================================================================
Received Import Request.
  Time since last request: 0.000018 seconds.
  path: Assets/Prefabs/Wooden Dock/Wood Dock.mat
  artifactKey: Guid(81cad22b7215b8344b176b6597686ea7) Importer(2089858483,0ecaa5967403d082aa24f35e1b516d23)
Start importing Assets/Prefabs/Wooden Dock/Wood Dock.mat using Guid(81cad22b7215b8344b176b6597686ea7) Importer(2089858483,0ecaa5967403d082aa24f35e1b516d23)  -> (artifact id: '2afe46873246de3aa828e352101bd6b8') in 0.024461 seconds
Number of updated asset objects reloaded before import = 0
Number of asset objects unloaded after import = 5
========================================================================
Received Import Request.
  Time since last request: 0.000016 seconds.
  path: Assets/Prefabs/Wisteria_Glitchy/Wisteria_Glitchy_Animation.controller
  artifactKey: Guid(c3bdbb9348fce0046ad131d95b378f85) Importer(2089858483,0ecaa5967403d082aa24f35e1b516d23)
Start importing Assets/Prefabs/Wisteria_Glitchy/Wisteria_Glitchy_Animation.controller using Guid(c3bdbb9348fce0046ad131d95b378f85) Importer(2089858483,0ecaa5967403d082aa24f35e1b516d23)  -> (artifact id: '9a15ba8a0167bc02b87aa9c7b76084f5') in 0.014772 seconds
Number of updated asset objects reloaded before import = 0
Number of asset objects unloaded after import = 4
========================================================================
Received Import Request.
  Time since last request: 0.000023 seconds.
  path: Assets/Prefabs/Tentacle/Tentacle_Animation.prefab
  artifactKey: Guid(bb84863659f849547944b3a556759d7a) Importer(2089858483,0ecaa5967403d082aa24f35e1b516d23)
Start importing Assets/Prefabs/Tentacle/Tentacle_Animation.prefab using Guid(bb84863659f849547944b3a556759d7a) Importer(2089858483,0ecaa5967403d082aa24f35e1b516d23)  -> (artifact id: '7af68691d290c320aa5d2c2b07ad2dcd') in 0.099290 seconds
Number of updated asset objects reloaded before import = 0
Number of asset objects unloaded after import = 98
========================================================================
Received Import Request.
  Time since last request: 0.000026 seconds.
  path: Assets/Prefabs/Wisteria_Glitchy/Wisteria_Glitchy_Animation.fbx
  artifactKey: Guid(48d42b1e8173dcf40baa34c729155712) Importer(2089858483,0ecaa5967403d082aa24f35e1b516d23)
Start importing Assets/Prefabs/Wisteria_Glitchy/Wisteria_Glitchy_Animation.fbx using Guid(48d42b1e8173dcf40baa34c729155712) Importer(2089858483,0ecaa5967403d082aa24f35e1b516d23)  -> (artifact id: 'def2a75fb358d1236ecf2bccc4cb2f90') in 0.021734 seconds
Number of updated asset objects reloaded before import = 0
Number of asset objects unloaded after import = 59
========================================================================
Received Import Request.
  Time since last request: 0.000025 seconds.
  path: Assets/Scenes/Level1/ReflectionProbe-1.exr
  artifactKey: Guid(b54f7de82dad2ae4594627b7077c1b7c) Importer(2089858483,0ecaa5967403d082aa24f35e1b516d23)
Start importing Assets/Scenes/Level1/ReflectionProbe-1.exr using Guid(b54f7de82dad2ae4594627b7077c1b7c) Importer(2089858483,0ecaa5967403d082aa24f35e1b516d23)  -> (artifact id: '090352fd0f035fcf4717d4777fced428') in 0.020333 seconds
Number of updated asset objects reloaded before import = 0
Number of asset objects unloaded after import = 1
========================================================================
Received Import Request.
  Time since last request: 0.000242 seconds.
  path: Assets/Prefabs/Wood_Signage/Wood_Signage_Material.091_Metallic.1001.png
  artifactKey: Guid(d5606a939234a0843820823974356a9c) Importer(2089858483,0ecaa5967403d082aa24f35e1b516d23)
Start importing Assets/Prefabs/Wood_Signage/Wood_Signage_Material.091_Metallic.1001.png using Guid(d5606a939234a0843820823974356a9c) Importer(2089858483,0ecaa5967403d082aa24f35e1b516d23)  -> (artifact id: 'c8240655b233344952cf5401cc49edc9') in 0.051582 seconds
Number of updated asset objects reloaded before import = 0
Number of asset objects unloaded after import = 1
========================================================================
Received Import Request.
  Time since last request: 0.000027 seconds.
  path: Assets/Scenes/Level1/Post Porcess Profile.asset
  artifactKey: Guid(223085f076beb5148bfe396043143796) Importer(2089858483,0ecaa5967403d082aa24f35e1b516d23)
Start importing Assets/Scenes/Level1/Post Porcess Profile.asset using Guid(223085f076beb5148bfe396043143796) Importer(2089858483,0ecaa5967403d082aa24f35e1b516d23) The file 'Assets/Scenes/Level1/Post Porcess Profile.asset' seems to have merge conflicts. Please open it in a text editor and fix the merge.
UnityEngine.StackTraceUtility:ExtractStackTrace ()
UnityEditor.Search.AssetIndexer:IndexProperties (int&,string&,bool&)
UnityEditor.Search.AssetIndexer:IndexDocument (string,bool)
UnityEditor.Search.SearchIndexEntryImporter:OnImportAsset (UnityEditor.AssetImporters.AssetImportContext)
UnityEditor.AssetImporters.ScriptedImporter:GenerateAssetData (UnityEditor.AssetImporters.AssetImportContext)

[ line 0]

 -> (artifact id: 'c85c9abd8812856dfcf95be0b6a3f5e8') in 0.104506 seconds
Number of updated asset objects reloaded before import = 0
Number of asset objects unloaded after import = 1
========================================================================
Received Import Request.
  Time since last request: 0.000024 seconds.
  path: Assets/Prefabs/Wood_Signage/Wood_Signage.fbx
  artifactKey: Guid(bd0c27b6f457a0e4d9301a6b51f475d7) Importer(2089858483,0ecaa5967403d082aa24f35e1b516d23)
Start importing Assets/Prefabs/Wood_Signage/Wood_Signage.fbx using Guid(bd0c27b6f457a0e4d9301a6b51f475d7) Importer(2089858483,0ecaa5967403d082aa24f35e1b516d23)  -> (artifact id: '189b156bbe24d90bf0a6b4cd37ceca3c') in 0.134000 seconds
Number of updated asset objects reloaded before import = 0
Number of asset objects unloaded after import = 8
========================================================================
Received Import Request.
  Time since last request: 0.000032 seconds.
  path: Assets/Materials/Materials/ticket booth signage.mat
  artifactKey: Guid(b2dfa82adac40f84c963fd68c89e3e62) Importer(815301076,1909f56bfc062723c751e8b465ee728b)
Start importing Assets/Materials/Materials/ticket booth signage.mat using Guid(b2dfa82adac40f84c963fd68c89e3e62) Importer(815301076,1909f56bfc062723c751e8b465ee728b)  -> (artifact id: '1e41cfffe0861c520d962ee1f736e493') in 0.254117 seconds
Number of updated asset objects reloaded before import = 0
Number of asset objects unloaded after import = 21
========================================================================
Received Import Request.
  Time since last request: 0.000032 seconds.
  path: Assets/TextMesh Pro/Shaders/TMP_Bitmap-Custom-Atlas.shader
  artifactKey: Guid(48bb5f55d8670e349b6e614913f9d910) Importer(2089858483,0ecaa5967403d082aa24f35e1b516d23)
Start importing Assets/TextMesh Pro/Shaders/TMP_Bitmap-Custom-Atlas.shader using Guid(48bb5f55d8670e349b6e614913f9d910) Importer(2089858483,0ecaa5967403d082aa24f35e1b516d23)  -> (artifact id: 'c316a7218816df5e1e6a8b72e85e0be0') in 0.023689 seconds
Number of updated asset objects reloaded before import = 0
Number of asset objects unloaded after import = 1
========================================================================
Received Import Request.
  Time since last request: 0.000023 seconds.
  path: Assets/TextMesh Pro/Documentation/TextMesh Pro User Guide 2016.pdf
  artifactKey: Guid(1b8d251f9af63b746bf2f7ffe00ebb9b) Importer(2089858483,0ecaa5967403d082aa24f35e1b516d23)
Start importing Assets/TextMesh Pro/Documentation/TextMesh Pro User Guide 2016.pdf using Guid(1b8d251f9af63b746bf2f7ffe00ebb9b) Importer(2089858483,0ecaa5967403d082aa24f35e1b516d23)  -> (artifact id: '37e6a70373649eca5bfff389abc5df13') in 0.011251 seconds
Number of updated asset objects reloaded before import = 0
Number of asset objects unloaded after import = 1
========================================================================
Received Import Request.
  Time since last request: 0.000048 seconds.
  path: Assets/TextMesh Pro/Fonts/LiberationSans.ttf
  artifactKey: Guid(e3265ab4bf004d28a9537516768c1c75) Importer(2089858483,0ecaa5967403d082aa24f35e1b516d23)
Start importing Assets/TextMesh Pro/Fonts/LiberationSans.ttf using Guid(e3265ab4bf004d28a9537516768c1c75) Importer(2089858483,0ecaa5967403d082aa24f35e1b516d23)  -> (artifact id: '779bb5886b005e6c7803272f09c5c729') in 0.019385 seconds
Number of updated asset objects reloaded before import = 0
Number of asset objects unloaded after import = 3
========================================================================
Received Import Request.
  Time since last request: 0.000020 seconds.
  path: Assets/TextMesh Pro/Resources/TMP Settings.asset
  artifactKey: Guid(3f5b5dff67a942289a9defa416b206f3) Importer(2089858483,0ecaa5967403d082aa24f35e1b516d23)
Start importing Assets/TextMesh Pro/Resources/TMP Settings.asset using Guid(3f5b5dff67a942289a9defa416b206f3) Importer(2089858483,0ecaa5967403d082aa24f35e1b516d23)  -> (artifact id: '54979d6636abe327104864db0725cf97') in 0.591778 seconds
Number of updated asset objects reloaded before import = 0
Number of asset objects unloaded after import = 15
========================================================================
Received Import Request.
  Time since last request: 0.000020 seconds.
  path: Assets/TextMesh Pro/Shaders/TMP_SDF-Mobile.shader
  artifactKey: Guid(fe393ace9b354375a9cb14cdbbc28be4) Importer(2089858483,0ecaa5967403d082aa24f35e1b516d23)
Start importing Assets/TextMesh Pro/Shaders/TMP_SDF-Mobile.shader using Guid(fe393ace9b354375a9cb14cdbbc28be4) Importer(2089858483,0ecaa5967403d082aa24f35e1b516d23)  -> (artifact id: 'ab6c7047043f282d4753ff3ba90757d9') in 0.019090 seconds
Number of updated asset objects reloaded before import = 0
Number of asset objects unloaded after import = 1
========================================================================
Received Import Request.
  Time since last request: 0.000034 seconds.
  path: Assets/Materials/Materials/ferry rental poster at ticket booth.mat
  artifactKey: Guid(e1a0f6b0dd193124ca49d23141431241) Importer(815301076,1909f56bfc062723c751e8b465ee728b)
Start importing Assets/Materials/Materials/ferry rental poster at ticket booth.mat using Guid(e1a0f6b0dd193124ca49d23141431241) Importer(815301076,1909f56bfc062723c751e8b465ee728b)  -> (artifact id: '496af987fc83c40e71cfa40b1dd647fe') in 0.021282 seconds
Number of updated asset objects reloaded before import = 0
Number of asset objects unloaded after import = 2
========================================================================
Received Import Request.
  Time since last request: 0.000017 seconds.
  path: Assets/Materials/Materials/teacup ride.mat
  artifactKey: Guid(3b17b6be440e0404f8447f2a7f8742ef) Importer(815301076,1909f56bfc062723c751e8b465ee728b)
Start importing Assets/Materials/Materials/teacup ride.mat using Guid(3b17b6be440e0404f8447f2a7f8742ef) Importer(815301076,1909f56bfc062723c751e8b465ee728b)  -> (artifact id: '60028004c9b1073f3952ed244faacb60') in 0.015045 seconds
Number of updated asset objects reloaded before import = 0
Number of asset objects unloaded after import = 2
========================================================================
Received Import Request.
  Time since last request: 0.000018 seconds.
  path: Assets/Textures/Entity/RobotTexture.png
  artifactKey: Guid(f451144549ac3834fbec2b0caaa7942e) Importer(2089858483,0ecaa5967403d082aa24f35e1b516d23)
Start importing Assets/Textures/Entity/RobotTexture.png using Guid(f451144549ac3834fbec2b0caaa7942e) Importer(2089858483,0ecaa5967403d082aa24f35e1b516d23)  -> (artifact id: '513f68c14454e4ee8b47c09044776148') in 0.021816 seconds
Number of updated asset objects reloaded before import = 0
Number of asset objects unloaded after import = 1
========================================================================
Received Import Request.
  Time since last request: 0.000018 seconds.
  path: Assets/TextMesh Pro/Sprites/EmojiOne Attribution.txt
  artifactKey: Guid(381dcb09d5029d14897e55f98031fca5) Importer(2089858483,0ecaa5967403d082aa24f35e1b516d23)
Start importing Assets/TextMesh Pro/Sprites/EmojiOne Attribution.txt using Guid(381dcb09d5029d14897e55f98031fca5) Importer(2089858483,0ecaa5967403d082aa24f35e1b516d23)  -> (artifact id: 'c6fc828a11d7e28d518e6abaf7f0a0a9') in 0.109363 seconds
Number of updated asset objects reloaded before import = 0
Number of asset objects unloaded after import = 1
========================================================================
Received Import Request.
  Time since last request: 0.000043 seconds.
  path: Assets/Prefabs/Teacup BaseRide/Tea_Cups_NoTextures_DefaultMaterial_Emission.1001.png
  artifactKey: Guid(8ddefc3a8c842874bbeaebda49d39ba9) Importer(2089858483,0ecaa5967403d082aa24f35e1b516d23)
Start importing Assets/Prefabs/Teacup BaseRide/Tea_Cups_NoTextures_DefaultMaterial_Emission.1001.png using Guid(8ddefc3a8c842874bbeaebda49d39ba9) Importer(2089858483,0ecaa5967403d082aa24f35e1b516d23)  -> (artifact id: '1a3dcc3b5a6f8251f44a28069545308c') in 0.021636 seconds
Number of updated asset objects reloaded before import = 0
Number of asset objects unloaded after import = 1
========================================================================
Received Import Request.
  Time since last request: 0.000021 seconds.
  path: Assets/Prefabs/Teacup BaseRide/Tea_Ride_Animated.prefab
  artifactKey: Guid(0d4407645cfc17e4bb126ef971c6fb6c) Importer(2089858483,0ecaa5967403d082aa24f35e1b516d23)
Start importing Assets/Prefabs/Teacup BaseRide/Tea_Ride_Animated.prefab using Guid(0d4407645cfc17e4bb126ef971c6fb6c) Importer(2089858483,0ecaa5967403d082aa24f35e1b516d23)  -> (artifact id: '34edb031e2f292eacafd6dee7026b769') in 0.015689 seconds
Number of updated asset objects reloaded before import = 0
Number of asset objects unloaded after import = 67
========================================================================
Received Import Request.
  Time since last request: 0.000017 seconds.
  path: Assets/Prefabs/Materials/New Lighting Settings.lighting
  artifactKey: Guid(06d85ba4382eafd4089f7d43b52c194b) Importer(2089858483,0ecaa5967403d082aa24f35e1b516d23)
Start importing Assets/Prefabs/Materials/New Lighting Settings.lighting using Guid(06d85ba4382eafd4089f7d43b52c194b) Importer(2089858483,0ecaa5967403d082aa24f35e1b516d23) LightingSettings: switching bake backend from 1 to 2.
 -> (artifact id: 'eda0676e0bb840132e1409b72f50368e') in 0.081133 seconds
Number of updated asset objects reloaded before import = 0
Number of asset objects unloaded after import = 1
========================================================================
Received Import Request.
  Time since last request: 0.000017 seconds.
  path: Assets/Assets/Hospital_Curtain/Materials/Hospital_Curtains_Material.059_AlbedoTransparency.mat
  artifactKey: Guid(bf6abee5ef4246447982ab5312a97254) Importer(2089858483,0ecaa5967403d082aa24f35e1b516d23)
Start importing Assets/Assets/Hospital_Curtain/Materials/Hospital_Curtains_Material.059_AlbedoTransparency.mat using Guid(bf6abee5ef4246447982ab5312a97254) Importer(2089858483,0ecaa5967403d082aa24f35e1b516d23)  -> (artifact id: 'c8f3a05e742f8f899a3ed8a82cf6e05f') in 0.029603 seconds
Number of updated asset objects reloaded before import = 0
Number of asset objects unloaded after import = 6
========================================================================
Received Import Request.
  Time since last request: 0.000022 seconds.
  path: Assets/TutorialInfo/Icons/Help_Icon.png
  artifactKey: Guid(34f556d724b1bbf4097ca6220db2c581) Importer(2089858483,0ecaa5967403d082aa24f35e1b516d23)
Start importing Assets/TutorialInfo/Icons/Help_Icon.png using Guid(34f556d724b1bbf4097ca6220db2c581) Importer(2089858483,0ecaa5967403d082aa24f35e1b516d23)  -> (artifact id: '1cf4bf70f4139d5e338369291ade7e9a') in 0.045820 seconds
Number of updated asset objects reloaded before import = 0
Number of asset objects unloaded after import = 1
========================================================================
Received Import Request.
  Time since last request: 0.000029 seconds.
  path: Assets/TutorialInfo/Scripts/Readme.cs
  artifactKey: Guid(fcf7219bab7fe46a1ad266029b2fee19) Importer(2089858483,0ecaa5967403d082aa24f35e1b516d23)
Start importing Assets/TutorialInfo/Scripts/Readme.cs using Guid(fcf7219bab7fe46a1ad266029b2fee19) Importer(2089858483,0ecaa5967403d082aa24f35e1b516d23)  -> (artifact id: '8ac6d0952ce3e8d925e83bf7d91efd5d') in 0.011746 seconds
Number of updated asset objects reloaded before import = 0
Number of asset objects unloaded after import = 1
========================================================================
Received Import Request.
  Time since last request: 0.000029 seconds.
  path: Assets/_Scripts/Environment/ChangeRenderer.cs
  artifactKey: Guid(4480b112277ba504dba12f4503e279e1) Importer(2089858483,0ecaa5967403d082aa24f35e1b516d23)
Start importing Assets/_Scripts/Environment/ChangeRenderer.cs using Guid(4480b112277ba504dba12f4503e279e1) Importer(2089858483,0ecaa5967403d082aa24f35e1b516d23)  -> (artifact id: '10d03ee1609017c46d412f560e43a533') in 0.413305 seconds
Number of updated asset objects reloaded before import = 0
Number of asset objects unloaded after import = 1
========================================================================
Received Import Request.
  Time since last request: 0.000031 seconds.
  path: Assets/Assets/Kitchen_Sink/Materials/Kitchen_Sink_Material.051_AlbedoTransparency.mat
  artifactKey: Guid(85907097fedba5c4bb2cf81ef78bcf7d) Importer(2089858483,0ecaa5967403d082aa24f35e1b516d23)
Start importing Assets/Assets/Kitchen_Sink/Materials/Kitchen_Sink_Material.051_AlbedoTransparency.mat using Guid(85907097fedba5c4bb2cf81ef78bcf7d) Importer(2089858483,0ecaa5967403d082aa24f35e1b516d23)  -> (artifact id: '6ed52a2140ff0021d9b66dc9498a21f3') in 0.156685 seconds
Number of updated asset objects reloaded before import = 0
Number of asset objects unloaded after import = 6
========================================================================
Received Import Request.
  Time since last request: 0.000023 seconds.
  path: Assets/Assets/Laboratory_Table/Materials/Laboratory_Table_Material.055_AlbedoTransparency.mat
  artifactKey: Guid(34a6b3921f0e9e54685030a22b415ea7) Importer(2089858483,0ecaa5967403d082aa24f35e1b516d23)
Start importing Assets/Assets/Laboratory_Table/Materials/Laboratory_Table_Material.055_AlbedoTransparency.mat using Guid(34a6b3921f0e9e54685030a22b415ea7) Importer(2089858483,0ecaa5967403d082aa24f35e1b516d23)  -> (artifact id: 'e5bcdeafb7d4642f48a6a02bbcf844b6') in 0.025438 seconds
Number of updated asset objects reloaded before import = 0
Number of asset objects unloaded after import = 6
========================================================================
Received Import Request.
  Time since last request: 0.000022 seconds.
  path: Assets/_Scripts/Environment/LightFlicker.cs
  artifactKey: Guid(f6c2746ad8716f14e873b15dbf2b4f2a) Importer(2089858483,0ecaa5967403d082aa24f35e1b516d23)
Start importing Assets/_Scripts/Environment/LightFlicker.cs using Guid(f6c2746ad8716f14e873b15dbf2b4f2a) Importer(2089858483,0ecaa5967403d082aa24f35e1b516d23)  -> (artifact id: '06544c7c70d4c924f04442ea82592d33') in 0.013544 seconds
Number of updated asset objects reloaded before import = 0
Number of asset objects unloaded after import = 1
========================================================================
Received Import Request.
  Time since last request: 0.000029 seconds.
  path: Assets/Assets/Door/Materials/Door_Material.043_AlbedoTransparency.mat
  artifactKey: Guid(b15d88c68c502724e8252b8061347955) Importer(2089858483,0ecaa5967403d082aa24f35e1b516d23)
Start importing Assets/Assets/Door/Materials/Door_Material.043_AlbedoTransparency.mat using Guid(b15d88c68c502724e8252b8061347955) Importer(2089858483,0ecaa5967403d082aa24f35e1b516d23)  -> (artifact id: '7deb3909ea2633ef29f0fc810d94bd47') in 0.033036 seconds
Number of updated asset objects reloaded before import = 0
Number of asset objects unloaded after import = 6
========================================================================
Received Import Request.
  Time since last request: 0.000026 seconds.
  path: Assets/Assets/Bed/Materials/medbay bed_DefaultMaterial_AlbedoTransparency.1001.mat
  artifactKey: Guid(32d14a50c66a5ed43a4068ae323b2e18) Importer(2089858483,0ecaa5967403d082aa24f35e1b516d23)
Start importing Assets/Assets/Bed/Materials/medbay bed_DefaultMaterial_AlbedoTransparency.1001.mat using Guid(32d14a50c66a5ed43a4068ae323b2e18) Importer(2089858483,0ecaa5967403d082aa24f35e1b516d23)  -> (artifact id: '0b0f5fd6d9eb690d117360363ffcdbc8') in 0.025323 seconds
Number of updated asset objects reloaded before import = 0
Number of asset objects unloaded after import = 5
========================================================================
Received Import Request.
  Time since last request: 0.000020 seconds.
  path: Assets/Assets/Storage_Locker_1/Materials/Storage_Lockers_1_Material.034_AlbedoTransparency 1.mat
  artifactKey: Guid(d369551921642754984ff50f309e17ad) Importer(2089858483,0ecaa5967403d082aa24f35e1b516d23)
Start importing Assets/Assets/Storage_Locker_1/Materials/Storage_Lockers_1_Material.034_AlbedoTransparency 1.mat using Guid(d369551921642754984ff50f309e17ad) Importer(2089858483,0ecaa5967403d082aa24f35e1b516d23)  -> (artifact id: '82798a87589f127d45751638d5d7c8bc') in 0.028971 seconds
Number of updated asset objects reloaded before import = 0
Number of asset objects unloaded after import = 6
========================================================================
Received Import Request.
  Time since last request: 0.000023 seconds.
  path: Assets/Assets/Rectangle_Tank_2/Materials/Rectangle_Tank_2_Material.065_AlbedoTransparency 1.mat
  artifactKey: Guid(51f97f63faa78c5448706c3aefc29d7f) Importer(2089858483,0ecaa5967403d082aa24f35e1b516d23)
Start importing Assets/Assets/Rectangle_Tank_2/Materials/Rectangle_Tank_2_Material.065_AlbedoTransparency 1.mat using Guid(51f97f63faa78c5448706c3aefc29d7f) Importer(2089858483,0ecaa5967403d082aa24f35e1b516d23)  -> (artifact id: '81a6cf0eef7a6e3692e4f33d2b8b32d0') in 0.026437 seconds
Number of updated asset objects reloaded before import = 0
Number of asset objects unloaded after import = 6
========================================================================
Received Import Request.
  Time since last request: 0.000022 seconds.
  path: Assets/Assets/Laboratory_Table/Materials/Laboratory_Table_Material.058_AlbedoTransparency.mat
  artifactKey: Guid(07cb2980078e26943bc002fa7eb3dd38) Importer(2089858483,0ecaa5967403d082aa24f35e1b516d23)
Start importing Assets/Assets/Laboratory_Table/Materials/Laboratory_Table_Material.058_AlbedoTransparency.mat using Guid(07cb2980078e26943bc002fa7eb3dd38) Importer(2089858483,0ecaa5967403d082aa24f35e1b516d23)  -> (artifact id: 'b54deafd872e57d169368b49a81c6bd0') in 0.025521 seconds
Number of updated asset objects reloaded before import = 0
Number of asset objects unloaded after import = 6
========================================================================
Received Import Request.
  Time since last request: 0.000031 seconds.
  path: Assets/_Scripts/Player/PlayerMovement.cs
  artifactKey: Guid(68e80b7b0029b7f4dbb6387fdc597916) Importer(2089858483,0ecaa5967403d082aa24f35e1b516d23)
Start importing Assets/_Scripts/Player/PlayerMovement.cs using Guid(68e80b7b0029b7f4dbb6387fdc597916) Importer(2089858483,0ecaa5967403d082aa24f35e1b516d23)  -> (artifact id: 'c1b5f05b28a9bd94d5a4b7c7e6e1e6ff') in 0.013988 seconds
Number of updated asset objects reloaded before import = 0
Number of asset objects unloaded after import = 1
========================================================================
Received Import Request.
  Time since last request: 0.000028 seconds.
  path: Assets/Assets/Table_N_Chair/Materials/Table_N_Chair_Material.049_AlbedoTransparency.mat
  artifactKey: Guid(03c081b3c6fafe543867fe9e5d4192e8) Importer(2089858483,0ecaa5967403d082aa24f35e1b516d23)
Start importing Assets/Assets/Table_N_Chair/Materials/Table_N_Chair_Material.049_AlbedoTransparency.mat using Guid(03c081b3c6fafe543867fe9e5d4192e8) Importer(2089858483,0ecaa5967403d082aa24f35e1b516d23)  -> (artifact id: '3f4abc2f607fddcad26fc39219d3f57e') in 0.029286 seconds
Number of updated asset objects reloaded before import = 0
Number of asset objects unloaded after import = 6
========================================================================
Received Import Request.
  Time since last request: 0.000030 seconds.
  path: Assets/Assets/Trash_Bin/Materials/Trash_Bin_Material.019_AlbedoTransparency.mat
  artifactKey: Guid(4c85560932e80194d8857bf0259df0dd) Importer(2089858483,0ecaa5967403d082aa24f35e1b516d23)
Start importing Assets/Assets/Trash_Bin/Materials/Trash_Bin_Material.019_AlbedoTransparency.mat using Guid(4c85560932e80194d8857bf0259df0dd) Importer(2089858483,0ecaa5967403d082aa24f35e1b516d23)  -> (artifact id: 'f8e0b7e08e4e754b3a18ae81f8c4bf08') in 0.270753 seconds
Number of updated asset objects reloaded before import = 0
Number of asset objects unloaded after import = 6
========================================================================
Received Import Request.
  Time since last request: 0.000026 seconds.
  path: Assets/Assets/Wall_Security_Camera 1/Materials/Security_Wall_Camera_Material.030_AlbedoTransparency.mat
  artifactKey: Guid(807d73139080b0e4b93e33ec417571d0) Importer(2089858483,0ecaa5967403d082aa24f35e1b516d23)
Start importing Assets/Assets/Wall_Security_Camera 1/Materials/Security_Wall_Camera_Material.030_AlbedoTransparency.mat using Guid(807d73139080b0e4b93e33ec417571d0) Importer(2089858483,0ecaa5967403d082aa24f35e1b516d23)  -> (artifact id: '1864a8ec842d11bce7bef26605223d67') in 0.027870 seconds
Number of updated asset objects reloaded before import = 0
Number of asset objects unloaded after import = 6
========================================================================
Received Import Request.
  Time since last request: 0.000029 seconds.
  path: Assets/IgniteCoders/Simple Water Shader/Info/Readme.asset
  artifactKey: Guid(83c2ed844a8c74b779a4c823d16594b1) Importer(2089858483,0ecaa5967403d082aa24f35e1b516d23)
Start importing Assets/IgniteCoders/Simple Water Shader/Info/Readme.asset using Guid(83c2ed844a8c74b779a4c823d16594b1) Importer(2089858483,0ecaa5967403d082aa24f35e1b516d23) Unable to parse file Assets/IgniteCoders/Simple Water Shader/Info/Readme.asset: [Parser Failure at line 29: Expect ':' between key and value within mapping]
UnityEngine.StackTraceUtility:ExtractStackTrace ()
UnityEditor.Search.AssetIndexer:IndexProperties (int&,string&,bool&)
UnityEditor.Search.AssetIndexer:IndexDocument (string,bool)
UnityEditor.Search.SearchIndexEntryImporter:OnImportAsset (UnityEditor.AssetImporters.AssetImportContext)
UnityEditor.AssetImporters.ScriptedImporter:GenerateAssetData (UnityEditor.AssetImporters.AssetImportContext)

[C:\build\output\unity\unity\Runtime\Serialize\TransferFunctions\YAMLRead.cpp line 169]

 -> (artifact id: '0094400d0fef283c555c0927d3266629') in 0.025102 seconds
Number of updated asset objects reloaded before import = 0
Number of asset objects unloaded after import = 1
========================================================================
Received Import Request.
  Time since last request: 0.000016 seconds.
  path: Assets/Assets/Trash_Bin/Materials/Trash_Bin_Material.020_AlbedoTransparency.mat
  artifactKey: Guid(a51826be72db8c841aff8689ce7daea1) Importer(2089858483,0ecaa5967403d082aa24f35e1b516d23)
Start importing Assets/Assets/Trash_Bin/Materials/Trash_Bin_Material.020_AlbedoTransparency.mat using Guid(a51826be72db8c841aff8689ce7daea1) Importer(2089858483,0ecaa5967403d082aa24f35e1b516d23)  -> (artifact id: 'e42820c811e53583daae6254333ca44c') in 0.025995 seconds
Number of updated asset objects reloaded before import = 0
Number of asset objects unloaded after import = 6
========================================================================
Received Import Request.
  Time since last request: 0.000017 seconds.
  path: Assets/Assets/Kitchen_Stove/Materials/Kitchen_Stove_DefaultMaterial_AlbedoTransparency.1001.mat
  artifactKey: Guid(b9d6f4b58163b8b42a5df62a50f4c33f) Importer(2089858483,0ecaa5967403d082aa24f35e1b516d23)
Start importing Assets/Assets/Kitchen_Stove/Materials/Kitchen_Stove_DefaultMaterial_AlbedoTransparency.1001.mat using Guid(b9d6f4b58163b8b42a5df62a50f4c33f) Importer(2089858483,0ecaa5967403d082aa24f35e1b516d23)  -> (artifact id: '5a31a7f2fba09e23486c13aea6cdc233') in 0.031398 seconds
Number of updated asset objects reloaded before import = 0
Number of asset objects unloaded after import = 5
========================================================================
Received Import Request.
  Time since last request: 0.000020 seconds.
  path: Assets/Assets/ID_Scanner/Materials/ID_Scanner_Slim_Material.040_AlbedoTransparency.mat
  artifactKey: Guid(5a8d31151a07153438e0c54308c417fc) Importer(2089858483,0ecaa5967403d082aa24f35e1b516d23)
Start importing Assets/Assets/ID_Scanner/Materials/ID_Scanner_Slim_Material.040_AlbedoTransparency.mat using Guid(5a8d31151a07153438e0c54308c417fc) Importer(2089858483,0ecaa5967403d082aa24f35e1b516d23)  -> (artifact id: 'c34c42ef5a85d6400a66cae38aa4c2e3') in 0.024153 seconds
Number of updated asset objects reloaded before import = 0
Number of asset objects unloaded after import = 6
========================================================================
Received Import Request.
  Time since last request: 0.000018 seconds.
  path: Assets/TutorialInfo/Icons/URP.png
  artifactKey: Guid(727a75301c3d24613a3ebcec4a24c2c8) Importer(2089858483,0ecaa5967403d082aa24f35e1b516d23)
Start importing Assets/TutorialInfo/Icons/URP.png using Guid(727a75301c3d24613a3ebcec4a24c2c8) Importer(2089858483,0ecaa5967403d082aa24f35e1b516d23)  -> (artifact id: 'ea0ab8ee1a236e7e0fce8200d82c4d9d') in 0.019990 seconds
Number of updated asset objects reloaded before import = 0
Number of asset objects unloaded after import = 1
========================================================================
Received Import Request.
  Time since last request: 0.000021 seconds.
  path: Assets/Prefabs/MainRobotPrefab/Robot Model.prefab
  artifactKey: Guid(2140c76f501833e44b9c0ebc06abfbd6) Importer(2089858483,0ecaa5967403d082aa24f35e1b516d23)
Start importing Assets/Prefabs/MainRobotPrefab/Robot Model.prefab using Guid(2140c76f501833e44b9c0ebc06abfbd6) Importer(2089858483,0ecaa5967403d082aa24f35e1b516d23)  -> (artifact id: 'df1c56ecbed49993c2e9b6c04a8443b6') in 0.037329 seconds
Number of updated asset objects reloaded before import = 0
Number of asset objects unloaded after import = 27
========================================================================
Received Import Request.
  Time since last request: 0.000038 seconds.
  path: Assets/Prefabs/Lamp Post 1/New Material.mat
  artifactKey: Guid(db0577e112ec8de49a1d3b6652f2d1ce) Importer(2089858483,0ecaa5967403d082aa24f35e1b516d23)
Start importing Assets/Prefabs/Lamp Post 1/New Material.mat using Guid(db0577e112ec8de49a1d3b6652f2d1ce) Importer(2089858483,0ecaa5967403d082aa24f35e1b516d23)  -> (artifact id: 'e5536e09eaa215a598df472d4aca7719') in 0.045302 seconds
Number of updated asset objects reloaded before import = 0
Number of asset objects unloaded after import = 5
========================================================================
Received Import Request.
  Time since last request: 0.000016 seconds.
  path: Assets/Assets/Storage_Locker_2/Materials/Storage_Lockers_2_Material.036_AlbedoTransparency 1.mat
  artifactKey: Guid(b6b38e9532c54414ea9b95dfbdd3c9e3) Importer(2089858483,0ecaa5967403d082aa24f35e1b516d23)
Start importing Assets/Assets/Storage_Locker_2/Materials/Storage_Lockers_2_Material.036_AlbedoTransparency 1.mat using Guid(b6b38e9532c54414ea9b95dfbdd3c9e3) Importer(2089858483,0ecaa5967403d082aa24f35e1b516d23)  -> (artifact id: '6479f7a51cd173a553d3b6b8e6704300') in 0.026446 seconds
Number of updated asset objects reloaded before import = 0
Number of asset objects unloaded after import = 6
========================================================================
Received Import Request.
  Time since last request: 0.000017 seconds.
  path: Assets/Prefabs/Lever_Final/Lever_Unwrapped_Lever_Base_AlbedoTransparency.1001.png
  artifactKey: Guid(138b5356dd02c334686fc1ab7f4d3401) Importer(2089858483,0ecaa5967403d082aa24f35e1b516d23)
Start importing Assets/Prefabs/Lever_Final/Lever_Unwrapped_Lever_Base_AlbedoTransparency.1001.png using Guid(138b5356dd02c334686fc1ab7f4d3401) Importer(2089858483,0ecaa5967403d082aa24f35e1b516d23)  -> (artifact id: 'e0b7893e69a27958c5a8a8811486f38f') in 0.025722 seconds
Number of updated asset objects reloaded before import = 0
Number of asset objects unloaded after import = 1
========================================================================
Received Import Request.
  Time since last request: 0.000026 seconds.
  path: Assets/IgniteCoders/Simple Water Shader/Resources/WaterShader.shadergraph
  artifactKey: Guid(dd97de70edf8a4141bee758a2efe7ff8) Importer(2089858483,0ecaa5967403d082aa24f35e1b516d23)
Start importing Assets/IgniteCoders/Simple Water Shader/Resources/WaterShader.shadergraph using Guid(dd97de70edf8a4141bee758a2efe7ff8) Importer(2089858483,0ecaa5967403d082aa24f35e1b516d23)  -> (artifact id: 'cc27eed4c09678f379c86d8b01e85ff0') in 0.151900 seconds
Number of updated asset objects reloaded before import = 0
Number of asset objects unloaded after import = 5
========================================================================
Received Import Request.
  Time since last request: 0.000044 seconds.
  path: Assets/Media/UI/UI/IMG_0719.png
  artifactKey: Guid(9fe21eb01a3f39d458c5735b593a061f) Importer(2089858483,0ecaa5967403d082aa24f35e1b516d23)
Start importing Assets/Media/UI/UI/IMG_0719.png using Guid(9fe21eb01a3f39d458c5735b593a061f) Importer(2089858483,0ecaa5967403d082aa24f35e1b516d23)  -> (artifact id: '3c35cb33cca1d1caa0063f66bcd90362') in 0.076619 seconds
Number of updated asset objects reloaded before import = 0
Number of asset objects unloaded after import = 3
========================================================================
Received Import Request.
  Time since last request: 0.000087 seconds.
  path: Assets/Level_1_Assets_Prefab/Storage_Door/Materials 1/Storage_Lockers_Separeted_Doors_Material.002_AlbedoTransparency.mat
  artifactKey: Guid(34df4337384a7bf4f95cfc4d67101ccd) Importer(2089858483,0ecaa5967403d082aa24f35e1b516d23)
Start importing Assets/Level_1_Assets_Prefab/Storage_Door/Materials 1/Storage_Lockers_Separeted_Doors_Material.002_AlbedoTransparency.mat using Guid(34df4337384a7bf4f95cfc4d67101ccd) Importer(2089858483,0ecaa5967403d082aa24f35e1b516d23)  -> (artifact id: 'eca71b25de73290af3244c448bc7c573') in 0.023199 seconds
Number of updated asset objects reloaded before import = 0
Number of asset objects unloaded after import = 6
========================================================================
Received Import Request.
  Time since last request: 0.000017 seconds.
  path: Assets/Media/UI/UI/green_square.png
  artifactKey: Guid(650852d2b1e192a4195b7f91316bb890) Importer(2089858483,0ecaa5967403d082aa24f35e1b516d23)
Start importing Assets/Media/UI/UI/green_square.png using Guid(650852d2b1e192a4195b7f91316bb890) Importer(2089858483,0ecaa5967403d082aa24f35e1b516d23)  -> (artifact id: '172af4d217320c289bfe7ea6bc4e5f96') in 0.166295 seconds
Number of updated asset objects reloaded before import = 0
Number of asset objects unloaded after import = 3
========================================================================
Received Import Request.
  Time since last request: 0.000020 seconds.
  path: Assets/Media/UI/UI/IMG_0784.png
  artifactKey: Guid(a49dbc57a365f5f428af0f3d7c4bb6af) Importer(2089858483,0ecaa5967403d082aa24f35e1b516d23)
Start importing Assets/Media/UI/UI/IMG_0784.png using Guid(a49dbc57a365f5f428af0f3d7c4bb6af) Importer(2089858483,0ecaa5967403d082aa24f35e1b516d23)  -> (artifact id: 'a980be081eea373562dce81f89ab12de') in 0.048334 seconds
Number of updated asset objects reloaded before import = 0
Number of asset objects unloaded after import = 3
========================================================================
Received Import Request.
  Time since last request: 0.000025 seconds.
  path: Assets/Media/UI/UI/IMG_0785.png
  artifactKey: Guid(fb07a6df0a880554ca2c312d62a5511b) Importer(2089858483,0ecaa5967403d082aa24f35e1b516d23)
Start importing Assets/Media/UI/UI/IMG_0785.png using Guid(fb07a6df0a880554ca2c312d62a5511b) Importer(2089858483,0ecaa5967403d082aa24f35e1b516d23)  -> (artifact id: 'aa843d9df95022d37858578b7346a4ea') in 0.251987 seconds
Number of updated asset objects reloaded before import = 0
Number of asset objects unloaded after import = 3
========================================================================
Received Import Request.
  Time since last request: 0.000020 seconds.
  path: Assets/Media/UI/UI/triangle_warning-removebg-preview.png
  artifactKey: Guid(42457955a2eab704684cd4daa9036575) Importer(2089858483,0ecaa5967403d082aa24f35e1b516d23)
Start importing Assets/Media/UI/UI/triangle_warning-removebg-preview.png using Guid(42457955a2eab704684cd4daa9036575) Importer(2089858483,0ecaa5967403d082aa24f35e1b516d23)  -> (artifact id: 'c4176061e0ee1f15b64af03810d3fa3e') in 0.535638 seconds
Number of updated asset objects reloaded before import = 0
Number of asset objects unloaded after import = 3
========================================================================
Received Import Request.
  Time since last request: 0.000028 seconds.
  path: Assets/Media/UI/UI/IMG_0723.png
  artifactKey: Guid(cace6bb1921c23c42a7e748b042c7a66) Importer(2089858483,0ecaa5967403d082aa24f35e1b516d23)
Start importing Assets/Media/UI/UI/IMG_0723.png using Guid(cace6bb1921c23c42a7e748b042c7a66) Importer(2089858483,0ecaa5967403d082aa24f35e1b516d23)  -> (artifact id: 'fae49897c870e1d39694333c4142b78d') in 0.313615 seconds
Number of updated asset objects reloaded before import = 0
Number of asset objects unloaded after import = 3
========================================================================
Received Import Request.
  Time since last request: 0.000021 seconds.
  path: Assets/Media/UI/UI/IMG_0786.png
  artifactKey: Guid(99eb7458bb92e4c40819ce7fdf555fe5) Importer(2089858483,0ecaa5967403d082aa24f35e1b516d23)
Start importing Assets/Media/UI/UI/IMG_0786.png using Guid(99eb7458bb92e4c40819ce7fdf555fe5) Importer(2089858483,0ecaa5967403d082aa24f35e1b516d23)  -> (artifact id: '907db1cabbb6f72eb6f332e8ab256235') in 0.319493 seconds
Number of updated asset objects reloaded before import = 0
Number of asset objects unloaded after import = 3
========================================================================
Received Import Request.
  Time since last request: 0.000035 seconds.
  path: Assets/Prefabs/Fish/Whole/Fish_Whole_Unwrapped_Fish_Whole_Normal.1001.png
  artifactKey: Guid(8f9797b5e0d435a43bf01ebc6207275f) Importer(2089858483,0ecaa5967403d082aa24f35e1b516d23)
Start importing Assets/Prefabs/Fish/Whole/Fish_Whole_Unwrapped_Fish_Whole_Normal.1001.png using Guid(8f9797b5e0d435a43bf01ebc6207275f) Importer(2089858483,0ecaa5967403d082aa24f35e1b516d23)  -> (artifact id: 'acf69042b0aac03bf4a30efcbb7d23d1') in 0.407503 seconds
Number of updated asset objects reloaded before import = 0
Number of asset objects unloaded after import = 1
========================================================================
Received Import Request.
  Time since last request: 0.000018 seconds.
  path: Assets/Prefabs/Level 2 Prefabs/Lever/Lever_Animation_Controller.controller
  artifactKey: Guid(e1d0d1083ad4c8a4586ba56ebfc2d632) Importer(2089858483,0ecaa5967403d082aa24f35e1b516d23)
Start importing Assets/Prefabs/Level 2 Prefabs/Lever/Lever_Animation_Controller.controller using Guid(e1d0d1083ad4c8a4586ba56ebfc2d632) Importer(2089858483,0ecaa5967403d082aa24f35e1b516d23)  -> (artifact id: '06620abce40f8eca24304c75e4a347a0') in 0.029361 seconds
Number of updated asset objects reloaded before import = 0
Number of asset objects unloaded after import = 10
========================================================================
Received Import Request.
  Time since last request: 0.000025 seconds.
  path: Assets/Prefabs/Level 2 Prefabs/Lever/Lever_Animated_Updated.prefab
  artifactKey: Guid(0693741c44c077644bf0fe9b04402a31) Importer(2089858483,0ecaa5967403d082aa24f35e1b516d23)
Start importing Assets/Prefabs/Level 2 Prefabs/Lever/Lever_Animated_Updated.prefab using Guid(0693741c44c077644bf0fe9b04402a31) Importer(2089858483,0ecaa5967403d082aa24f35e1b516d23)  -> (artifact id: 'd39a71ad390a368af5c55873049b9ec7') in 0.042525 seconds
Number of updated asset objects reloaded before import = 0
Number of asset objects unloaded after import = 50
========================================================================
Received Import Request.
  Time since last request: 0.000020 seconds.
  path: Assets/Prefabs/Container_Fishguts/Materials/Container_Containing_Fish_Guts_Material.006_BaseColor.1001.mat
  artifactKey: Guid(46a96b9817e81194fa48536dca9d1aa4) Importer(2089858483,0ecaa5967403d082aa24f35e1b516d23)
Start importing Assets/Prefabs/Container_Fishguts/Materials/Container_Containing_Fish_Guts_Material.006_BaseColor.1001.mat using Guid(46a96b9817e81194fa48536dca9d1aa4) Importer(2089858483,0ecaa5967403d082aa24f35e1b516d23)  -> (artifact id: '2a1d01abf8378ff2de90a97833429438') in 0.017909 seconds
Number of updated asset objects reloaded before import = 0
Number of asset objects unloaded after import = 6
========================================================================
Received Import Request.
  Time since last request: 0.000022 seconds.
  path: Assets/Media/UI/UI/settings icon.png
  artifactKey: Guid(6cb4653f96240ee4785f60466a8c8d82) Importer(2089858483,0ecaa5967403d082aa24f35e1b516d23)
Start importing Assets/Media/UI/UI/settings icon.png using Guid(6cb4653f96240ee4785f60466a8c8d82) Importer(2089858483,0ecaa5967403d082aa24f35e1b516d23)  -> (artifact id: '62dfc2b03e78050becd12e419db7263b') in 0.021724 seconds
Number of updated asset objects reloaded before import = 0
Number of asset objects unloaded after import = 3
========================================================================
Received Import Request.
  Time since last request: 0.000024 seconds.
  path: Assets/Media/UI/UI/IMG_0720.png
  artifactKey: Guid(e1912d9c1491b6f499e2c280f678418d) Importer(2089858483,0ecaa5967403d082aa24f35e1b516d23)
Start importing Assets/Media/UI/UI/IMG_0720.png using Guid(e1912d9c1491b6f499e2c280f678418d) Importer(2089858483,0ecaa5967403d082aa24f35e1b516d23)  -> (artifact id: 'fc8e0effd78e2add3a4110b1185537bb') in 0.172668 seconds
Number of updated asset objects reloaded before import = 0
Number of asset objects unloaded after import = 3
========================================================================
Received Import Request.
  Time since last request: 0.000026 seconds.
  path: Assets/Prefabs/Monsters/Frog/phrog_jumpscare animations.fbx
  artifactKey: Guid(c81c10620ac128a478ddc8968d91d939) Importer(2089858483,0ecaa5967403d082aa24f35e1b516d23)
Start importing Assets/Prefabs/Monsters/Frog/phrog_jumpscare animations.fbx using Guid(c81c10620ac128a478ddc8968d91d939) Importer(2089858483,0ecaa5967403d082aa24f35e1b516d23)  -> (artifact id: '1772174a125a78bb23d515a2c6199922') in 0.140880 seconds
Number of updated asset objects reloaded before import = 0
Number of asset objects unloaded after import = 903
========================================================================
Received Import Request.
  Time since last request: 0.000040 seconds.
  path: Assets/Prefabs/Monsters/Frog/phrog_jumpscare animations.prefab
  artifactKey: Guid(2b142e5402152a44592f76a6dd04f548) Importer(2089858483,0ecaa5967403d082aa24f35e1b516d23)
Start importing Assets/Prefabs/Monsters/Frog/phrog_jumpscare animations.prefab using Guid(2b142e5402152a44592f76a6dd04f548) Importer(2089858483,0ecaa5967403d082aa24f35e1b516d23)  -> (artifact id: '73b546da266f1877ea194f48ad4ce42a') in 0.031443 seconds
Number of updated asset objects reloaded before import = 0
Number of asset objects unloaded after import = 1807
========================================================================
Received Import Request.
  Time since last request: 0.000022 seconds.
  path: Assets/Prefabs/Container_Fishguts/Materials/Container_Containing_Fish_Guts_Material.075_BaseColor.1001.mat
  artifactKey: Guid(07dbcb5b7fadb894582c4648fae98158) Importer(2089858483,0ecaa5967403d082aa24f35e1b516d23)
Start importing Assets/Prefabs/Container_Fishguts/Materials/Container_Containing_Fish_Guts_Material.075_BaseColor.1001.mat using Guid(07dbcb5b7fadb894582c4648fae98158) Importer(2089858483,0ecaa5967403d082aa24f35e1b516d23)  -> (artifact id: '5a2d19902f7c1f8f9907459057478849') in 0.017254 seconds
Number of updated asset objects reloaded before import = 0
Number of asset objects unloaded after import = 6
========================================================================
Received Import Request.
  Time since last request: 0.000025 seconds.
  path: Assets/Level_1_Assets_Prefab/Storage_Door/Materials 1/Storage_Lockers_Separeted_Doors_Material.003_AlbedoTransparency.mat
  artifactKey: Guid(020f80b8620c0174493afcde0d1dbb1b) Importer(2089858483,0ecaa5967403d082aa24f35e1b516d23)
Start importing Assets/Level_1_Assets_Prefab/Storage_Door/Materials 1/Storage_Lockers_Separeted_Doors_Material.003_AlbedoTransparency.mat using Guid(020f80b8620c0174493afcde0d1dbb1b) Importer(2089858483,0ecaa5967403d082aa24f35e1b516d23)  -> (artifact id: '2e608642296876a057d7d887b7c9af4d') in 0.023684 seconds
Number of updated asset objects reloaded before import = 0
Number of asset objects unloaded after import = 6
========================================================================
Received Import Request.
  Time since last request: 0.000023 seconds.
  path: Assets/Media/Audio/Music/Monitor Level None.wav
  artifactKey: Guid(04903c577033f214faa90af8daf62f57) Importer(2089858483,0ecaa5967403d082aa24f35e1b516d23)
Start importing Assets/Media/Audio/Music/Monitor Level None.wav using Guid(04903c577033f214faa90af8daf62f57) Importer(2089858483,0ecaa5967403d082aa24f35e1b516d23)  -> (artifact id: '60840eeac23981d5827196969ee99ef9') in 0.045082 seconds
Number of updated asset objects reloaded before import = 0
Number of asset objects unloaded after import = 1
========================================================================
Received Import Request.
  Time since last request: 0.000022 seconds.
  path: Assets/Prefabs/Monsters/Frog/phrog_DefaultMaterial_Normal.1001.png
  artifactKey: Guid(34fe982b8bb3dc44599d663fe976d1c9) Importer(2089858483,0ecaa5967403d082aa24f35e1b516d23)
Start importing Assets/Prefabs/Monsters/Frog/phrog_DefaultMaterial_Normal.1001.png using Guid(34fe982b8bb3dc44599d663fe976d1c9) Importer(2089858483,0ecaa5967403d082aa24f35e1b516d23)  -> (artifact id: '3d89efe89bc3d4b4bc422fc915cf03f6') in 0.046246 seconds
Number of updated asset objects reloaded before import = 0
Number of asset objects unloaded after import = 1
========================================================================
Received Import Request.
  Time since last request: 0.000036 seconds.
  path: Assets/Media/UI/UI/IMG_0722.png
  artifactKey: Guid(8cc22c6574707d54eac7b8064ee4f87d) Importer(2089858483,0ecaa5967403d082aa24f35e1b516d23)
Start importing Assets/Media/UI/UI/IMG_0722.png using Guid(8cc22c6574707d54eac7b8064ee4f87d) Importer(2089858483,0ecaa5967403d082aa24f35e1b516d23)  -> (artifact id: 'f3b9b0fa7544571163b195df7ba8d901') in 0.052588 seconds
Number of updated asset objects reloaded before import = 0
Number of asset objects unloaded after import = 3
========================================================================
Received Import Request.
  Time since last request: 0.000025 seconds.
  path: Assets/Prefabs/Water/Underwater Effects/723-normal.jpg
  artifactKey: Guid(08ef20a01c156e1428ca81211ca1275d) Importer(2089858483,0ecaa5967403d082aa24f35e1b516d23)
Start importing Assets/Prefabs/Water/Underwater Effects/723-normal.jpg using Guid(08ef20a01c156e1428ca81211ca1275d) Importer(2089858483,0ecaa5967403d082aa24f35e1b516d23)  -> (artifact id: '49b311f0124521e05733428d4844a3a3') in 0.055070 seconds
Number of updated asset objects reloaded before import = 0
Number of asset objects unloaded after import = 1
========================================================================
Received Import Request.
  Time since last request: 0.000022 seconds.
  path: Assets/Prefabs/Shipment Containers/Square/New Material 1.mat
  artifactKey: Guid(13be9fe187cfdb148816dcf6f531ba57) Importer(2089858483,0ecaa5967403d082aa24f35e1b516d23)
Start importing Assets/Prefabs/Shipment Containers/Square/New Material 1.mat using Guid(13be9fe187cfdb148816dcf6f531ba57) Importer(2089858483,0ecaa5967403d082aa24f35e1b516d23)  -> (artifact id: 'a3002ef7a13e76bf25cd99f319469c1a') in 0.205894 seconds
Number of updated asset objects reloaded before import = 0
Number of asset objects unloaded after import = 4
========================================================================
Received Import Request.
  Time since last request: 0.000026 seconds.
  path: Assets/Prefabs/Shipment Containers/Square/New Material.mat
  artifactKey: Guid(211bb21ab13cc7248aaca42a46154ada) Importer(2089858483,0ecaa5967403d082aa24f35e1b516d23)
Start importing Assets/Prefabs/Shipment Containers/Square/New Material.mat using Guid(211bb21ab13cc7248aaca42a46154ada) Importer(2089858483,0ecaa5967403d082aa24f35e1b516d23)  -> (artifact id: '64bcfe762db9935f51d7d108e29590cd') in 0.016900 seconds
Number of updated asset objects reloaded before import = 0
Number of asset objects unloaded after import = 4
========================================================================
Received Import Request.
  Time since last request: 0.000027 seconds.
  path: Assets/Prefabs/Viking Ride/Materials/Viking Ride_Fixed UV_Viking Ship_AlbedoTransparency.1006.mat
  artifactKey: Guid(c386f6d830fe1284d9eba300ee042365) Importer(2089858483,0ecaa5967403d082aa24f35e1b516d23)
Start importing Assets/Prefabs/Viking Ride/Materials/Viking Ride_Fixed UV_Viking Ship_AlbedoTransparency.1006.mat using Guid(c386f6d830fe1284d9eba300ee042365) Importer(2089858483,0ecaa5967403d082aa24f35e1b516d23)  -> (artifact id: 'a65b46f4827cf615488b6538b2099120') in 0.020508 seconds
Number of updated asset objects reloaded before import = 0
Number of asset objects unloaded after import = 5
========================================================================
Received Import Request.
  Time since last request: 0.000017 seconds.
  path: Assets/Prefabs/Wood_Signage/Materials/Wood_Signage_Material.091_BaseColor.1001.mat
  artifactKey: Guid(f569c1f550236a148b2a7899e4a1dad4) Importer(2089858483,0ecaa5967403d082aa24f35e1b516d23)
Start importing Assets/Prefabs/Wood_Signage/Materials/Wood_Signage_Material.091_BaseColor.1001.mat using Guid(f569c1f550236a148b2a7899e4a1dad4) Importer(2089858483,0ecaa5967403d082aa24f35e1b516d23)  -> (artifact id: '01956615c88bb2854511c9d3ffecd371') in 0.017418 seconds
Number of updated asset objects reloaded before import = 0
Number of asset objects unloaded after import = 6
========================================================================
Received Import Request.
  Time since last request: 0.000020 seconds.
  path: Assets/Prefabs/Shipment Containers/Rectangle/New Material.mat
  artifactKey: Guid(981a4a9c711e23a4c9cdbc50a8ba1bc0) Importer(2089858483,0ecaa5967403d082aa24f35e1b516d23)
Start importing Assets/Prefabs/Shipment Containers/Rectangle/New Material.mat using Guid(981a4a9c711e23a4c9cdbc50a8ba1bc0) Importer(2089858483,0ecaa5967403d082aa24f35e1b516d23)  -> (artifact id: '014288e9e74747f2de92b262507e3a1c') in 0.019326 seconds
Number of updated asset objects reloaded before import = 0
Number of asset objects unloaded after import = 4
========================================================================
Received Import Request.
  Time since last request: 0.000027 seconds.
  path: Assets/Prefabs/Water/Underwater Effects/UnderwaterFog.mat
  artifactKey: Guid(f08f79324709258449eae88a96994eb6) Importer(2089858483,0ecaa5967403d082aa24f35e1b516d23)
Start importing Assets/Prefabs/Water/Underwater Effects/UnderwaterFog.mat using Guid(f08f79324709258449eae88a96994eb6) Importer(2089858483,0ecaa5967403d082aa24f35e1b516d23)  -> (artifact id: 'b4f961ede08d83032e6ed2c61df3f361') in 0.134205 seconds
Number of updated asset objects reloaded before import = 0
Number of asset objects unloaded after import = 2
========================================================================
Received Import Request.
  Time since last request: 0.000032 seconds.
  path: Assets/QuickOutline/Resources/Shaders/OutlineFill.shader
  artifactKey: Guid(4e76d4023d7e0411297c670f878973e2) Importer(2089858483,0ecaa5967403d082aa24f35e1b516d23)
Start importing Assets/QuickOutline/Resources/Shaders/OutlineFill.shader using Guid(4e76d4023d7e0411297c670f878973e2) Importer(2089858483,0ecaa5967403d082aa24f35e1b516d23)  -> (artifact id: '383424d99441da4846db68a5055eea75') in 0.089441 seconds
Number of updated asset objects reloaded before import = 0
Number of asset objects unloaded after import = 1
========================================================================
Received Import Request.
  Time since last request: 0.000028 seconds.
  path: Assets/_Scripts/Core/Pattern/StaticInstance.cs
  artifactKey: Guid(0152967b615ee3f4081292d747fbd489) Importer(2089858483,0ecaa5967403d082aa24f35e1b516d23)
Start importing Assets/_Scripts/Core/Pattern/StaticInstance.cs using Guid(0152967b615ee3f4081292d747fbd489) Importer(2089858483,0ecaa5967403d082aa24f35e1b516d23)  -> (artifact id: '4229072b1405008e4b8fda8125fc7ce6') in 0.012304 seconds
Number of updated asset objects reloaded before import = 0
Number of asset objects unloaded after import = 1
========================================================================
Received Import Request.
  Time since last request: 0.000022 seconds.
  path: Assets/QuickOutline/Samples/Scenes/QuickOutline.unity
  artifactKey: Guid(f23712c79adc910408e872b127e825cf) Importer(2089858483,0ecaa5967403d082aa24f35e1b516d23)
Start importing Assets/QuickOutline/Samples/Scenes/QuickOutline.unity using Guid(f23712c79adc910408e872b127e825cf) Importer(2089858483,0ecaa5967403d082aa24f35e1b516d23)  -> (artifact id: 'e9201f61e575474c49f15468f2b02894') in 0.014051 seconds
Number of updated asset objects reloaded before import = 0
Number of asset objects unloaded after import = 1
========================================================================
Received Import Request.
  Time since last request: 0.000024 seconds.
  path: Assets/Prefabs/Shipment Containers/Square/Container_Square_DefaultMaterial_Emission.1001.png
  artifactKey: Guid(85088cf2eaf8ff1449750a23f2a4904a) Importer(2089858483,0ecaa5967403d082aa24f35e1b516d23)
Start importing Assets/Prefabs/Shipment Containers/Square/Container_Square_DefaultMaterial_Emission.1001.png using Guid(85088cf2eaf8ff1449750a23f2a4904a) Importer(2089858483,0ecaa5967403d082aa24f35e1b516d23)  -> (artifact id: 'a669793b7b593613beb0ce1f8996e913') in 0.093093 seconds
Number of updated asset objects reloaded before import = 0
Number of asset objects unloaded after import = 1
========================================================================
Received Import Request.
  Time since last request: 0.000018 seconds.
  path: Assets/_Scripts/Systems/GameCore/Inventory.cs
  artifactKey: Guid(92857abe4ef93ea4bac09c9ab0467c3f) Importer(2089858483,0ecaa5967403d082aa24f35e1b516d23)
Start importing Assets/_Scripts/Systems/GameCore/Inventory.cs using Guid(92857abe4ef93ea4bac09c9ab0467c3f) Importer(2089858483,0ecaa5967403d082aa24f35e1b516d23)  -> (artifact id: '7f3c2c1258ca6d2d4c6f541daa798f55') in 0.013425 seconds
Number of updated asset objects reloaded before import = 0
Number of asset objects unloaded after import = 1
========================================================================
Received Import Request.
  Time since last request: 0.000025 seconds.
  path: Assets/_Scripts/Systems/GameCore/LoadingScreenController.cs
  artifactKey: Guid(3199fb95f0554e54b9763a98e1a76cc9) Importer(2089858483,0ecaa5967403d082aa24f35e1b516d23)
Start importing Assets/_Scripts/Systems/GameCore/LoadingScreenController.cs using Guid(3199fb95f0554e54b9763a98e1a76cc9) Importer(2089858483,0ecaa5967403d082aa24f35e1b516d23)  -> (artifact id: '9a180eaa5396b7a1746e3e4721e5a7a1') in 0.014738 seconds
Number of updated asset objects reloaded before import = 0
Number of asset objects unloaded after import = 1
========================================================================
Received Import Request.
  Time since last request: 0.000028 seconds.
  path: Assets/_Scripts/Systems/GameCore/VideoManager.cs
  artifactKey: Guid(a0c5d39beca8d674cb570b4481229965) Importer(2089858483,0ecaa5967403d082aa24f35e1b516d23)
Start importing Assets/_Scripts/Systems/GameCore/VideoManager.cs using Guid(a0c5d39beca8d674cb570b4481229965) Importer(2089858483,0ecaa5967403d082aa24f35e1b516d23)  -> (artifact id: '65dedd6ae2312874f61d2da3e1f4c97c') in 0.012844 seconds
Number of updated asset objects reloaded before import = 0
Number of asset objects unloaded after import = 1
========================================================================
Received Import Request.
  Time since last request: 0.000018 seconds.
  path: Assets/_Scripts/Systems/Cutscene/CutsceneManager.cs
  artifactKey: Guid(4fddb968c9a8ab84a9916771d88c5d32) Importer(2089858483,0ecaa5967403d082aa24f35e1b516d23)
Start importing Assets/_Scripts/Systems/Cutscene/CutsceneManager.cs using Guid(4fddb968c9a8ab84a9916771d88c5d32) Importer(2089858483,0ecaa5967403d082aa24f35e1b516d23)  -> (artifact id: '856940db45df31c90e4fb0a2f421551b') in 0.014077 seconds
Number of updated asset objects reloaded before import = 0
Number of asset objects unloaded after import = 1
========================================================================
Received Import Request.
  Time since last request: 0.000026 seconds.
  path: Assets/Prefabs/Sunfish_Model_Animation/Materials/Sunfish_DefaultMaterial_BaseColor.1001.mat
  artifactKey: Guid(9be50616c9af9094eb2bee03bf572884) Importer(2089858483,0ecaa5967403d082aa24f35e1b516d23)
Start importing Assets/Prefabs/Sunfish_Model_Animation/Materials/Sunfish_DefaultMaterial_BaseColor.1001.mat using Guid(9be50616c9af9094eb2bee03bf572884) Importer(2089858483,0ecaa5967403d082aa24f35e1b516d23)  -> (artifact id: '52ade02cd35dfd2bbcc536da20a503cd') in 0.028017 seconds
Number of updated asset objects reloaded before import = 0
Number of asset objects unloaded after import = 7
========================================================================
Received Import Request.
  Time since last request: 0.000020 seconds.
  path: Assets/_Scripts/Systems/GameCore/LeveManager.cs
  artifactKey: Guid(62730b1acfc2a044eae30fc7eb1a0c20) Importer(2089858483,0ecaa5967403d082aa24f35e1b516d23)
Start importing Assets/_Scripts/Systems/GameCore/LeveManager.cs using Guid(62730b1acfc2a044eae30fc7eb1a0c20) Importer(2089858483,0ecaa5967403d082aa24f35e1b516d23)  -> (artifact id: '50a59777c46c7a3f138fde66bf627988') in 0.016380 seconds
Number of updated asset objects reloaded before import = 0
Number of asset objects unloaded after import = 1
========================================================================
Received Import Request.
  Time since last request: 0.000023 seconds.
  path: Assets/_Scripts/Core/Pattern/Singleton.cs
  artifactKey: Guid(37819c4da367f4f4b85bae35d7f5f661) Importer(2089858483,0ecaa5967403d082aa24f35e1b516d23)
Start importing Assets/_Scripts/Core/Pattern/Singleton.cs using Guid(37819c4da367f4f4b85bae35d7f5f661) Importer(2089858483,0ecaa5967403d082aa24f35e1b516d23)  -> (artifact id: '19a0bf8ee1008eaf3c8b7fcb82961f52') in 0.018446 seconds
Number of updated asset objects reloaded before import = 0
Number of asset objects unloaded after import = 1
========================================================================
Received Import Request.
  Time since last request: 0.000029 seconds.
  path: Assets/Prefabs/Water/Underwater Effects/UnderwaterEffects.mat
  artifactKey: Guid(d7eff91adf883494db9dbd5fd180ae71) Importer(2089858483,0ecaa5967403d082aa24f35e1b516d23)
Start importing Assets/Prefabs/Water/Underwater Effects/UnderwaterEffects.mat using Guid(d7eff91adf883494db9dbd5fd180ae71) Importer(2089858483,0ecaa5967403d082aa24f35e1b516d23)  -> (artifact id: 'd6ed5ad23ab855ba6461fea40769e6c7') in 0.014377 seconds
Number of updated asset objects reloaded before import = 0
Number of asset objects unloaded after import = 1
========================================================================
Received Import Request.
  Time since last request: 0.000032 seconds.
  path: Assets/_Scripts/Core/Utilities/FPSCounter.cs
  artifactKey: Guid(f3bc0d19c2d09b340a5845367fe2fdd5) Importer(2089858483,0ecaa5967403d082aa24f35e1b516d23)
Start importing Assets/_Scripts/Core/Utilities/FPSCounter.cs using Guid(f3bc0d19c2d09b340a5845367fe2fdd5) Importer(2089858483,0ecaa5967403d082aa24f35e1b516d23)  -> (artifact id: 'c037ffdce8cf3afa87a7fe66feb8df7e') in 0.014965 seconds
Number of updated asset objects reloaded before import = 0
Number of asset objects unloaded after import = 1
========================================================================
Received Import Request.
  Time since last request: 0.000021 seconds.
  path: Assets/Prefabs/Shipment Containers/Rectangle/New Material 1.mat
  artifactKey: Guid(157856631d382ae4ea70fadefa783dc8) Importer(2089858483,0ecaa5967403d082aa24f35e1b516d23)
Start importing Assets/Prefabs/Shipment Containers/Rectangle/New Material 1.mat using Guid(157856631d382ae4ea70fadefa783dc8) Importer(2089858483,0ecaa5967403d082aa24f35e1b516d23)  -> (artifact id: 'f4341b4b511e71a25fdea7039d8266e7') in 0.089906 seconds
Number of updated asset objects reloaded before import = 0
Number of asset objects unloaded after import = 4
========================================================================
Received Import Request.
  Time since last request: 0.000031 seconds.
  path: Assets/_Scripts/Systems/InterAction/MovingObjectInteractable.cs
  artifactKey: Guid(f61dd978b67066a409c3286e15dec13f) Importer(2089858483,0ecaa5967403d082aa24f35e1b516d23)
Start importing Assets/_Scripts/Systems/InterAction/MovingObjectInteractable.cs using Guid(f61dd978b67066a409c3286e15dec13f) Importer(2089858483,0ecaa5967403d082aa24f35e1b516d23)  -> (artifact id: 'be77df53f2a151167ff61f0fd9411aae') in 0.013110 seconds
Number of updated asset objects reloaded before import = 0
Number of asset objects unloaded after import = 1
========================================================================
Received Import Request.
  Time since last request: 0.000023 seconds.
  path: Assets/_Scripts/Systems/Scriptables/SceneConfiguration.cs
  artifactKey: Guid(ffbeddf54c0499c4982c62ae4a9c17ac) Importer(2089858483,0ecaa5967403d082aa24f35e1b516d23)
Start importing Assets/_Scripts/Systems/Scriptables/SceneConfiguration.cs using Guid(ffbeddf54c0499c4982c62ae4a9c17ac) Importer(2089858483,0ecaa5967403d082aa24f35e1b516d23)  -> (artifact id: '5604772767171af26a32d79126dbb395') in 0.024985 seconds
Number of updated asset objects reloaded before import = 0
Number of asset objects unloaded after import = 1
========================================================================
Received Import Request.
  Time since last request: 0.000023 seconds.
  path: Assets/_Scripts/Systems/MonsterSpawner/MonsterSpawnTrigger.cs
  artifactKey: Guid(5138264c360f9754d9c1d27a459750de) Importer(2089858483,0ecaa5967403d082aa24f35e1b516d23)
Start importing Assets/_Scripts/Systems/MonsterSpawner/MonsterSpawnTrigger.cs using Guid(5138264c360f9754d9c1d27a459750de) Importer(2089858483,0ecaa5967403d082aa24f35e1b516d23)  -> (artifact id: 'd8f8ef5ad957893e2d326a087021ce95') in 0.020132 seconds
Number of updated asset objects reloaded before import = 0
Number of asset objects unloaded after import = 1
========================================================================
Received Import Request.
  Time since last request: 0.000031 seconds.
  path: Assets/_Scripts/Systems/MonsterSpawner/MonsterController.cs
  artifactKey: Guid(8df7d7f4b0deab245b6a4cdc6287c13d) Importer(2089858483,0ecaa5967403d082aa24f35e1b516d23)
Start importing Assets/_Scripts/Systems/MonsterSpawner/MonsterController.cs using Guid(8df7d7f4b0deab245b6a4cdc6287c13d) Importer(2089858483,0ecaa5967403d082aa24f35e1b516d23)  -> (artifact id: 'ad0a1a4a9420302db9d404b707cdce9c') in 0.012292 seconds
Number of updated asset objects reloaded before import = 0
Number of asset objects unloaded after import = 1
========================================================================
Received Import Request.
  Time since last request: 0.000095 seconds.
  path: Assets/_Scripts/Systems/Hint System/HintManager.cs
  artifactKey: Guid(a021e416ea62f8a49bfdd059978f7886) Importer(2089858483,0ecaa5967403d082aa24f35e1b516d23)
Start importing Assets/_Scripts/Systems/Hint System/HintManager.cs using Guid(a021e416ea62f8a49bfdd059978f7886) Importer(2089858483,0ecaa5967403d082aa24f35e1b516d23)  -> (artifact id: '2c78770f17be62f441720a0cfe9eb994') in 0.012786 seconds
Number of updated asset objects reloaded before import = 0
Number of asset objects unloaded after import = 1
========================================================================
Received Import Request.
  Time since last request: 0.000018 seconds.
  path: Assets/_Scripts/Systems/PauseSystem/PauseManager.cs
  artifactKey: Guid(d56b5dad61a51a94d840b660cc968976) Importer(2089858483,0ecaa5967403d082aa24f35e1b516d23)
Start importing Assets/_Scripts/Systems/PauseSystem/PauseManager.cs using Guid(d56b5dad61a51a94d840b660cc968976) Importer(2089858483,0ecaa5967403d082aa24f35e1b516d23)  -> (artifact id: 'e075176503641859a8fabd736e177b66') in 0.012064 seconds
Number of updated asset objects reloaded before import = 0
Number of asset objects unloaded after import = 1
========================================================================
Received Import Request.
  Time since last request: 0.000030 seconds.
  path: Assets/_Scripts/Systems/MonsterSpawner/TentacleStateMachine.cs
  artifactKey: Guid(d54d2e4939afd6e4cbca2bee57dc4f21) Importer(2089858483,0ecaa5967403d082aa24f35e1b516d23)
Start importing Assets/_Scripts/Systems/MonsterSpawner/TentacleStateMachine.cs using Guid(d54d2e4939afd6e4cbca2bee57dc4f21) Importer(2089858483,0ecaa5967403d082aa24f35e1b516d23)  -> (artifact id: '2c03bf412c7682eedb0a3ac8c38da54d') in 0.011719 seconds
Number of updated asset objects reloaded before import = 0
Number of asset objects unloaded after import = 1
========================================================================
Received Import Request.
  Time since last request: 0.000022 seconds.
  path: Assets/_Scripts/Systems/MonsterSpawner/MonsterActivationManager.cs
  artifactKey: Guid(a832c7f8e234baa42aefcfe53ace3672) Importer(2089858483,0ecaa5967403d082aa24f35e1b516d23)
Start importing Assets/_Scripts/Systems/MonsterSpawner/MonsterActivationManager.cs using Guid(a832c7f8e234baa42aefcfe53ace3672) Importer(2089858483,0ecaa5967403d082aa24f35e1b516d23)  -> (artifact id: '96a541bcb4657705a1419bb95d830dec') in 0.014066 seconds
Number of updated asset objects reloaded before import = 0
Number of asset objects unloaded after import = 1
========================================================================
Received Import Request.
  Time since last request: 0.000023 seconds.
  path: Assets/_Scripts/Systems/Hint System/HintData.cs
  artifactKey: Guid(2f7b5a4a0544e9940b4b0918f052aa0e) Importer(2089858483,0ecaa5967403d082aa24f35e1b516d23)
Start importing Assets/_Scripts/Systems/Hint System/HintData.cs using Guid(2f7b5a4a0544e9940b4b0918f052aa0e) Importer(2089858483,0ecaa5967403d082aa24f35e1b516d23)  -> (artifact id: '64d9889ebfd6a56be96b17ed225926bf') in 0.010870 seconds
Number of updated asset objects reloaded before import = 0
Number of asset objects unloaded after import = 1
========================================================================
Received Import Request.
  Time since last request: 0.000026 seconds.
  path: Assets/Media/UI/UI/settings_ui_bg-2.png
  artifactKey: Guid(c76fa868edce86a48a620891f2af7ecb) Importer(2089858483,0ecaa5967403d082aa24f35e1b516d23)
Start importing Assets/Media/UI/UI/settings_ui_bg-2.png using Guid(c76fa868edce86a48a620891f2af7ecb) Importer(2089858483,0ecaa5967403d082aa24f35e1b516d23)  -> (artifact id: '5b07298a47eabae23205659e82f4744c') in 0.020727 seconds
Number of updated asset objects reloaded before import = 0
Number of asset objects unloaded after import = 3
========================================================================
Received Import Request.
  Time since last request: 0.000041 seconds.
  path: Assets/_Scripts/UI/Menu/ThunderFlash.cs
  artifactKey: Guid(b206698efae8cfc4a95901b98c79e510) Importer(2089858483,0ecaa5967403d082aa24f35e1b516d23)
Start importing Assets/_Scripts/UI/Menu/ThunderFlash.cs using Guid(b206698efae8cfc4a95901b98c79e510) Importer(2089858483,0ecaa5967403d082aa24f35e1b516d23)  -> (artifact id: '9e5a29ac4083901b8e83db30a251bfc4') in 0.011914 seconds
Number of updated asset objects reloaded before import = 0
Number of asset objects unloaded after import = 1
========================================================================
Received Import Request.
  Time since last request: 0.000029 seconds.
  path: Assets/_Scripts/Systems/Tutorial/TutorialData.asset
  artifactKey: Guid(16bc1c2c8bf16074c9431bea905cdc52) Importer(2089858483,0ecaa5967403d082aa24f35e1b516d23)
Start importing Assets/_Scripts/Systems/Tutorial/TutorialData.asset using Guid(16bc1c2c8bf16074c9431bea905cdc52) Importer(2089858483,0ecaa5967403d082aa24f35e1b516d23)  -> (artifact id: '523ed1d778993de0b29cbe1332f1972c') in 0.023362 seconds
Number of updated asset objects reloaded before import = 0
Number of asset objects unloaded after import = 1
========================================================================
Received Import Request.
  Time since last request: 0.000020 seconds.
  path: Assets/_Scripts/Systems/Tutorial/TutorialStep.cs
  artifactKey: Guid(3e8ad2e62e618d14798e2cf46b3dc7ee) Importer(2089858483,0ecaa5967403d082aa24f35e1b516d23)
Start importing Assets/_Scripts/Systems/Tutorial/TutorialStep.cs using Guid(3e8ad2e62e618d14798e2cf46b3dc7ee) Importer(2089858483,0ecaa5967403d082aa24f35e1b516d23)  -> (artifact id: '5a8356729725b185b4b6be47955ba125') in 0.013475 seconds
Number of updated asset objects reloaded before import = 0
Number of asset objects unloaded after import = 1
========================================================================
Received Import Request.
  Time since last request: 0.000022 seconds.
  path: Assets/Media/Audio/Dialogue/Fish (edited)/Line 9_i hope i stain.mp3
  artifactKey: Guid(ee2b68540d5733c4eb805faafd919cd6) Importer(2089858483,0ecaa5967403d082aa24f35e1b516d23)
Start importing Assets/Media/Audio/Dialogue/Fish (edited)/Line 9_i hope i stain.mp3 using Guid(ee2b68540d5733c4eb805faafd919cd6) Importer(2089858483,0ecaa5967403d082aa24f35e1b516d23)  -> (artifact id: '566599f5604ff22e995b2b180cfc8b80') in 0.043332 seconds
Number of updated asset objects reloaded before import = 0
Number of asset objects unloaded after import = 1
========================================================================
Received Import Request.
  Time since last request: 0.000019 seconds.
  path: Assets/_Scripts/UI/Menu/ColorChangeMenuHandler.cs
  artifactKey: Guid(541558f17d6577e448a94a320e46c9e3) Importer(2089858483,0ecaa5967403d082aa24f35e1b516d23)
Start importing Assets/_Scripts/UI/Menu/ColorChangeMenuHandler.cs using Guid(541558f17d6577e448a94a320e46c9e3) Importer(2089858483,0ecaa5967403d082aa24f35e1b516d23)  -> (artifact id: '7e1de0e0d8c81e806c2a6389fe0568fc') in 0.012820 seconds
Number of updated asset objects reloaded before import = 0
Number of asset objects unloaded after import = 1
========================================================================
Received Import Request.
  Time since last request: 0.000053 seconds.
  path: Assets/_Scripts/UI/Menu/VerticalLetterCarousel.cs
  artifactKey: Guid(78f97ebf23c8ba94487e65cd5ddfdabd) Importer(2089858483,0ecaa5967403d082aa24f35e1b516d23)
Start importing Assets/_Scripts/UI/Menu/VerticalLetterCarousel.cs using Guid(78f97ebf23c8ba94487e65cd5ddfdabd) Importer(2089858483,0ecaa5967403d082aa24f35e1b516d23)  -> (artifact id: 'bac0b6808d0bd4ef70f35f8ff5f48be6') in 0.107038 seconds
Number of updated asset objects reloaded before import = 0
Number of asset objects unloaded after import = 1
========================================================================
Received Import Request.
  Time since last request: 0.000031 seconds.
  path: Assets/Media/Audio/Dialogue/Fish (edited)/Line 3.mp3
  artifactKey: Guid(83f76e445dc436a4d889d25c3c2d4c6d) Importer(2089858483,0ecaa5967403d082aa24f35e1b516d23)
Start importing Assets/Media/Audio/Dialogue/Fish (edited)/Line 3.mp3 using Guid(83f76e445dc436a4d889d25c3c2d4c6d) Importer(2089858483,0ecaa5967403d082aa24f35e1b516d23)  -> (artifact id: '2267d6bf52371505c69590015277e9ff') in 0.046453 seconds
Number of updated asset objects reloaded before import = 0
Number of asset objects unloaded after import = 1
========================================================================
Received Import Request.
  Time since last request: 0.000026 seconds.
  path: Assets/Media/Audio/Dialogue/Fish (edited)/Line 6_it_s ok we wont forget pull the lever.mp3
  artifactKey: Guid(b3a67fd0ecbb6454caa9f4924a4620c8) Importer(2089858483,0ecaa5967403d082aa24f35e1b516d23)
Start importing Assets/Media/Audio/Dialogue/Fish (edited)/Line 6_it_s ok we wont forget pull the lever.mp3 using Guid(b3a67fd0ecbb6454caa9f4924a4620c8) Importer(2089858483,0ecaa5967403d082aa24f35e1b516d23)  -> (artifact id: '9d93f3846ba1070adc0206a9e5bd1ad7') in 0.037204 seconds
Number of updated asset objects reloaded before import = 0
Number of asset objects unloaded after import = 1
========================================================================
Received Import Request.
  Time since last request: 0.000020 seconds.
  path: Assets/Media/Audio/SFX/Game SFX/crate moving.mp3
  artifactKey: Guid(b5b83ceb8fdf8014cae972a6e748febb) Importer(2089858483,0ecaa5967403d082aa24f35e1b516d23)
Start importing Assets/Media/Audio/SFX/Game SFX/crate moving.mp3 using Guid(b5b83ceb8fdf8014cae972a6e748febb) Importer(2089858483,0ecaa5967403d082aa24f35e1b516d23)  -> (artifact id: '62a1eac2348d0ecf5c91b97e497ac160') in 0.047245 seconds
Number of updated asset objects reloaded before import = 0
Number of asset objects unloaded after import = 1
========================================================================
Received Import Request.
  Time since last request: 0.000018 seconds.
  path: Assets/Media/Audio/SFX/Game SFX/locked door.mp3
  artifactKey: Guid(e7ed0af43a51efb4989937e093851f85) Importer(2089858483,0ecaa5967403d082aa24f35e1b516d23)
Start importing Assets/Media/Audio/SFX/Game SFX/locked door.mp3 using Guid(e7ed0af43a51efb4989937e093851f85) Importer(2089858483,0ecaa5967403d082aa24f35e1b516d23)  -> (artifact id: '266e114ab6728dde72b84bbea0258c12') in 0.116884 seconds
Number of updated asset objects reloaded before import = 0
Number of asset objects unloaded after import = 1
========================================================================
Received Import Request.
  Time since last request: 0.000022 seconds.
  path: Assets/Media/Audio/Dialogue/Pier A Wisteria (edited)/try to calm down_01.wav
  artifactKey: Guid(8ca1939ff02b7124e98f46aacfe64932) Importer(2089858483,0ecaa5967403d082aa24f35e1b516d23)
Start importing Assets/Media/Audio/Dialogue/Pier A Wisteria (edited)/try to calm down_01.wav using Guid(8ca1939ff02b7124e98f46aacfe64932) Importer(2089858483,0ecaa5967403d082aa24f35e1b516d23)  -> (artifact id: 'f0ee15229f365fbbaffe8f25f4f7ed6b') in 0.039352 seconds
Number of updated asset objects reloaded before import = 0
Number of asset objects unloaded after import = 1
========================================================================
Received Import Request.
  Time since last request: 0.000026 seconds.
  path: Assets/Media/Audio/SFX/Game SFX/interact.mp3
  artifactKey: Guid(1530e6b1ad24921469be92bff1d72707) Importer(2089858483,0ecaa5967403d082aa24f35e1b516d23)
Start importing Assets/Media/Audio/SFX/Game SFX/interact.mp3 using Guid(1530e6b1ad24921469be92bff1d72707) Importer(2089858483,0ecaa5967403d082aa24f35e1b516d23)  -> (artifact id: '3ae0c15ae685ad9ac23ec9a30a9b95f6') in 0.092690 seconds
Number of updated asset objects reloaded before import = 0
Number of asset objects unloaded after import = 1
========================================================================
Received Import Request.
  Time since last request: 0.000019 seconds.
  path: Assets/Plugins/Demigiant/DOTween/Modules/DOTweenModulePhysics.cs
  artifactKey: Guid(dae9aa560b4242648a3affa2bfabc365) Importer(2089858483,0ecaa5967403d082aa24f35e1b516d23)
Start importing Assets/Plugins/Demigiant/DOTween/Modules/DOTweenModulePhysics.cs using Guid(dae9aa560b4242648a3affa2bfabc365) Importer(2089858483,0ecaa5967403d082aa24f35e1b516d23)  -> (artifact id: '38859d971434773753e05fe7d27a820c') in 0.015581 seconds
Number of updated asset objects reloaded before import = 0
Number of asset objects unloaded after import = 1
========================================================================
Received Import Request.
  Time since last request: 0.000018 seconds.
  path: Assets/Plugins/Demigiant/DOTween/Modules/DOTweenModuleSprite.cs
  artifactKey: Guid(188918ab119d93148aa0de59ccf5286b) Importer(2089858483,0ecaa5967403d082aa24f35e1b516d23)
Start importing Assets/Plugins/Demigiant/DOTween/Modules/DOTweenModuleSprite.cs using Guid(188918ab119d93148aa0de59ccf5286b) Importer(2089858483,0ecaa5967403d082aa24f35e1b516d23)  -> (artifact id: 'a3cf62507575128cc181a93e53b003e5') in 0.011589 seconds
Number of updated asset objects reloaded before import = 0
Number of asset objects unloaded after import = 1
========================================================================
Received Import Request.
  Time since last request: 0.000025 seconds.
  path: Assets/Plugins/Demigiant/DOTween/Modules/DOTweenModuleEPOOutline.cs
  artifactKey: Guid(e944529dcaee98f4e9498d80e541d93e) Importer(2089858483,0ecaa5967403d082aa24f35e1b516d23)
Start importing Assets/Plugins/Demigiant/DOTween/Modules/DOTweenModuleEPOOutline.cs using Guid(e944529dcaee98f4e9498d80e541d93e) Importer(2089858483,0ecaa5967403d082aa24f35e1b516d23)  -> (artifact id: '165aaa0147e949d0a82ce58444867f85') in 0.012942 seconds
Number of updated asset objects reloaded before import = 0
Number of asset objects unloaded after import = 1
========================================================================
Received Import Request.
  Time since last request: 0.000087 seconds.
  path: Assets/Media/Audio/SFX/MenuSFX/menuHit.wav
  artifactKey: Guid(ec48d7d08289cc14bb7391e33174a947) Importer(2089858483,0ecaa5967403d082aa24f35e1b516d23)
Start importing Assets/Media/Audio/SFX/MenuSFX/menuHit.wav using Guid(ec48d7d08289cc14bb7391e33174a947) Importer(2089858483,0ecaa5967403d082aa24f35e1b516d23)  -> (artifact id: 'bcd2313f4fa65d0c4cf069506c890a70') in 0.120612 seconds
Number of updated asset objects reloaded before import = 0
Number of asset objects unloaded after import = 1
========================================================================
Received Import Request.
  Time since last request: 0.000019 seconds.
  path: Assets/Plugins/Demigiant/DOTween/Modules/DOTweenModulePhysics2D.cs
  artifactKey: Guid(230fe34542e175245ba74b4659dae700) Importer(2089858483,0ecaa5967403d082aa24f35e1b516d23)
Start importing Assets/Plugins/Demigiant/DOTween/Modules/DOTweenModulePhysics2D.cs using Guid(230fe34542e175245ba74b4659dae700) Importer(2089858483,0ecaa5967403d082aa24f35e1b516d23)  -> (artifact id: 'db2d2d545698f3e0a73b64729c8f96fe') in 0.013680 seconds
Number of updated asset objects reloaded before import = 0
Number of asset objects unloaded after import = 1
========================================================================
Received Import Request.
  Time since last request: 0.000020 seconds.
  path: Assets/Plugins/Demigiant/DOTween/Editor/DOTweenEditor.dll
  artifactKey: Guid(45d5034162d6cf04dbe46da84fc7d074) Importer(2089858483,0ecaa5967403d082aa24f35e1b516d23)
Start importing Assets/Plugins/Demigiant/DOTween/Editor/DOTweenEditor.dll using Guid(45d5034162d6cf04dbe46da84fc7d074) Importer(2089858483,0ecaa5967403d082aa24f35e1b516d23)  -> (artifact id: 'f682aad9b47c27cd48320d527e192a79') in 0.017128 seconds
Number of updated asset objects reloaded before import = 0
Number of asset objects unloaded after import = 1
========================================================================
Received Import Request.
  Time since last request: 0.000019 seconds.
  path: Assets/Media/Audio/Dialogue/Pier A Wisteria (edited)/get to manila bay youll get your answers soon_01.wav
  artifactKey: Guid(025adc7a7297f0240aee6bf405b71d2e) Importer(2089858483,0ecaa5967403d082aa24f35e1b516d23)
Start importing Assets/Media/Audio/Dialogue/Pier A Wisteria (edited)/get to manila bay youll get your answers soon_01.wav using Guid(025adc7a7297f0240aee6bf405b71d2e) Importer(2089858483,0ecaa5967403d082aa24f35e1b516d23)  -> (artifact id: '34508f287ea681b064c37c374085dd01') in 0.061716 seconds
Number of updated asset objects reloaded before import = 0
Number of asset objects unloaded after import = 1
========================================================================
Received Import Request.
  Time since last request: 0.000022 seconds.
  path: Assets/Media/Audio/SFX/MenuSFX/Thunder2.mp3
  artifactKey: Guid(a52b6079ea974ab47802b10e9ff2a8eb) Importer(2089858483,0ecaa5967403d082aa24f35e1b516d23)
Start importing Assets/Media/Audio/SFX/MenuSFX/Thunder2.mp3 using Guid(a52b6079ea974ab47802b10e9ff2a8eb) Importer(2089858483,0ecaa5967403d082aa24f35e1b516d23)  -> (artifact id: '520fff62cbbbe4d41b7a7fd5a8ec8bfa') in 0.717343 seconds
Number of updated asset objects reloaded before import = 0
Number of asset objects unloaded after import = 1
========================================================================
Received Import Request.
  Time since last request: 0.000025 seconds.
  path: Assets/Prefabs/Gwangju_3D asset/28_SamhuiRestaurant/Materials/SamhuiRestaurant_Trim_Floor.mat
  artifactKey: Guid(b87544f9b30afff49845546a290d6092) Importer(2089858483,0ecaa5967403d082aa24f35e1b516d23)
Start importing Assets/Prefabs/Gwangju_3D asset/28_SamhuiRestaurant/Materials/SamhuiRestaurant_Trim_Floor.mat using Guid(b87544f9b30afff49845546a290d6092) Importer(2089858483,0ecaa5967403d082aa24f35e1b516d23)  -> (artifact id: '0e82077442537d0da56c6687e518d880') in 0.028016 seconds
Number of updated asset objects reloaded before import = 0
Number of asset objects unloaded after import = 4
========================================================================
Received Import Request.
  Time since last request: 0.000020 seconds.
  path: Assets/Prefabs/Gwangju_3D asset/28_SamhuiRestaurant/Materials/SamhuiRestaurant_Diorama.mat
  artifactKey: Guid(c9689ffce270ff24ab06541b85e48e77) Importer(2089858483,0ecaa5967403d082aa24f35e1b516d23)
Start importing Assets/Prefabs/Gwangju_3D asset/28_SamhuiRestaurant/Materials/SamhuiRestaurant_Diorama.mat using Guid(c9689ffce270ff24ab06541b85e48e77) Importer(2089858483,0ecaa5967403d082aa24f35e1b516d23)  -> (artifact id: '48a8d33e52b172cda16c58fcfd27c3cb') in 0.435155 seconds
Number of updated asset objects reloaded before import = 0
Number of asset objects unloaded after import = 4
========================================================================
Received Import Request.
  Time since last request: 0.000021 seconds.
  path: Assets/Prefabs/Gwangju_3D asset/Common_Assets/Bg_Preset/Ground.png
  artifactKey: Guid(526aac580bc98d944883b3ff0e894d54) Importer(2089858483,0ecaa5967403d082aa24f35e1b516d23)
Start importing Assets/Prefabs/Gwangju_3D asset/Common_Assets/Bg_Preset/Ground.png using Guid(526aac580bc98d944883b3ff0e894d54) Importer(2089858483,0ecaa5967403d082aa24f35e1b516d23)  -> (artifact id: '45946d1a0f34c5507d44601e18d668db') in 0.681123 seconds
Number of updated asset objects reloaded before import = 0
Number of asset objects unloaded after import = 1
========================================================================
Received Import Request.
  Time since last request: 0.000032 seconds.
  path: Assets/Prefabs/Gwangju_3D asset/Scenes/28_SamhuiRestaurant/28_SamhuiRestaurant_LightSetting.lighting
  artifactKey: Guid(bd65d9cdf4ab8b3418dfe0ea7bcd8fed) Importer(2089858483,0ecaa5967403d082aa24f35e1b516d23)
Start importing Assets/Prefabs/Gwangju_3D asset/Scenes/28_SamhuiRestaurant/28_SamhuiRestaurant_LightSetting.lighting using Guid(bd65d9cdf4ab8b3418dfe0ea7bcd8fed) Importer(2089858483,0ecaa5967403d082aa24f35e1b516d23) LightingSettings: switching bake backend from 1 to 2.
 -> (artifact id: '254faad32cb659a829e7efe1df8b4eb9') in 0.023417 seconds
Number of updated asset objects reloaded before import = 0
Number of asset objects unloaded after import = 1
========================================================================
Received Import Request.
  Time since last request: 0.000016 seconds.
  path: Assets/Prefabs/Gwangju_3D asset/28_SamhuiRestaurant/Textures/SamhuiRestaurant_Trim_Wall_Normal.png
  artifactKey: Guid(5f2ed70ae3e8ea343b04ae926dbe7b56) Importer(2089858483,0ecaa5967403d082aa24f35e1b516d23)
Start importing Assets/Prefabs/Gwangju_3D asset/28_SamhuiRestaurant/Textures/SamhuiRestaurant_Trim_Wall_Normal.png using Guid(5f2ed70ae3e8ea343b04ae926dbe7b56) Importer(2089858483,0ecaa5967403d082aa24f35e1b516d23)  -> (artifact id: '33d81b39770b8b5c0a331d8bde8e0c58') in 0.021877 seconds
Number of updated asset objects reloaded before import = 0
Number of asset objects unloaded after import = 1
========================================================================
Received Import Request.
  Time since last request: 0.000018 seconds.
  path: Assets/Prefabs/Gwangju_3D asset/28_SamhuiRestaurant/Textures/SamhuiRestaurant_Trim_Wall_BaseMap.png
  artifactKey: Guid(e4590ec256bcff7409ab1203e16e9b12) Importer(2089858483,0ecaa5967403d082aa24f35e1b516d23)
Start importing Assets/Prefabs/Gwangju_3D asset/28_SamhuiRestaurant/Textures/SamhuiRestaurant_Trim_Wall_BaseMap.png using Guid(e4590ec256bcff7409ab1203e16e9b12) Importer(2089858483,0ecaa5967403d082aa24f35e1b516d23)  -> (artifact id: '5d1922cb59de79c3531b0128e091acac') in 0.020026 seconds
Number of updated asset objects reloaded before import = 0
Number of asset objects unloaded after import = 1
========================================================================
Received Import Request.
  Time since last request: 0.000017 seconds.
  path: Assets/Prefabs/Gwangju_3D asset/Scenes/28_SamhuiRestaurant/LightingData.asset
  artifactKey: Guid(d2909d025c2833140be45024d2ae2730) Importer(2089858483,0ecaa5967403d082aa24f35e1b516d23)
Start importing Assets/Prefabs/Gwangju_3D asset/Scenes/28_SamhuiRestaurant/LightingData.asset using Guid(d2909d025c2833140be45024d2ae2730) Importer(2089858483,0ecaa5967403d082aa24f35e1b516d23)  -> (artifact id: '2309c37c30bf3d96d143c449b5b5f62b') in 0.232171 seconds
Number of updated asset objects reloaded before import = 0
Number of asset objects unloaded after import = 2
========================================================================
Received Import Request.
  Time since last request: 0.000042 seconds.
  path: Assets/Prefabs/Gwangju_3D asset/28_SamhuiRestaurant/Textures/SamhuiRestaurant_Trim_Etc_Emissive.png
  artifactKey: Guid(00bb022c7db6b83419d92a6bd123dd69) Importer(2089858483,0ecaa5967403d082aa24f35e1b516d23)
Start importing Assets/Prefabs/Gwangju_3D asset/28_SamhuiRestaurant/Textures/SamhuiRestaurant_Trim_Etc_Emissive.png using Guid(00bb022c7db6b83419d92a6bd123dd69) Importer(2089858483,0ecaa5967403d082aa24f35e1b516d23)  -> (artifact id: '5906aa65189b65fd5a00d6af24856f5c') in 0.022446 seconds
Number of updated asset objects reloaded before import = 0
Number of asset objects unloaded after import = 1
========================================================================
Received Import Request.
  Time since last request: 0.000055 seconds.
  path: Assets/Prefabs/Gwangju_3D asset/28_SamhuiRestaurant/Meshes/SamhuiRestaurant.fbx
  artifactKey: Guid(96df125e6d1705d48b4fe3b1dbdbf5e7) Importer(2089858483,0ecaa5967403d082aa24f35e1b516d23)
Start importing Assets/Prefabs/Gwangju_3D asset/28_SamhuiRestaurant/Meshes/SamhuiRestaurant.fbx using Guid(96df125e6d1705d48b4fe3b1dbdbf5e7) Importer(2089858483,0ecaa5967403d082aa24f35e1b516d23)  -> (artifact id: '57b066162fd033c31a1c1818aca83afb') in 0.032351 seconds
Number of updated asset objects reloaded before import = 0
Number of asset objects unloaded after import = 74
========================================================================
Received Import Request.
  Time since last request: 0.000019 seconds.
  path: Assets/Plugins/Demigiant/DOTween/Modules/DOTweenModuleUnityVersion.cs
  artifactKey: Guid(63c02322328255542995bd02b47b0457) Importer(2089858483,0ecaa5967403d082aa24f35e1b516d23)
Start importing Assets/Plugins/Demigiant/DOTween/Modules/DOTweenModuleUnityVersion.cs using Guid(63c02322328255542995bd02b47b0457) Importer(2089858483,0ecaa5967403d082aa24f35e1b516d23)  -> (artifact id: '5f931bf13696ae0eb364e4ec76f8e603') in 0.045792 seconds
Number of updated asset objects reloaded before import = 0
Number of asset objects unloaded after import = 1
========================================================================
Received Import Request.
  Time since last request: 0.000029 seconds.
  path: Assets/_Scripts/Systems/Audio/Music/MusicManager.cs
  artifactKey: Guid(48a80ecc506b456aabc8a9fe88ddecd8) Importer(2089858483,0ecaa5967403d082aa24f35e1b516d23)
Start importing Assets/_Scripts/Systems/Audio/Music/MusicManager.cs using Guid(48a80ecc506b456aabc8a9fe88ddecd8) Importer(2089858483,0ecaa5967403d082aa24f35e1b516d23)  -> (artifact id: '62020c228451b773fb27ec3b74dff6a1') in 0.013029 seconds
Number of updated asset objects reloaded before import = 0
Number of asset objects unloaded after import = 1
========================================================================
Received Import Request.
  Time since last request: 0.000030 seconds.
  path: Assets/Prefabs/Monsters/Frog/Materials/phrog_DefaultMaterial_AlbedoTransparency.1001.mat
  artifactKey: Guid(f7f40f840f1ee0541a437cc91b66aedc) Importer(2089858483,0ecaa5967403d082aa24f35e1b516d23)
Start importing Assets/Prefabs/Monsters/Frog/Materials/phrog_DefaultMaterial_AlbedoTransparency.1001.mat using Guid(f7f40f840f1ee0541a437cc91b66aedc) Importer(2089858483,0ecaa5967403d082aa24f35e1b516d23)  -> (artifact id: 'cb166cbc62526ae90c0fb59c3e3080c3') in 0.027395 seconds
Number of updated asset objects reloaded before import = 0
Number of asset objects unloaded after import = 5
========================================================================
Received Import Request.
  Time since last request: 0.000020 seconds.
  path: Assets/Prefabs/MonstersTextures/CoralGolem/Coral_Golem/Coral_Golem_Material.001_Emission.png
  artifactKey: Guid(50a349ad7db89e14e95f50dd28cee540) Importer(2089858483,0ecaa5967403d082aa24f35e1b516d23)
Start importing Assets/Prefabs/MonstersTextures/CoralGolem/Coral_Golem/Coral_Golem_Material.001_Emission.png using Guid(50a349ad7db89e14e95f50dd28cee540) Importer(2089858483,0ecaa5967403d082aa24f35e1b516d23)  -> (artifact id: 'a777b85101c1e431e9359209936f833a') in 0.053467 seconds
Number of updated asset objects reloaded before import = 0
Number of asset objects unloaded after import = 1
========================================================================
Received Import Request.
  Time since last request: 0.000020 seconds.
  path: Assets/Plugins/Demigiant/DOTween/Editor/DOTweenEditor.XML
  artifactKey: Guid(2e2c6224d345d9249acfa6e8ef40bb2d) Importer(2089858483,0ecaa5967403d082aa24f35e1b516d23)
Start importing Assets/Plugins/Demigiant/DOTween/Editor/DOTweenEditor.XML using Guid(2e2c6224d345d9249acfa6e8ef40bb2d) Importer(2089858483,0ecaa5967403d082aa24f35e1b516d23)  -> (artifact id: '7487a303a35dbd09b7ae6c4cfc9f87d8') in 0.056410 seconds
Number of updated asset objects reloaded before import = 0
Number of asset objects unloaded after import = 1
========================================================================
Received Import Request.
  Time since last request: 0.000025 seconds.
  path: Assets/Prefabs/Gwangju_3D asset/Common_Assets/Bg_Preset/sky_Mat.mat
  artifactKey: Guid(62b472eac190e5c45a3d032c4d099b9e) Importer(2089858483,0ecaa5967403d082aa24f35e1b516d23)
Start importing Assets/Prefabs/Gwangju_3D asset/Common_Assets/Bg_Preset/sky_Mat.mat using Guid(62b472eac190e5c45a3d032c4d099b9e) Importer(2089858483,0ecaa5967403d082aa24f35e1b516d23)  -> (artifact id: 'a68ce7a567350561475bafc38c6239b9') in 0.064813 seconds
Number of updated asset objects reloaded before import = 0
Number of asset objects unloaded after import = 2
========================================================================
Received Import Request.
  Time since last request: 0.000020 seconds.
  path: Assets/Media/Audio/Dialogue/Fish (edited)/group fish/group fish 10.wav
  artifactKey: Guid(159a590fa3f2e70408618acc79655176) Importer(2089858483,0ecaa5967403d082aa24f35e1b516d23)
Start importing Assets/Media/Audio/Dialogue/Fish (edited)/group fish/group fish 10.wav using Guid(159a590fa3f2e70408618acc79655176) Importer(2089858483,0ecaa5967403d082aa24f35e1b516d23)  -> (artifact id: '5f1ba9e52bc410d33925b9f8b2741974') in 0.075883 seconds
Number of updated asset objects reloaded before import = 0
Number of asset objects unloaded after import = 1
========================================================================
Received Import Request.
  Time since last request: 0.000018 seconds.
  path: Assets/_Scripts/Systems/Audio/Sound/SoundData.cs
  artifactKey: Guid(7f82bef45c934bcea274627533144cd0) Importer(2089858483,0ecaa5967403d082aa24f35e1b516d23)
Start importing Assets/_Scripts/Systems/Audio/Sound/SoundData.cs using Guid(7f82bef45c934bcea274627533144cd0) Importer(2089858483,0ecaa5967403d082aa24f35e1b516d23)  -> (artifact id: '38eda3d6cd597772a8a4195dc0ae977d') in 0.012263 seconds
Number of updated asset objects reloaded before import = 0
Number of asset objects unloaded after import = 1
========================================================================
Received Import Request.
  Time since last request: 0.000019 seconds.
  path: Assets/Media/Audio/SFX/Game SFX/jumpscare.mp3
  artifactKey: Guid(4cfdd0646a681cc4ea24868c9bc0bd98) Importer(2089858483,0ecaa5967403d082aa24f35e1b516d23)
Start importing Assets/Media/Audio/SFX/Game SFX/jumpscare.mp3 using Guid(4cfdd0646a681cc4ea24868c9bc0bd98) Importer(2089858483,0ecaa5967403d082aa24f35e1b516d23)  -> (artifact id: '3e345b99434df653e7353424f076389b') in 0.035945 seconds
Number of updated asset objects reloaded before import = 0
Number of asset objects unloaded after import = 1
========================================================================
Received Import Request.
  Time since last request: 0.000041 seconds.
  path: Assets/Media/Audio/Dialogue/Pier A Plume  (edited)/huh what ofc i remember immm.wav
  artifactKey: Guid(8779e9987b9dc2a41862ef28c3c73c23) Importer(2089858483,0ecaa5967403d082aa24f35e1b516d23)
Start importing Assets/Media/Audio/Dialogue/Pier A Plume  (edited)/huh what ofc i remember immm.wav using Guid(8779e9987b9dc2a41862ef28c3c73c23) Importer(2089858483,0ecaa5967403d082aa24f35e1b516d23)  -> (artifact id: '73c6ef7079c3eaa7c218277609b69c7f') in 0.038682 seconds
Number of updated asset objects reloaded before import = 0
Number of asset objects unloaded after import = 1
========================================================================
Received Import Request.
  Time since last request: 0.000018 seconds.
  path: Assets/Plugins/Demigiant/DOTween/Editor/Imgs/Header.jpg
  artifactKey: Guid(78a59ca99f8987941adb61f9e14a06a7) Importer(2089858483,0ecaa5967403d082aa24f35e1b516d23)
Start importing Assets/Plugins/Demigiant/DOTween/Editor/Imgs/Header.jpg using Guid(78a59ca99f8987941adb61f9e14a06a7) Importer(2089858483,0ecaa5967403d082aa24f35e1b516d23)  -> (artifact id: 'da254167ed26249c5395eb5dc4745d07') in 0.073892 seconds
Number of updated asset objects reloaded before import = 0
Number of asset objects unloaded after import = 1
========================================================================
Received Import Request.
  Time since last request: 0.000026 seconds.
  path: Assets/Media/Audio/Dialogue/Fish (edited)/group fish/group fish 2.wav
  artifactKey: Guid(b317e75f0a332394ea5749aaeb35f62a) Importer(2089858483,0ecaa5967403d082aa24f35e1b516d23)
Start importing Assets/Media/Audio/Dialogue/Fish (edited)/group fish/group fish 2.wav using Guid(b317e75f0a332394ea5749aaeb35f62a) Importer(2089858483,0ecaa5967403d082aa24f35e1b516d23)  -> (artifact id: '4cbed231b377ff61abdb8744272af3bc') in 0.035174 seconds
Number of updated asset objects reloaded before import = 0
Number of asset objects unloaded after import = 1
========================================================================
Received Import Request.
  Time since last request: 0.000022 seconds.
  path: Assets/Media/Audio/Dialogue/Fish (edited)/group fish/group fish 4.wav
  artifactKey: Guid(2a872cc8afebc9e4eb986a9483e8a407) Importer(2089858483,0ecaa5967403d082aa24f35e1b516d23)
Start importing Assets/Media/Audio/Dialogue/Fish (edited)/group fish/group fish 4.wav using Guid(2a872cc8afebc9e4eb986a9483e8a407) Importer(2089858483,0ecaa5967403d082aa24f35e1b516d23)  -> (artifact id: '7908808f8b70438635f4b143c9f76cd0') in 0.036356 seconds
Number of updated asset objects reloaded before import = 0
Number of asset objects unloaded after import = 1
========================================================================
Received Import Request.
  Time since last request: 0.000025 seconds.
  path: Assets/Plugins/Demigiant/DOTween/Editor/Imgs/DOTweenMiniIcon.png
  artifactKey: Guid(61521df2e071645488ba3d05e49289ae) Importer(2089858483,0ecaa5967403d082aa24f35e1b516d23)
Start importing Assets/Plugins/Demigiant/DOTween/Editor/Imgs/DOTweenMiniIcon.png using Guid(61521df2e071645488ba3d05e49289ae) Importer(2089858483,0ecaa5967403d082aa24f35e1b516d23)  -> (artifact id: '8cc86eaec47bf99f48dd749cee130ced') in 0.197441 seconds
Number of updated asset objects reloaded before import = 0
Number of asset objects unloaded after import = 1
========================================================================
Received Import Request.
  Time since last request: 0.000019 seconds.
  path: Assets/Plugins/Demigiant/DOTween/Editor/Imgs/Footer.png
  artifactKey: Guid(7051dba417b3d53409f2918f1ea4938d) Importer(2089858483,0ecaa5967403d082aa24f35e1b516d23)
Start importing Assets/Plugins/Demigiant/DOTween/Editor/Imgs/Footer.png using Guid(7051dba417b3d53409f2918f1ea4938d) Importer(2089858483,0ecaa5967403d082aa24f35e1b516d23)  -> (artifact id: '68914750abba54843d6b614ac3fb9d79') in 0.126866 seconds
Number of updated asset objects reloaded before import = 0
Number of asset objects unloaded after import = 1
========================================================================
Received Import Request.
  Time since last request: 0.000025 seconds.
  path: Assets/Media/Audio/Dialogue/Fish (edited)/group fish/group fish 12.wav
  artifactKey: Guid(8590827cd93db6741b1efbaa4b053336) Importer(2089858483,0ecaa5967403d082aa24f35e1b516d23)
Start importing Assets/Media/Audio/Dialogue/Fish (edited)/group fish/group fish 12.wav using Guid(8590827cd93db6741b1efbaa4b053336) Importer(2089858483,0ecaa5967403d082aa24f35e1b516d23)  -> (artifact id: '0a146423f467f849d23aa9248773ace3') in 0.039051 seconds
Number of updated asset objects reloaded before import = 0
Number of asset objects unloaded after import = 1
========================================================================
Received Import Request.
  Time since last request: 0.000041 seconds.
  path: Assets/Media/Audio/Dialogue/Fish (edited)/group fish/group fish 7.wav
  artifactKey: Guid(3e5149e15431f354b97776cd0c3dcc16) Importer(2089858483,0ecaa5967403d082aa24f35e1b516d23)
Start importing Assets/Media/Audio/Dialogue/Fish (edited)/group fish/group fish 7.wav using Guid(3e5149e15431f354b97776cd0c3dcc16) Importer(2089858483,0ecaa5967403d082aa24f35e1b516d23)  -> (artifact id: '8b107eba64aae9d59145b0d7fc914912') in 0.036373 seconds
Number of updated asset objects reloaded before import = 0
Number of asset objects unloaded after import = 1
========================================================================
Received Import Request.
  Time since last request: 0.000019 seconds.
  path: Assets/Media/Audio/SFX/Game SFX/carousel.wav
  artifactKey: Guid(56116ab71f4efb246a49745f2f9003a9) Importer(2089858483,0ecaa5967403d082aa24f35e1b516d23)
Start importing Assets/Media/Audio/SFX/Game SFX/carousel.wav using Guid(56116ab71f4efb246a49745f2f9003a9) Importer(2089858483,0ecaa5967403d082aa24f35e1b516d23)  -> (artifact id: 'f3532f913ca07bd5758766c1f301b302') in 0.038683 seconds
Number of updated asset objects reloaded before import = 0
Number of asset objects unloaded after import = 1
========================================================================
Received Import Request.
  Time since last request: 0.000029 seconds.
  path: Assets/_Scripts/Systems/MonsterSpawner/MonsterSpawnManager.cs
  artifactKey: Guid(2820e152b891690468d464939a0663fd) Importer(2089858483,0ecaa5967403d082aa24f35e1b516d23)
Start importing Assets/_Scripts/Systems/MonsterSpawner/MonsterSpawnManager.cs using Guid(2820e152b891690468d464939a0663fd) Importer(2089858483,0ecaa5967403d082aa24f35e1b516d23)  -> (artifact id: '23e516d8a4495a5f9e06f30e514905bc') in 0.011778 seconds
Number of updated asset objects reloaded before import = 0
Number of asset objects unloaded after import = 1
========================================================================
Received Import Request.
  Time since last request: 0.000029 seconds.
  path: Assets/Materials/Materials/ticket booth signage.mat
  artifactKey: Guid(b2dfa82adac40f84c963fd68c89e3e62) Importer(2089858483,0ecaa5967403d082aa24f35e1b516d23)
Start importing Assets/Materials/Materials/ticket booth signage.mat using Guid(b2dfa82adac40f84c963fd68c89e3e62) Importer(2089858483,0ecaa5967403d082aa24f35e1b516d23)  -> (artifact id: 'b2f3f2eca025ef4aad9c85913b334fe6') in 0.019640 seconds
Number of updated asset objects reloaded before import = 0
Number of asset objects unloaded after import = 2
========================================================================
Received Import Request.
  Time since last request: 0.000019 seconds.
  path: Assets/TutorialInfo/Icons/Water Shader icon.PNG
  artifactKey: Guid(766a7edc5f25e3b4daafb5554da17927) Importer(2089858483,0ecaa5967403d082aa24f35e1b516d23)
Start importing Assets/TutorialInfo/Icons/Water Shader icon.PNG using Guid(766a7edc5f25e3b4daafb5554da17927) Importer(2089858483,0ecaa5967403d082aa24f35e1b516d23)  -> (artifact id: '7f32af5a4454592b8a2ef777d93b4d1f') in 0.073341 seconds
Number of updated asset objects reloaded before import = 0
Number of asset objects unloaded after import = 1
========================================================================
Received Import Request.
  Time since last request: 0.000023 seconds.
  path: Assets/Prefabs/Camera_Waking/Fade_Animation.anim
  artifactKey: Guid(ca3c028af49ae0c4794455929144eb20) Importer(2089858483,0ecaa5967403d082aa24f35e1b516d23)
Start importing Assets/Prefabs/Camera_Waking/Fade_Animation.anim using Guid(ca3c028af49ae0c4794455929144eb20) Importer(2089858483,0ecaa5967403d082aa24f35e1b516d23)  -> (artifact id: 'f53bc9a1c8f435968da459c8d499e019') in 0.012981 seconds
Number of updated asset objects reloaded before import = 0
Number of asset objects unloaded after import = 1
========================================================================
Received Import Request.
  Time since last request: 0.000020 seconds.
  path: Assets/Assets/Storage_Locker_2/Storage_Lockers_2_Material.036_AmbientOcclusion.png
  artifactKey: Guid(2d826d9b6f8a1ea44a0bbe3fe025423f) Importer(2089858483,0ecaa5967403d082aa24f35e1b516d23)
Start importing Assets/Assets/Storage_Locker_2/Storage_Lockers_2_Material.036_AmbientOcclusion.png using Guid(2d826d9b6f8a1ea44a0bbe3fe025423f) Importer(2089858483,0ecaa5967403d082aa24f35e1b516d23)  -> (artifact id: '5cb8c9cbd310845ac8cd49dc62a5866a') in 0.021209 seconds
Number of updated asset objects reloaded before import = 0
Number of asset objects unloaded after import = 1
========================================================================
Received Import Request.
  Time since last request: 0.000029 seconds.
  path: Assets/Assets/Trash_Bin/Trash_Bin_Material.019_MetallicSmoothness.png
  artifactKey: Guid(3d61a6e15b0944648b957d32c7d87bf6) Importer(2089858483,0ecaa5967403d082aa24f35e1b516d23)
Start importing Assets/Assets/Trash_Bin/Trash_Bin_Material.019_MetallicSmoothness.png using Guid(3d61a6e15b0944648b957d32c7d87bf6) Importer(2089858483,0ecaa5967403d082aa24f35e1b516d23)  -> (artifact id: '1250013c8e372ccb9d2143ed5574c6d9') in 0.057899 seconds
Number of updated asset objects reloaded before import = 0
Number of asset objects unloaded after import = 1
========================================================================
Received Import Request.
  Time since last request: 0.000022 seconds.
  path: Assets/Prefabs/Ferry/ferry.fbx
  artifactKey: Guid(83186df59d5526b40bf683fcd4cd1e36) Importer(2089858483,0ecaa5967403d082aa24f35e1b516d23)
Start importing Assets/Prefabs/Ferry/ferry.fbx using Guid(83186df59d5526b40bf683fcd4cd1e36) Importer(2089858483,0ecaa5967403d082aa24f35e1b516d23)  -> (artifact id: '4cf2510c8eb7a87f6e2a7dd140eb5b83') in 0.077658 seconds
Number of updated asset objects reloaded before import = 0
Number of asset objects unloaded after import = 16
========================================================================
Received Import Request.
  Time since last request: 0.000029 seconds.
  path: Assets/Assets/Trash_Bin/Trash_Bin_Material.019_Emission.png
  artifactKey: Guid(5fa4dbbfe75fb4f4ea2d012d8ca0a76d) Importer(2089858483,0ecaa5967403d082aa24f35e1b516d23)
Start importing Assets/Assets/Trash_Bin/Trash_Bin_Material.019_Emission.png using Guid(5fa4dbbfe75fb4f4ea2d012d8ca0a76d) Importer(2089858483,0ecaa5967403d082aa24f35e1b516d23)  -> (artifact id: 'ca5d45bb4e0cac94c291cec1f4344f8a') in 0.041047 seconds
Number of updated asset objects reloaded before import = 0
Number of asset objects unloaded after import = 1
========================================================================
Received Import Request.
  Time since last request: 0.000024 seconds.
  path: Assets/Prefabs/Ferry_Fishguts/ferry Variant.prefab
  artifactKey: Guid(b3938cae8ce3afc4384defcd0f256a72) Importer(2089858483,0ecaa5967403d082aa24f35e1b516d23)
Start importing Assets/Prefabs/Ferry_Fishguts/ferry Variant.prefab using Guid(b3938cae8ce3afc4384defcd0f256a72) Importer(2089858483,0ecaa5967403d082aa24f35e1b516d23)  -> (artifact id: 'e7db3bc5a1b6df6d3d7efb9d9015f600') in 0.222742 seconds
Number of updated asset objects reloaded before import = 0
Number of asset objects unloaded after import = 80
========================================================================
Received Import Request.
  Time since last request: 0.000023 seconds.
  path: Assets/Prefabs/Level_1_Assets_Prefab/Storage_Lockers_1.prefab
  artifactKey: Guid(c695dfe0cf3a9f84990c8755f56609ae) Importer(2089858483,0ecaa5967403d082aa24f35e1b516d23)
Start importing Assets/Prefabs/Level_1_Assets_Prefab/Storage_Lockers_1.prefab using Guid(c695dfe0cf3a9f84990c8755f56609ae) Importer(2089858483,0ecaa5967403d082aa24f35e1b516d23)  -> (artifact id: 'e5cf78bfa629bf27ab2382dba4ef029d') in 0.016166 seconds
Number of updated asset objects reloaded before import = 0
Number of asset objects unloaded after import = 40
========================================================================
Received Import Request.
  Time since last request: 0.000027 seconds.
  path: Assets/AQUARIUM LAB TEXTURED/New Material.mat
  artifactKey: Guid(77e7f747b265176488a4129e0c2660aa) Importer(2089858483,0ecaa5967403d082aa24f35e1b516d23)
Start importing Assets/AQUARIUM LAB TEXTURED/New Material.mat using Guid(77e7f747b265176488a4129e0c2660aa) Importer(2089858483,0ecaa5967403d082aa24f35e1b516d23)  -> (artifact id: 'f48c83a18bc07913b1b40c00769e162c') in 0.067613 seconds
Number of updated asset objects reloaded before import = 0
Number of asset objects unloaded after import = 3
========================================================================
Received Import Request.
  Time since last request: 0.000017 seconds.
  path: Assets/Assets/Storage_Locker_1/Storage_Lockers_1_Material.034_AlbedoTransparency.png
  artifactKey: Guid(5ee13ce9b909a8e41bfbf73fc7746907) Importer(2089858483,0ecaa5967403d082aa24f35e1b516d23)
Start importing Assets/Assets/Storage_Locker_1/Storage_Lockers_1_Material.034_AlbedoTransparency.png using Guid(5ee13ce9b909a8e41bfbf73fc7746907) Importer(2089858483,0ecaa5967403d082aa24f35e1b516d23)  -> (artifact id: '394c00debf3c551e9aceffbe445b816e') in 0.021394 seconds
Number of updated asset objects reloaded before import = 0
Number of asset objects unloaded after import = 1
========================================================================
Received Import Request.
  Time since last request: 0.000019 seconds.
  path: Assets/Materials/ticket booth signage.png
  artifactKey: Guid(010ce495c5cc1e746ac9d8bec9169b87) Importer(2089858483,0ecaa5967403d082aa24f35e1b516d23)
Start importing Assets/Materials/ticket booth signage.png using Guid(010ce495c5cc1e746ac9d8bec9169b87) Importer(2089858483,0ecaa5967403d082aa24f35e1b516d23)  -> (artifact id: 'b7b83885bbc0e80cbc86642286a81b53') in 0.018529 seconds
Number of updated asset objects reloaded before import = 0
Number of asset objects unloaded after import = 1
========================================================================
Received Import Request.
  Time since last request: 0.000017 seconds.
  path: Assets/Materials/ocean depth.jpg
  artifactKey: Guid(c332a211a28a2fb4086dac2ab51e5e10) Importer(2089858483,0ecaa5967403d082aa24f35e1b516d23)
Start importing Assets/Materials/ocean depth.jpg using Guid(c332a211a28a2fb4086dac2ab51e5e10) Importer(2089858483,0ecaa5967403d082aa24f35e1b516d23)  -> (artifact id: 'c5df74e8657cc7b9269321509224d640') in 0.023806 seconds
Number of updated asset objects reloaded before import = 0
Number of asset objects unloaded after import = 1
========================================================================
Received Import Request.
  Time since last request: 0.000023 seconds.
  path: Assets/Scenes/Level1.unity
  artifactKey: Guid(ac01d735187906c4caa75e3f7eea34de) Importer(2089858483,0ecaa5967403d082aa24f35e1b516d23)
Start importing Assets/Scenes/Level1.unity using Guid(ac01d735187906c4caa75e3f7eea34de) Importer(2089858483,0ecaa5967403d082aa24f35e1b516d23)  -> (artifact id: 'f638cc469617ad517f8242db41725b6c') in 0.012871 seconds
Number of updated asset objects reloaded before import = 0
Number of asset objects unloaded after import = 1
========================================================================
Received Import Request.
  Time since last request: 0.000039 seconds.
  path: Assets/Prefabs/Bush/Bush_Unwrapped_Bush_Leaves_Normal.1001.png
  artifactKey: Guid(30d5ea24e1d34ca4396bd675408ade5a) Importer(2089858483,0ecaa5967403d082aa24f35e1b516d23)
Start importing Assets/Prefabs/Bush/Bush_Unwrapped_Bush_Leaves_Normal.1001.png using Guid(30d5ea24e1d34ca4396bd675408ade5a) Importer(2089858483,0ecaa5967403d082aa24f35e1b516d23)  -> (artifact id: '11ac37366734fd9211bb1ead0a081e6c') in 0.027877 seconds
Number of updated asset objects reloaded before import = 0
Number of asset objects unloaded after import = 1
========================================================================
Received Import Request.
  Time since last request: 0.000035 seconds.
  path: Assets/Level_1_Assets_Prefab/Storage_Door/Storage_Lockers_Separeted_Doors_Material.033_MetallicSmoothness.png
  artifactKey: Guid(f18f76159101b6c439188fdf96d3fd5f) Importer(2089858483,0ecaa5967403d082aa24f35e1b516d23)
Start importing Assets/Level_1_Assets_Prefab/Storage_Door/Storage_Lockers_Separeted_Doors_Material.033_MetallicSmoothness.png using Guid(f18f76159101b6c439188fdf96d3fd5f) Importer(2089858483,0ecaa5967403d082aa24f35e1b516d23)  -> (artifact id: '8ff8b77711f80c27bde276eaca244058') in 0.023764 seconds
Number of updated asset objects reloaded before import = 0
Number of asset objects unloaded after import = 1
========================================================================
Received Import Request.
  Time since last request: 0.000026 seconds.
  path: Assets/Prefabs/PlayerUI.prefab
  artifactKey: Guid(e8b4da9dd9f2acc45bc08bba3965e4bb) Importer(2089858483,0ecaa5967403d082aa24f35e1b516d23)
Start importing Assets/Prefabs/PlayerUI.prefab using Guid(e8b4da9dd9f2acc45bc08bba3965e4bb) Importer(2089858483,0ecaa5967403d082aa24f35e1b516d23)  -> (artifact id: '7340e29fa1c348550f05f8753dfbac5f') in 0.055673 seconds
Number of updated asset objects reloaded before import = 0
Number of asset objects unloaded after import = 73
========================================================================
Received Import Request.
  Time since last request: 0.000021 seconds.
  path: Assets/Assets/Wall_Security_Camera 1/Security_Wall_Camera_Material.030_AmbientOcclusion.png
  artifactKey: Guid(df707735ef713a746a35bf65cf041643) Importer(2089858483,0ecaa5967403d082aa24f35e1b516d23)
Start importing Assets/Assets/Wall_Security_Camera 1/Security_Wall_Camera_Material.030_AmbientOcclusion.png using Guid(df707735ef713a746a35bf65cf041643) Importer(2089858483,0ecaa5967403d082aa24f35e1b516d23)  -> (artifact id: '6af930f866d6d7ad6ff83f66d6970f0e') in 0.019010 seconds
Number of updated asset objects reloaded before import = 0
Number of asset objects unloaded after import = 1
========================================================================
Received Import Request.
  Time since last request: 0.000025 seconds.
  path: Assets/Assets/Trash_Bin/Trash_Bin_Material.018_Emission.png
  artifactKey: Guid(482085dd9921021499d6f031fee23b11) Importer(2089858483,0ecaa5967403d082aa24f35e1b516d23)
Start importing Assets/Assets/Trash_Bin/Trash_Bin_Material.018_Emission.png using Guid(482085dd9921021499d6f031fee23b11) Importer(2089858483,0ecaa5967403d082aa24f35e1b516d23)  -> (artifact id: 'd488062b869c77c1787c0e5e94f0bebe') in 0.058622 seconds
Number of updated asset objects reloaded before import = 0
Number of asset objects unloaded after import = 1
========================================================================
Received Import Request.
  Time since last request: 0.000019 seconds.
  path: Assets/Materials/RobotMats/RobotMaterial.mat
  artifactKey: Guid(46469e839d3c5504fa55ae551f8e1bf6) Importer(2089858483,0ecaa5967403d082aa24f35e1b516d23)
Start importing Assets/Materials/RobotMats/RobotMaterial.mat using Guid(46469e839d3c5504fa55ae551f8e1bf6) Importer(2089858483,0ecaa5967403d082aa24f35e1b516d23)  -> (artifact id: '2ca7d1292e7e9a1f9af4c99877831799') in 0.016264 seconds
Number of updated asset objects reloaded before import = 0
Number of asset objects unloaded after import = 2
========================================================================
Received Import Request.
  Time since last request: 0.000023 seconds.
  path: Assets/UniversalRenderPipelineGlobalSettings.asset
  artifactKey: Guid(18dc0cd2c080841dea60987a38ce93fa) Importer(2089858483,0ecaa5967403d082aa24f35e1b516d23)
Start importing Assets/UniversalRenderPipelineGlobalSettings.asset using Guid(18dc0cd2c080841dea60987a38ce93fa) Importer(2089858483,0ecaa5967403d082aa24f35e1b516d23)  -> (artifact id: 'e595c67cc5d17aa22d09ac8277d2e701') in 0.015409 seconds
Number of updated asset objects reloaded before import = 0
Number of asset objects unloaded after import = 1
========================================================================
Received Import Request.
  Time since last request: 0.000025 seconds.
  path: Assets/Prefabs/Container_Fishguts/Container_Containing_Fish_Guts_Material.006_Height.1001.png
  artifactKey: Guid(30279ba395d54024c96786dac00ebb06) Importer(2089858483,0ecaa5967403d082aa24f35e1b516d23)
Start importing Assets/Prefabs/Container_Fishguts/Container_Containing_Fish_Guts_Material.006_Height.1001.png using Guid(30279ba395d54024c96786dac00ebb06) Importer(2089858483,0ecaa5967403d082aa24f35e1b516d23)  -> (artifact id: '0557e583e89390c5dc928667f4641521') in 0.020097 seconds
Number of updated asset objects reloaded before import = 0
Number of asset objects unloaded after import = 1
========================================================================
Received Import Request.
  Time since last request: 0.000027 seconds.
  path: Assets/Assets/Kitchen_Sink/Kitchen_Sink_Material.022_MetallicSmoothness.png
  artifactKey: Guid(c181777c201ab9948b0608f341fa2e65) Importer(2089858483,0ecaa5967403d082aa24f35e1b516d23)
Start importing Assets/Assets/Kitchen_Sink/Kitchen_Sink_Material.022_MetallicSmoothness.png using Guid(c181777c201ab9948b0608f341fa2e65) Importer(2089858483,0ecaa5967403d082aa24f35e1b516d23)  -> (artifact id: 'c52c0f98209c3e5145ebc46f646c977c') in 0.030440 seconds
Number of updated asset objects reloaded before import = 0
Number of asset objects unloaded after import = 1
========================================================================
Received Import Request.
  Time since last request: 0.000023 seconds.
  path: Assets/Materials/skybox_test_2.png
  artifactKey: Guid(8c079ef55a79aca4aadd3f35fc712ef3) Importer(2089858483,0ecaa5967403d082aa24f35e1b516d23)
Start importing Assets/Materials/skybox_test_2.png using Guid(8c079ef55a79aca4aadd3f35fc712ef3) Importer(2089858483,0ecaa5967403d082aa24f35e1b516d23)  -> (artifact id: '79e0bff210da0af2f9a5f2fb86dfc004') in 0.020327 seconds
Number of updated asset objects reloaded before import = 0
Number of asset objects unloaded after import = 1
========================================================================
Received Import Request.
  Time since last request: 0.000041 seconds.
  path: Assets/Assets/Storage_Locker_2/Storage_Lockers_2_Material.035_AlbedoTransparency.png
  artifactKey: Guid(c34672d1cbb87ba49b2e2e45d90d3f8c) Importer(2089858483,0ecaa5967403d082aa24f35e1b516d23)
Start importing Assets/Assets/Storage_Locker_2/Storage_Lockers_2_Material.035_AlbedoTransparency.png using Guid(c34672d1cbb87ba49b2e2e45d90d3f8c) Importer(2089858483,0ecaa5967403d082aa24f35e1b516d23)  -> (artifact id: '5ca231aa8b7ea697d49891fc7002c98f') in 0.115602 seconds
Number of updated asset objects reloaded before import = 0
Number of asset objects unloaded after import = 1
========================================================================
Received Import Request.
  Time since last request: 0.000019 seconds.
  path: Assets/Prefabs/Level_1_Assets_Prefab/Door.prefab
  artifactKey: Guid(22ed74b7d367c664ab86751b586306b0) Importer(2089858483,0ecaa5967403d082aa24f35e1b516d23)
Start importing Assets/Prefabs/Level_1_Assets_Prefab/Door.prefab using Guid(22ed74b7d367c664ab86751b586306b0) Importer(2089858483,0ecaa5967403d082aa24f35e1b516d23)  -> (artifact id: '7185abc37e0ed4ce68e8d2ac48d1d0f0') in 0.039050 seconds
Number of updated asset objects reloaded before import = 0
Number of asset objects unloaded after import = 50
========================================================================
Received Import Request.
  Time since last request: 38.380673 seconds.
  path: Assets/Media/UI/UI/HUD overlay.png
  artifactKey: Guid(228cec8c0c741e644ad957f48ee6244b) Importer(815301076,1909f56bfc062723c751e8b465ee728b)
Start importing Assets/Media/UI/UI/HUD overlay.png using Guid(228cec8c0c741e644ad957f48ee6244b) Importer(815301076,1909f56bfc062723c751e8b465ee728b)  -> (artifact id: 'e27c5516f52591473c3d3fb779c98b4c') in 0.029312 seconds
Number of updated asset objects reloaded before import = 0
Number of asset objects unloaded after import = 3
========================================================================
Received Import Request.
  Time since last request: 0.000024 seconds.
  path: Assets/Media/UI/UI/IMG_0722.png
  artifactKey: Guid(8cc22c6574707d54eac7b8064ee4f87d) Importer(815301076,1909f56bfc062723c751e8b465ee728b)
Start importing Assets/Media/UI/UI/IMG_0722.png using Guid(8cc22c6574707d54eac7b8064ee4f87d) Importer(815301076,1909f56bfc062723c751e8b465ee728b)  -> (artifact id: '6fd5bc258bca16085924429613767f66') in 0.018097 seconds
Number of updated asset objects reloaded before import = 0
Number of asset objects unloaded after import = 3
========================================================================
Received Import Request.
  Time since last request: 0.000019 seconds.
  path: Assets/Media/UI/UI/IMG_0720.png
  artifactKey: Guid(e1912d9c1491b6f499e2c280f678418d) Importer(815301076,1909f56bfc062723c751e8b465ee728b)
Start importing Assets/Media/UI/UI/IMG_0720.png using Guid(e1912d9c1491b6f499e2c280f678418d) Importer(815301076,1909f56bfc062723c751e8b465ee728b)  -> (artifact id: '7a4329ca7529876aa6934adcd365356b') in 0.034038 seconds
Number of updated asset objects reloaded before import = 0
Number of asset objects unloaded after import = 3
========================================================================
Received Import Request.
  Time since last request: 0.000021 seconds.
  path: Assets/Media/UI/UI/IMG_0786.png
  artifactKey: Guid(99eb7458bb92e4c40819ce7fdf555fe5) Importer(815301076,1909f56bfc062723c751e8b465ee728b)
Start importing Assets/Media/UI/UI/IMG_0786.png using Guid(99eb7458bb92e4c40819ce7fdf555fe5) Importer(815301076,1909f56bfc062723c751e8b465ee728b)  -> (artifact id: '56c257ca6089492dc977154d67ba5755') in 0.017698 seconds
Number of updated asset objects reloaded before import = 0
Number of asset objects unloaded after import = 3
========================================================================
Received Import Request.
  Time since last request: 0.000036 seconds.
  path: Assets/Media/UI/UI/IMG_0725.png
  artifactKey: Guid(10669895576189e4aa5c1b1c901a2ea1) Importer(815301076,1909f56bfc062723c751e8b465ee728b)
Start importing Assets/Media/UI/UI/IMG_0725.png using Guid(10669895576189e4aa5c1b1c901a2ea1) Importer(815301076,1909f56bfc062723c751e8b465ee728b)  -> (artifact id: '331f0320bea1ea08b7064807bf0e1f93') in 0.019146 seconds
Number of updated asset objects reloaded before import = 0
Number of asset objects unloaded after import = 3
========================================================================
Received Import Request.
  Time since last request: 0.000028 seconds.
  path: Assets/Media/UI/UI/IMG_0723.png
  artifactKey: Guid(cace6bb1921c23c42a7e748b042c7a66) Importer(815301076,1909f56bfc062723c751e8b465ee728b)
Start importing Assets/Media/UI/UI/IMG_0723.png using Guid(cace6bb1921c23c42a7e748b042c7a66) Importer(815301076,1909f56bfc062723c751e8b465ee728b)  -> (artifact id: '75cff83258759544b25ad736822395fe') in 0.017464 seconds
Number of updated asset objects reloaded before import = 0
Number of asset objects unloaded after import = 3
========================================================================
Received Import Request.
  Time since last request: 0.000021 seconds.
  path: Assets/Media/UI/UI/IMG_0754.png
  artifactKey: Guid(33ef102646696304ba52f06a4b91da0b) Importer(815301076,1909f56bfc062723c751e8b465ee728b)
Start importing Assets/Media/UI/UI/IMG_0754.png using Guid(33ef102646696304ba52f06a4b91da0b) Importer(815301076,1909f56bfc062723c751e8b465ee728b)  -> (artifact id: 'cbd9435d39f0e4d5914b0559bedd4c4f') in 0.017046 seconds
Number of updated asset objects reloaded before import = 0
Number of asset objects unloaded after import = 3
========================================================================
Received Import Request.
  Time since last request: 0.000019 seconds.
  path: Assets/Media/UI/UI/settings_ui_bg-3.png
  artifactKey: Guid(7e7812219e04d8e49bf8415e6fe3f4a6) Importer(815301076,1909f56bfc062723c751e8b465ee728b)
Start importing Assets/Media/UI/UI/settings_ui_bg-3.png using Guid(7e7812219e04d8e49bf8415e6fe3f4a6) Importer(815301076,1909f56bfc062723c751e8b465ee728b)  -> (artifact id: 'e705c60c4c885a41dd6da890d3d5dc7b') in 0.015090 seconds
Number of updated asset objects reloaded before import = 0
Number of asset objects unloaded after import = 3
========================================================================
Received Import Request.
  Time since last request: 15.146582 seconds.
  path: Assets/Materials/jumpscare.jpg
  artifactKey: Guid(759515718ed5ddc41af9854cf59e469d) Importer(815301076,1909f56bfc062723c751e8b465ee728b)
Start importing Assets/Materials/jumpscare.jpg using Guid(759515718ed5ddc41af9854cf59e469d) Importer(815301076,1909f56bfc062723c751e8b465ee728b)  -> (artifact id: 'a8a268619dd0cda1503f376752e48bad') in 0.015754 seconds
Number of updated asset objects reloaded before import = 0
Number of asset objects unloaded after import = 3
========================================================================
Received Import Request.
  Time since last request: 0.948360 seconds.
  path: Assets/Materials/jumpscare.jpg
  artifactKey: Guid(759515718ed5ddc41af9854cf59e469d) Importer(2089858483,0ecaa5967403d082aa24f35e1b516d23)
Start importing Assets/Materials/jumpscare.jpg using Guid(759515718ed5ddc41af9854cf59e469d) Importer(2089858483,0ecaa5967403d082aa24f35e1b516d23)  -> (artifact id: '0772c219fe547f151f4182b6e54673f9') in 0.021743 seconds
Number of updated asset objects reloaded before import = 0
Number of asset objects unloaded after import = 3
========================================================================
Received Import Request.
  Time since last request: 418.330333 seconds.
  path: Assets/Media/Cutscene/ThirdFishCutsceneTimeline.playable
  artifactKey: Guid(d45cf0175d25b78428a1c07b53370f17) Importer(2089858483,0ecaa5967403d082aa24f35e1b516d23)
Start importing Assets/Media/Cutscene/ThirdFishCutsceneTimeline.playable using Guid(d45cf0175d25b78428a1c07b53370f17) Importer(2089858483,0ecaa5967403d082aa24f35e1b516d23)  -> (artifact id: '67aa7a9b6e9d5e00284012a4cc6601f5') in 0.024470 seconds
Number of updated asset objects reloaded before import = 0
Number of asset objects unloaded after import = 50
========================================================================
Received Import Request.
  Time since last request: 16.543639 seconds.
  path: Assets/Media/UI
  artifactKey: Guid(97e281cffb4e32047912a7c82cb0390f) Importer(815301076,1909f56bfc062723c751e8b465ee728b)
Start importing Assets/Media/UI using Guid(97e281cffb4e32047912a7c82cb0390f) Importer(815301076,1909f56bfc062723c751e8b465ee728b)  -> (artifact id: '1242a470b135d7cef3156e5beadf3acb') in 0.000523 seconds
Number of updated asset objects reloaded before import = 0
Number of asset objects unloaded after import = 0
========================================================================
Received Import Request.
  Time since last request: 0.033031 seconds.
  path: Assets/Media/UI/IMG_2261.png
  artifactKey: Guid(88959cb615bcfc94b821a092e9dd99a1) Importer(815301076,1909f56bfc062723c751e8b465ee728b)
Start importing Assets/Media/UI/IMG_2261.png using Guid(88959cb615bcfc94b821a092e9dd99a1) Importer(815301076,1909f56bfc062723c751e8b465ee728b)  -> (artifact id: '9d68ff07ef8277c1ad3f7c4fb84b4c64') in 0.028839 seconds
Number of updated asset objects reloaded before import = 0
Number of asset objects unloaded after import = 3
========================================================================
Received Import Request.
  Time since last request: 0.000019 seconds.
  path: Assets/Media/UI/top-r.png
  artifactKey: Guid(d415f77fea9dbe74f9b038c4ab6086dc) Importer(815301076,1909f56bfc062723c751e8b465ee728b)
Start importing Assets/Media/UI/top-r.png using Guid(d415f77fea9dbe74f9b038c4ab6086dc) Importer(815301076,1909f56bfc062723c751e8b465ee728b)  -> (artifact id: '82a8e583bfaecdbf57d236565ba07772') in 0.020209 seconds
Number of updated asset objects reloaded before import = 0
Number of asset objects unloaded after import = 3
========================================================================
Received Import Request.
  Time since last request: 6.088557 seconds.
  path: Assets/Media/Sprites
  artifactKey: Guid(a6876d6cd63f73641891c7c59e346899) Importer(815301076,1909f56bfc062723c751e8b465ee728b)
Start importing Assets/Media/Sprites using Guid(a6876d6cd63f73641891c7c59e346899) Importer(815301076,1909f56bfc062723c751e8b465ee728b)  -> (artifact id: 'ac9b64a4b3eb9735eac82d5c7bf56f5d') in 0.000737 seconds
Number of updated asset objects reloaded before import = 0
Number of asset objects unloaded after import = 0
========================================================================
Received Import Request.
  Time since last request: 0.022481 seconds.
  path: Assets/Media/Sprites/App Icon.png
  artifactKey: Guid(f428bedd184c76646b14a2b0262dbcf3) Importer(815301076,1909f56bfc062723c751e8b465ee728b)
Start importing Assets/Media/Sprites/App Icon.png using Guid(f428bedd184c76646b14a2b0262dbcf3) Importer(815301076,1909f56bfc062723c751e8b465ee728b)  -> (artifact id: '9069ede95799b290cd855be955e3e6e2') in 0.021719 seconds
Number of updated asset objects reloaded before import = 0
Number of asset objects unloaded after import = 3
========================================================================
Received Import Request.
  Time since last request: 1.475251 seconds.
  path: Assets/Media/Videos
  artifactKey: Guid(794839cec78a5c7428a44b9c0546ccd1) Importer(815301076,1909f56bfc062723c751e8b465ee728b)
Start importing Assets/Media/Videos using Guid(794839cec78a5c7428a44b9c0546ccd1) Importer(815301076,1909f56bfc062723c751e8b465ee728b)  -> (artifact id: 'f5926766a8198ed986beb0865b32fd8f') in 0.000652 seconds
Number of updated asset objects reloaded before import = 0
Number of asset objects unloaded after import = 0
========================================================================
Received Import Request.
  Time since last request: 0.067722 seconds.
  path: Assets/Media/Videos/boot up sequence.mp4
  artifactKey: Guid(74b1f4edb70c00141b8ecbcc100be374) Importer(815301076,1909f56bfc062723c751e8b465ee728b)
Start importing Assets/Media/Videos/boot up sequence.mp4 using Guid(74b1f4edb70c00141b8ecbcc100be374) Importer(815301076,1909f56bfc062723c751e8b465ee728b)  -> (artifact id: '3710031789d558aad44551ea5ea08753') in 0.000992 seconds
Number of updated asset objects reloaded before import = 0
Number of asset objects unloaded after import = 1
========================================================================
Received Import Request.
  Time since last request: 0.000022 seconds.
  path: Assets/Media/Videos/MainMenuStaticVideo.mp4
  artifactKey: Guid(894851140f141f0499ff1877c6b3efbb) Importer(815301076,1909f56bfc062723c751e8b465ee728b)
Start importing Assets/Media/Videos/MainMenuStaticVideo.mp4 using Guid(894851140f141f0499ff1877c6b3efbb) Importer(815301076,1909f56bfc062723c751e8b465ee728b)  -> (artifact id: '206f7a2e81c884d7103199ed99f037b2') in 0.000890 seconds
Number of updated asset objects reloaded before import = 0
Number of asset objects unloaded after import = 1
========================================================================
Received Import Request.
  Time since last request: 1.548891 seconds.
  path: Assets/Media/Fonts
  artifactKey: Guid(85763eb4042ab434eb82400708437cc8) Importer(815301076,1909f56bfc062723c751e8b465ee728b)
Start importing Assets/Media/Fonts using Guid(85763eb4042ab434eb82400708437cc8) Importer(815301076,1909f56bfc062723c751e8b465ee728b)  -> (artifact id: 'aadd2dd5838d8090136fd1949960eea4') in 0.000561 seconds
Number of updated asset objects reloaded before import = 0
Number of asset objects unloaded after import = 0
========================================================================
Received Import Request.
  Time since last request: 0.094804 seconds.
  path: Assets/Media/Fonts/F25_Bank_Printer SDF.asset
  artifactKey: Guid(38afe5f7ca0ff0c4eba71eeae4edbde4) Importer(815301076,1909f56bfc062723c751e8b465ee728b)
Start importing Assets/Media/Fonts/F25_Bank_Printer SDF.asset using Guid(38afe5f7ca0ff0c4eba71eeae4edbde4) Importer(815301076,1909f56bfc062723c751e8b465ee728b)  -> (artifact id: '65162e71ac65d49396a0ba61242c1f18') in 0.047863 seconds
Number of updated asset objects reloaded before import = 0
Number of asset objects unloaded after import = 6
========================================================================
Received Import Request.
  Time since last request: 0.000020 seconds.
  path: Assets/Media/Fonts/UAV-OSD-Mono.ttf
  artifactKey: Guid(f1cc22fb1be9d7148b82a46f41b213e8) Importer(815301076,1909f56bfc062723c751e8b465ee728b)
Start importing Assets/Media/Fonts/UAV-OSD-Mono.ttf using Guid(f1cc22fb1be9d7148b82a46f41b213e8) Importer(815301076,1909f56bfc062723c751e8b465ee728b)  -> (artifact id: '44966031adc80cdea42a2bfd0b0e798d') in 0.022633 seconds
Number of updated asset objects reloaded before import = 0
Number of asset objects unloaded after import = 4
========================================================================
Received Import Request.
  Time since last request: 0.983037 seconds.
  path: Assets/Media/Audio
  artifactKey: Guid(b07fa5b5f5acc404fa12cbb34ee4ef07) Importer(815301076,1909f56bfc062723c751e8b465ee728b)
Start importing Assets/Media/Audio using Guid(b07fa5b5f5acc404fa12cbb34ee4ef07) Importer(815301076,1909f56bfc062723c751e8b465ee728b)  -> (artifact id: 'dedba7ba1eae5c62d4be2846465c6e7d') in 0.000716 seconds
Number of updated asset objects reloaded before import = 0
Number of asset objects unloaded after import = 0
========================================================================
Received Import Request.
  Time since last request: 1.479732 seconds.
  path: Assets/Media/Animations
  artifactKey: Guid(7a3600a73d8a9e74d8b7df6c5bec0d60) Importer(815301076,1909f56bfc062723c751e8b465ee728b)
Start importing Assets/Media/Animations using Guid(7a3600a73d8a9e74d8b7df6c5bec0d60) Importer(815301076,1909f56bfc062723c751e8b465ee728b)  -> (artifact id: '06d51865586b8d51b943a52bb503bf18') in 0.000497 seconds
Number of updated asset objects reloaded before import = 0
Number of asset objects unloaded after import = 0
========================================================================
Received Import Request.
  Time since last request: 5.617616 seconds.
  path: Assets/Media/Cutscene
  artifactKey: Guid(8f751d65f5447a8419a2e6fbc03a9237) Importer(815301076,1909f56bfc062723c751e8b465ee728b)
Start importing Assets/Media/Cutscene using Guid(8f751d65f5447a8419a2e6fbc03a9237) Importer(815301076,1909f56bfc062723c751e8b465ee728b)  -> (artifact id: '4af52b0d54393536147f060f37b1f212') in 0.000512 seconds
Number of updated asset objects reloaded before import = 0
Number of asset objects unloaded after import = 0
========================================================================
Received Import Request.
  Time since last request: 0.052509 seconds.
  path: Assets/Media/Cutscene/FirstCutsceneTimeline.playable
  artifactKey: Guid(2effd176f6acbbf438a30efb47a7fabe) Importer(815301076,1909f56bfc062723c751e8b465ee728b)
Start importing Assets/Media/Cutscene/FirstCutsceneTimeline.playable using Guid(2effd176f6acbbf438a30efb47a7fabe) Importer(815301076,1909f56bfc062723c751e8b465ee728b)  -> (artifact id: '4ef1bd49f40a8850885d22805a882a46') in 0.006928 seconds
Number of updated asset objects reloaded before import = 0
Number of asset objects unloaded after import = 40
========================================================================
Received Import Request.
  Time since last request: 0.000017 seconds.
  path: Assets/Media/Cutscene/SecondFishCutsceneTimeline.playable
  artifactKey: Guid(781956b092c18d646bad7e2a38f26989) Importer(815301076,1909f56bfc062723c751e8b465ee728b)
Start importing Assets/Media/Cutscene/SecondFishCutsceneTimeline.playable using Guid(781956b092c18d646bad7e2a38f26989) Importer(815301076,1909f56bfc062723c751e8b465ee728b)  -> (artifact id: 'ae5acdc5e9ae0126af2a8769a12f43ae') in 0.007878 seconds
Number of updated asset objects reloaded before import = 0
Number of asset objects unloaded after import = 52
========================================================================
Received Import Request.
  Time since last request: 9.188416 seconds.
  path: Assets/Prefabs/Gwangju_3D asset/Scenes/Volume/28_SamhuiRestaurant_SceneProfile.asset
  artifactKey: Guid(1cf7939c38076fc4ba3e0e3ce10c82f9) Importer(815301076,1909f56bfc062723c751e8b465ee728b)
Start importing Assets/Prefabs/Gwangju_3D asset/Scenes/Volume/28_SamhuiRestaurant_SceneProfile.asset using Guid(1cf7939c38076fc4ba3e0e3ce10c82f9) Importer(815301076,1909f56bfc062723c751e8b465ee728b)  -> (artifact id: 'c7013e6c80d043760d2a1b737c1e0426') in 0.001220 seconds
Number of updated asset objects reloaded before import = 0
Number of asset objects unloaded after import = 5
========================================================================
Received Import Request.
  Time since last request: 0.000014 seconds.
  path: Assets/Prefabs/Gwangju_3D asset/28_SamhuiRestaurant/Textures/SamhuiRestaurant_Diorama_MaskMap.png
  artifactKey: Guid(7a87cc976eb372a4babf4de76f557862) Importer(815301076,1909f56bfc062723c751e8b465ee728b)
Start importing Assets/Prefabs/Gwangju_3D asset/28_SamhuiRestaurant/Textures/SamhuiRestaurant_Diorama_MaskMap.png using Guid(7a87cc976eb372a4babf4de76f557862) Importer(815301076,1909f56bfc062723c751e8b465ee728b)  -> (artifact id: '7747edce6b4290179d35c28d488ee983') in 0.021421 seconds
Number of updated asset objects reloaded before import = 0
Number of asset objects unloaded after import = 2
========================================================================
Received Import Request.
  Time since last request: 0.000019 seconds.
  path: Assets/Prefabs/Gwangju_3D asset/28_SamhuiRestaurant/Textures/SamhuiRestaurant_Trim_Etc_Emissive.png
  artifactKey: Guid(00bb022c7db6b83419d92a6bd123dd69) Importer(815301076,1909f56bfc062723c751e8b465ee728b)
Start importing Assets/Prefabs/Gwangju_3D asset/28_SamhuiRestaurant/Textures/SamhuiRestaurant_Trim_Etc_Emissive.png using Guid(00bb022c7db6b83419d92a6bd123dd69) Importer(815301076,1909f56bfc062723c751e8b465ee728b)  -> (artifact id: 'b946675bd2640c43f94a52f8177d7484') in 0.017154 seconds
Number of updated asset objects reloaded before import = 0
Number of asset objects unloaded after import = 2
========================================================================
Received Import Request.
  Time since last request: 0.000017 seconds.
  path: Assets/Prefabs/Gwangju_3D asset/28_SamhuiRestaurant/Textures/SamhuiRestaurant_Trim_Floor_BaseMap.png
  artifactKey: Guid(99c2933dde6faaa43b007fc00afc79be) Importer(815301076,1909f56bfc062723c751e8b465ee728b)
Start importing Assets/Prefabs/Gwangju_3D asset/28_SamhuiRestaurant/Textures/SamhuiRestaurant_Trim_Floor_BaseMap.png using Guid(99c2933dde6faaa43b007fc00afc79be) Importer(815301076,1909f56bfc062723c751e8b465ee728b)  -> (artifact id: '3ad4ad5fc01bbcac7e9b097c994f13c4') in 0.016462 seconds
Number of updated asset objects reloaded before import = 0
Number of asset objects unloaded after import = 2
========================================================================
Received Import Request.
  Time since last request: 0.000017 seconds.
  path: Assets/Prefabs/Gwangju_3D asset/28_SamhuiRestaurant/Textures/SamhuiRestaurant_Diorama_BaseMap.png
  artifactKey: Guid(bb3730bd52215f24ab04d80d00d2bd3a) Importer(815301076,1909f56bfc062723c751e8b465ee728b)
Start importing Assets/Prefabs/Gwangju_3D asset/28_SamhuiRestaurant/Textures/SamhuiRestaurant_Diorama_BaseMap.png using Guid(bb3730bd52215f24ab04d80d00d2bd3a) Importer(815301076,1909f56bfc062723c751e8b465ee728b)  -> (artifact id: 'f51a670381d0e3260d219da036ed0a2b') in 0.016895 seconds
Number of updated asset objects reloaded before import = 0
Number of asset objects unloaded after import = 2
========================================================================
Received Import Request.
  Time since last request: 0.000018 seconds.
  path: Assets/Prefabs/Gwangju_3D asset/28_SamhuiRestaurant/Textures/SamhuiRestaurant_Trim_Floor_MaskMap.png
  artifactKey: Guid(44ffbccbe467ee249a0e9649999153b0) Importer(815301076,1909f56bfc062723c751e8b465ee728b)
Start importing Assets/Prefabs/Gwangju_3D asset/28_SamhuiRestaurant/Textures/SamhuiRestaurant_Trim_Floor_MaskMap.png using Guid(44ffbccbe467ee249a0e9649999153b0) Importer(815301076,1909f56bfc062723c751e8b465ee728b)  -> (artifact id: 'd2c9486935b63b02aae779071d4020cd') in 0.019464 seconds
Number of updated asset objects reloaded before import = 0
Number of asset objects unloaded after import = 2
========================================================================
Received Import Request.
  Time since last request: 0.000032 seconds.
  path: Assets/Prefabs/Gwangju_3D asset/28_SamhuiRestaurant/Textures/SamhuiRestaurant_Trim_Wall_MaskMap.png
  artifactKey: Guid(51d49fe428d99664aa74782663a6af13) Importer(815301076,1909f56bfc062723c751e8b465ee728b)
Start importing Assets/Prefabs/Gwangju_3D asset/28_SamhuiRestaurant/Textures/SamhuiRestaurant_Trim_Wall_MaskMap.png using Guid(51d49fe428d99664aa74782663a6af13) Importer(815301076,1909f56bfc062723c751e8b465ee728b)  -> (artifact id: 'b178e7660dae5e8c8ba815f7ccc96293') in 0.020288 seconds
Number of updated asset objects reloaded before import = 0
Number of asset objects unloaded after import = 2
========================================================================
Received Import Request.
  Time since last request: 0.000026 seconds.
  path: Assets/Prefabs/Gwangju_3D asset/28_SamhuiRestaurant/Materials/SamhuiRestaurant_Trim_Etc_Glass.mat
  artifactKey: Guid(423f28e443b0a0243ae03da5e9ee5d16) Importer(815301076,1909f56bfc062723c751e8b465ee728b)
Start importing Assets/Prefabs/Gwangju_3D asset/28_SamhuiRestaurant/Materials/SamhuiRestaurant_Trim_Etc_Glass.mat using Guid(423f28e443b0a0243ae03da5e9ee5d16) Importer(815301076,1909f56bfc062723c751e8b465ee728b)  -> (artifact id: 'c89e52e435fc5ebc72cb860075e989b0') in 0.026420 seconds
Number of updated asset objects reloaded before import = 0
Number of asset objects unloaded after import = 4
========================================================================
Received Import Request.
  Time since last request: 0.000017 seconds.
  path: Assets/Prefabs/Gwangju_3D asset/28_SamhuiRestaurant/Textures/SamhuiRestaurant_Trim_Wall_Normal.png
  artifactKey: Guid(5f2ed70ae3e8ea343b04ae926dbe7b56) Importer(815301076,1909f56bfc062723c751e8b465ee728b)
Start importing Assets/Prefabs/Gwangju_3D asset/28_SamhuiRestaurant/Textures/SamhuiRestaurant_Trim_Wall_Normal.png using Guid(5f2ed70ae3e8ea343b04ae926dbe7b56) Importer(815301076,1909f56bfc062723c751e8b465ee728b)  -> (artifact id: '721a26c8f25173b453d74b6c5cede6bb') in 0.022774 seconds
Number of updated asset objects reloaded before import = 0
Number of asset objects unloaded after import = 2
========================================================================
Received Import Request.
  Time since last request: 0.000031 seconds.
  path: Assets/Prefabs/Gwangju_3D asset/28_SamhuiRestaurant/Textures/SamhuiRestaurant_Trim_Etc_BaseMap.png
  artifactKey: Guid(f70fcf61b5a1b9347abce543800f661b) Importer(815301076,1909f56bfc062723c751e8b465ee728b)
Start importing Assets/Prefabs/Gwangju_3D asset/28_SamhuiRestaurant/Textures/SamhuiRestaurant_Trim_Etc_BaseMap.png using Guid(f70fcf61b5a1b9347abce543800f661b) Importer(815301076,1909f56bfc062723c751e8b465ee728b)  -> (artifact id: '5ed1cb5039ca23746c53c7d6f284bd82') in 0.020990 seconds
Number of updated asset objects reloaded before import = 0
Number of asset objects unloaded after import = 2
========================================================================
Received Import Request.
  Time since last request: 0.000112 seconds.
  path: Assets/Prefabs/Gwangju_3D asset/28_SamhuiRestaurant/Prefabs/SamhuiRestaurant_Diorama.prefab
  artifactKey: Guid(ab24dddddc3c63247a48df346dc6c17f) Importer(815301076,1909f56bfc062723c751e8b465ee728b)
Start importing Assets/Prefabs/Gwangju_3D asset/28_SamhuiRestaurant/Prefabs/SamhuiRestaurant_Diorama.prefab using Guid(ab24dddddc3c63247a48df346dc6c17f) Importer(815301076,1909f56bfc062723c751e8b465ee728b)  -> (artifact id: '85e82f5f03d85eb9be444b2b366e7ee0') in 0.035578 seconds
Number of updated asset objects reloaded before import = 0
Number of asset objects unloaded after import = 23
========================================================================
Received Import Request.
  Time since last request: 0.000019 seconds.
  path: Assets/Prefabs/Gwangju_3D asset/28_SamhuiRestaurant/Materials/SamhuiRestaurant_Trim_Wall.mat
  artifactKey: Guid(77dfc465aff9b0b4ea7c7ffc68ce9f19) Importer(815301076,1909f56bfc062723c751e8b465ee728b)
Start importing Assets/Prefabs/Gwangju_3D asset/28_SamhuiRestaurant/Materials/SamhuiRestaurant_Trim_Wall.mat using Guid(77dfc465aff9b0b4ea7c7ffc68ce9f19) Importer(815301076,1909f56bfc062723c751e8b465ee728b)  -> (artifact id: '2c9fa568b45610d0fbdcd4e7afb18b81') in 0.026675 seconds
Number of updated asset objects reloaded before import = 0
Number of asset objects unloaded after import = 4
========================================================================
Received Import Request.
  Time since last request: 8.077852 seconds.
  path: Packages/com.unity.shadergraph/Editor/Generation/Targets/BuiltIn/Editor/ShaderGraph/Includes/BuildInputData.hlsl
  artifactKey: Guid(f1a1da3eef3aa834d9c94eb0a5c04358) Importer(815301076,1909f56bfc062723c751e8b465ee728b)
Start importing Packages/com.unity.shadergraph/Editor/Generation/Targets/BuiltIn/Editor/ShaderGraph/Includes/BuildInputData.hlsl using Guid(f1a1da3eef3aa834d9c94eb0a5c04358) Importer(815301076,1909f56bfc062723c751e8b465ee728b)  -> (artifact id: '3c463c92a51173b04aba664f4d8a4ddb') in 0.001085 seconds
Number of updated asset objects reloaded before import = 0
Number of asset objects unloaded after import = 1
========================================================================
Received Import Request.
  Time since last request: 0.011823 seconds.
  path: Packages/com.unity.shadergraph/Editor/Generation/Templates/BuildSurfaceDescriptionInputs.template.hlsl
  artifactKey: Guid(d3b47ff860a51904395688d633cb1018) Importer(815301076,1909f56bfc062723c751e8b465ee728b)
Start importing Packages/com.unity.shadergraph/Editor/Generation/Templates/BuildSurfaceDescriptionInputs.template.hlsl using Guid(d3b47ff860a51904395688d633cb1018) Importer(815301076,1909f56bfc062723c751e8b465ee728b)  -> (artifact id: '1dc253528bf7efe80c2c7adaabb645f2') in 0.001024 seconds
Number of updated asset objects reloaded before import = 0
Number of asset objects unloaded after import = 1
========================================================================
Received Import Request.
  Time since last request: 0.016195 seconds.
  path: Packages/com.unity.render-pipelines.universal/Editor/Gizmos/Camera_UI.png
  artifactKey: Guid(e3c6759aa8004ae458959d7fe48d6a74) Importer(815301076,1909f56bfc062723c751e8b465ee728b)
Start importing Packages/com.unity.render-pipelines.universal/Editor/Gizmos/Camera_UI.png using Guid(e3c6759aa8004ae458959d7fe48d6a74) Importer(815301076,1909f56bfc062723c751e8b465ee728b)  -> (artifact id: '86e637d10f03912c9e52c2a0cbff253b') in 0.013782 seconds
Number of updated asset objects reloaded before import = 0
Number of asset objects unloaded after import = 2
========================================================================
Received Import Request.
  Time since last request: 18.010374 seconds.
  path: Assets/Media/Audio/SFX/Game SFX/frog jumpscare.wav
  artifactKey: Guid(4421c48edc1db6940a38d2bd0cb85afb) Importer(815301076,1909f56bfc062723c751e8b465ee728b)
Start importing Assets/Media/Audio/SFX/Game SFX/frog jumpscare.wav using Guid(4421c48edc1db6940a38d2bd0cb85afb) Importer(815301076,1909f56bfc062723c751e8b465ee728b)  -> (artifact id: '6a5e5112752dbca3a53b3eee2009c29c') in 0.037323 seconds
Number of updated asset objects reloaded before import = 0
Number of asset objects unloaded after import = 2
========================================================================
Received Import Request.
  Time since last request: 0.470448 seconds.
  path: Assets/Prefabs/Level_1_Assets_Prefab/ID_Scanner_Slim.prefab
  artifactKey: Guid(e21174a88de827f4aaec53172edcf47f) Importer(815301076,1909f56bfc062723c751e8b465ee728b)
Start importing Assets/Prefabs/Level_1_Assets_Prefab/ID_Scanner_Slim.prefab using Guid(e21174a88de827f4aaec53172edcf47f) Importer(815301076,1909f56bfc062723c751e8b465ee728b)  -> (artifact id: 'a94f5258cd3eda3c29b68a7a2e98c584') in 0.056452 seconds
Number of updated asset objects reloaded before import = 0
Number of asset objects unloaded after import = 45
========================================================================
Received Import Request.
  Time since last request: 0.313878 seconds.
  path: Assets/Prefabs/Monsters/Frog/phrog_jumpscare animations.fbx
  artifactKey: Guid(c81c10620ac128a478ddc8968d91d939) Importer(815301076,1909f56bfc062723c751e8b465ee728b)
Start importing Assets/Prefabs/Monsters/Frog/phrog_jumpscare animations.fbx using Guid(c81c10620ac128a478ddc8968d91d939) Importer(815301076,1909f56bfc062723c751e8b465ee728b)  -> (artifact id: 'bce35401175eea2a5b6a2d24eb156a85') in 0.106033 seconds
Number of updated asset objects reloaded before import = 0
Number of asset objects unloaded after import = 903
========================================================================
Received Import Request.
  Time since last request: 24.033458 seconds.
  path: Assets/Assets/Kitchen_Fridge/Kitchen_Fridge_Material.052_AlbedoTransparency.png
  artifactKey: Guid(d0c926633a5ee8648a23a944ba32b21d) Importer(815301076,1909f56bfc062723c751e8b465ee728b)
Start importing Assets/Assets/Kitchen_Fridge/Kitchen_Fridge_Material.052_AlbedoTransparency.png using Guid(d0c926633a5ee8648a23a944ba32b21d) Importer(815301076,1909f56bfc062723c751e8b465ee728b)  -> (artifact id: 'e8041910b57e362a6c1c3e22ffb05771') in 0.017067 seconds
Number of updated asset objects reloaded before import = 0
Number of asset objects unloaded after import = 2
========================================================================
Received Import Request.
  Time since last request: 0.000021 seconds.
  path: Assets/Assets/Kitchen_Sink/Kitchen_Sink_Material.022_MetallicSmoothness.png
  artifactKey: Guid(c181777c201ab9948b0608f341fa2e65) Importer(815301076,1909f56bfc062723c751e8b465ee728b)
Start importing Assets/Assets/Kitchen_Sink/Kitchen_Sink_Material.022_MetallicSmoothness.png using Guid(c181777c201ab9948b0608f341fa2e65) Importer(815301076,1909f56bfc062723c751e8b465ee728b)  -> (artifact id: '709c7833005384804729fd47982dc0df') in 0.012135 seconds
Number of updated asset objects reloaded before import = 0
Number of asset objects unloaded after import = 2
========================================================================
Received Import Request.
  Time since last request: 0.000018 seconds.
  path: Assets/Assets/Kitchen_Sink/Kitchen_Sink_Material.050_Emission.png
  artifactKey: Guid(7697f01719b2221429bad19459e22150) Importer(815301076,1909f56bfc062723c751e8b465ee728b)
Start importing Assets/Assets/Kitchen_Sink/Kitchen_Sink_Material.050_Emission.png using Guid(7697f01719b2221429bad19459e22150) Importer(815301076,1909f56bfc062723c751e8b465ee728b)  -> (artifact id: 'd3506507fc71bcaca97f8ec46508843a') in 0.008145 seconds
Number of updated asset objects reloaded before import = 0
Number of asset objects unloaded after import = 2
========================================================================
Received Import Request.
  Time since last request: 0.000024 seconds.
  path: Assets/Assets/Kitchen_Sink/Kitchen_Sink_Material.050_Normal.png
  artifactKey: Guid(a7cfb87e02ca9e247b01e6a02eb23589) Importer(815301076,1909f56bfc062723c751e8b465ee728b)
Start importing Assets/Assets/Kitchen_Sink/Kitchen_Sink_Material.050_Normal.png using Guid(a7cfb87e02ca9e247b01e6a02eb23589) Importer(815301076,1909f56bfc062723c751e8b465ee728b)  -> (artifact id: '771d4eae0bd346cda73c506433238147') in 0.017018 seconds
Number of updated asset objects reloaded before import = 0
Number of asset objects unloaded after import = 2
========================================================================
Received Import Request.
  Time since last request: 0.000028 seconds.
  path: Assets/Assets/Kitchen_Sink/Kitchen_Sink_Material.050_AlbedoTransparency.png
  artifactKey: Guid(1948ddddfe08b6547a112312df948f3b) Importer(815301076,1909f56bfc062723c751e8b465ee728b)
Start importing Assets/Assets/Kitchen_Sink/Kitchen_Sink_Material.050_AlbedoTransparency.png using Guid(1948ddddfe08b6547a112312df948f3b) Importer(815301076,1909f56bfc062723c751e8b465ee728b)  -> (artifact id: 'b3f918ca457828c25afece31e1562235') in 0.018225 seconds
Number of updated asset objects reloaded before import = 0
Number of asset objects unloaded after import = 2
========================================================================
Received Import Request.
  Time since last request: 0.000025 seconds.
  path: Assets/Assets/Kitchen_Sink/Kitchen_Sink_Material.050_AmbientOcclusion.png
  artifactKey: Guid(bd73680184866a642b0ca61354eb8dfe) Importer(815301076,1909f56bfc062723c751e8b465ee728b)
Start importing Assets/Assets/Kitchen_Sink/Kitchen_Sink_Material.050_AmbientOcclusion.png using Guid(bd73680184866a642b0ca61354eb8dfe) Importer(815301076,1909f56bfc062723c751e8b465ee728b)  -> (artifact id: 'f423ffee62548cd98ae178e5ad7451e5') in 0.015183 seconds
Number of updated asset objects reloaded before import = 0
Number of asset objects unloaded after import = 2
========================================================================
Received Import Request.
  Time since last request: 0.000022 seconds.
  path: Assets/Assets/Kitchen_Sink/Kitchen_Sink_Material.022_Emission.png
  artifactKey: Guid(3773d70bf787ecc44abfe096fa4b01d9) Importer(815301076,1909f56bfc062723c751e8b465ee728b)
Start importing Assets/Assets/Kitchen_Sink/Kitchen_Sink_Material.022_Emission.png using Guid(3773d70bf787ecc44abfe096fa4b01d9) Importer(815301076,1909f56bfc062723c751e8b465ee728b)  -> (artifact id: '120c50f65c44a397247a2b94a6af72e9') in 0.007719 seconds
Number of updated asset objects reloaded before import = 0
Number of asset objects unloaded after import = 2
========================================================================
Received Import Request.
  Time since last request: 0.865484 seconds.
  path: Assets/Assets/Kitchen_Sink/Kitchen_Sink_Material.051_AlbedoTransparency.png
  artifactKey: Guid(a42346dd037c36243aea66387de7d6d8) Importer(815301076,1909f56bfc062723c751e8b465ee728b)
Start importing Assets/Assets/Kitchen_Sink/Kitchen_Sink_Material.051_AlbedoTransparency.png using Guid(a42346dd037c36243aea66387de7d6d8) Importer(815301076,1909f56bfc062723c751e8b465ee728b)  -> (artifact id: 'e4b7ad4b13a1859d032c5da6da7691e8') in 0.017684 seconds
Number of updated asset objects reloaded before import = 0
Number of asset objects unloaded after import = 2
========================================================================
Received Import Request.
  Time since last request: 0.000024 seconds.
  path: Assets/Assets/Laboratory_Table/Laboratory_Table_Material.023_AmbientOcclusion.png
  artifactKey: Guid(dcc8d6e89e14bf24b8958e32a051631d) Importer(815301076,1909f56bfc062723c751e8b465ee728b)
Start importing Assets/Assets/Laboratory_Table/Laboratory_Table_Material.023_AmbientOcclusion.png using Guid(dcc8d6e89e14bf24b8958e32a051631d) Importer(815301076,1909f56bfc062723c751e8b465ee728b)  -> (artifact id: '49b46b160b4709021d5c5d858d0ab3fd') in 0.017306 seconds
Number of updated asset objects reloaded before import = 0
Number of asset objects unloaded after import = 2
========================================================================
Received Import Request.
  Time since last request: 0.000017 seconds.
  path: Assets/Assets/Laboratory_Table/Laboratory_Table_Material.056_AmbientOcclusion.png
  artifactKey: Guid(b82f655f14771d342b26cffe785b8753) Importer(815301076,1909f56bfc062723c751e8b465ee728b)
Start importing Assets/Assets/Laboratory_Table/Laboratory_Table_Material.056_AmbientOcclusion.png using Guid(b82f655f14771d342b26cffe785b8753) Importer(815301076,1909f56bfc062723c751e8b465ee728b)  -> (artifact id: 'c2977a3f29ee4b013acb82f033c10d9a') in 0.017491 seconds
Number of updated asset objects reloaded before import = 0
Number of asset objects unloaded after import = 2
========================================================================
Received Import Request.
  Time since last request: 0.000022 seconds.
  path: Assets/Assets/Laboratory_Table/Laboratory_Table_Material.057_Emission.png
  artifactKey: Guid(5e2d9bd67ad920c42bc3c2c8aa141325) Importer(815301076,1909f56bfc062723c751e8b465ee728b)
Start importing Assets/Assets/Laboratory_Table/Laboratory_Table_Material.057_Emission.png using Guid(5e2d9bd67ad920c42bc3c2c8aa141325) Importer(815301076,1909f56bfc062723c751e8b465ee728b)  -> (artifact id: '8faacf6def2413cabf0c0b7bec117648') in 0.008490 seconds
Number of updated asset objects reloaded before import = 0
Number of asset objects unloaded after import = 2
========================================================================
Received Import Request.
  Time since last request: 0.000017 seconds.
  path: Assets/Assets/Kitchen_Stove/Kitchen_Stove_DefaultMaterial_AlbedoTransparency.1001.png
  artifactKey: Guid(c90970142ceb7c442a6a1adaf6c140b1) Importer(815301076,1909f56bfc062723c751e8b465ee728b)
Start importing Assets/Assets/Kitchen_Stove/Kitchen_Stove_DefaultMaterial_AlbedoTransparency.1001.png using Guid(c90970142ceb7c442a6a1adaf6c140b1) Importer(815301076,1909f56bfc062723c751e8b465ee728b)  -> (artifact id: '06a53504f59d36ecd847cf1ffaeae707') in 0.016540 seconds
Number of updated asset objects reloaded before import = 0
Number of asset objects unloaded after import = 2
========================================================================
Received Import Request.
  Time since last request: 0.000033 seconds.
  path: Assets/Assets/Laboratory_Table/Laboratory_Table_Material.056_MetallicSmoothness.png
  artifactKey: Guid(af3cebfd4d1a61c438127b8ede370696) Importer(815301076,1909f56bfc062723c751e8b465ee728b)
Start importing Assets/Assets/Laboratory_Table/Laboratory_Table_Material.056_MetallicSmoothness.png using Guid(af3cebfd4d1a61c438127b8ede370696) Importer(815301076,1909f56bfc062723c751e8b465ee728b)  -> (artifact id: 'b29ade0b27471efdc000aa1c093020b6') in 0.012453 seconds
Number of updated asset objects reloaded before import = 0
Number of asset objects unloaded after import = 2
========================================================================
Received Import Request.
  Time since last request: 0.000034 seconds.
  path: Assets/Assets/Laboratory_Table/Laboratory_Table_Material.055_AmbientOcclusion.png
  artifactKey: Guid(7a97fc9fd5cc5694d8289d838d62ba12) Importer(815301076,1909f56bfc062723c751e8b465ee728b)
Start importing Assets/Assets/Laboratory_Table/Laboratory_Table_Material.055_AmbientOcclusion.png using Guid(7a97fc9fd5cc5694d8289d838d62ba12) Importer(815301076,1909f56bfc062723c751e8b465ee728b)  -> (artifact id: '8a6f091b23240c2f4b15aa7a54eedbe4') in 0.017410 seconds
Number of updated asset objects reloaded before import = 0
Number of asset objects unloaded after import = 2
========================================================================
Received Import Request.
  Time since last request: 0.000017 seconds.
  path: Assets/Assets/Laboratory_Table/Laboratory_Table_Material.056_Normal.png
  artifactKey: Guid(ec39b3a693608ec43bb557fc1dcc902c) Importer(815301076,1909f56bfc062723c751e8b465ee728b)
Start importing Assets/Assets/Laboratory_Table/Laboratory_Table_Material.056_Normal.png using Guid(ec39b3a693608ec43bb557fc1dcc902c) Importer(815301076,1909f56bfc062723c751e8b465ee728b)  -> (artifact id: '32afb25f508a16db54d6813fbbf1604c') in 0.009925 seconds
Number of updated asset objects reloaded before import = 0
Number of asset objects unloaded after import = 2
========================================================================
Received Import Request.
  Time since last request: 0.000020 seconds.
  path: Assets/Assets/Laboratory_Table/Laboratory_Table_Material.058_Emission.png
  artifactKey: Guid(e018ce8abee051d408fa5676274c7d90) Importer(815301076,1909f56bfc062723c751e8b465ee728b)
Start importing Assets/Assets/Laboratory_Table/Laboratory_Table_Material.058_Emission.png using Guid(e018ce8abee051d408fa5676274c7d90) Importer(815301076,1909f56bfc062723c751e8b465ee728b)  -> (artifact id: '7d24806ca3d7b0781420eecefd0071d2') in 0.006966 seconds
Number of updated asset objects reloaded before import = 0
Number of asset objects unloaded after import = 2
========================================================================
Received Import Request.
  Time since last request: 0.000015 seconds.
  path: Assets/Assets/Laboratory_Table/Laboratory_Table_Material.057_AmbientOcclusion.png
  artifactKey: Guid(9ea303b6d40b2b843a6bab3538f6a68a) Importer(815301076,1909f56bfc062723c751e8b465ee728b)
Start importing Assets/Assets/Laboratory_Table/Laboratory_Table_Material.057_AmbientOcclusion.png using Guid(9ea303b6d40b2b843a6bab3538f6a68a) Importer(815301076,1909f56bfc062723c751e8b465ee728b)  -> (artifact id: '9a0be94dff777cbc434bbf89a6d067d7') in 0.017171 seconds
Number of updated asset objects reloaded before import = 0
Number of asset objects unloaded after import = 2
========================================================================
Received Import Request.
  Time since last request: 0.000023 seconds.
  path: Assets/Assets/Laboratory_Table/Laboratory_Table_Material.058_AmbientOcclusion.png
  artifactKey: Guid(9a9b78ec9d4b2764998761a208349cc4) Importer(815301076,1909f56bfc062723c751e8b465ee728b)
Start importing Assets/Assets/Laboratory_Table/Laboratory_Table_Material.058_AmbientOcclusion.png using Guid(9a9b78ec9d4b2764998761a208349cc4) Importer(815301076,1909f56bfc062723c751e8b465ee728b)  -> (artifact id: 'ebbee78ba47efc95e005d3030bf1a2b1') in 0.014148 seconds
Number of updated asset objects reloaded before import = 0
Number of asset objects unloaded after import = 2
========================================================================
Received Import Request.
  Time since last request: 0.211975 seconds.
  path: Assets/Assets/Laboratory_Table/Laboratory_Table_Material.058_MetallicSmoothness.png
  artifactKey: Guid(27b14ed0eb6a5c243bfa6bf44ee18e9a) Importer(815301076,1909f56bfc062723c751e8b465ee728b)
Start importing Assets/Assets/Laboratory_Table/Laboratory_Table_Material.058_MetallicSmoothness.png using Guid(27b14ed0eb6a5c243bfa6bf44ee18e9a) Importer(815301076,1909f56bfc062723c751e8b465ee728b)  -> (artifact id: '4a30406de8ec8763fad07bb931442139') in 0.010861 seconds
Number of updated asset objects reloaded before import = 0
Number of asset objects unloaded after import = 2
========================================================================
Received Import Request.
  Time since last request: 0.008474 seconds.
  path: Assets/TextMesh Pro/Resources/Fonts & Materials/LiberationSans SDF - Fallback.asset
  artifactKey: Guid(2e498d1c8094910479dc3e1b768306a4) Importer(815301076,1909f56bfc062723c751e8b465ee728b)
Start importing Assets/TextMesh Pro/Resources/Fonts & Materials/LiberationSans SDF - Fallback.asset using Guid(2e498d1c8094910479dc3e1b768306a4) Importer(815301076,1909f56bfc062723c751e8b465ee728b)  -> (artifact id: 'cd78ccbbd9a8be819573079ec4b4e55d') in 0.022140 seconds
Number of updated asset objects reloaded before import = 0
Number of asset objects unloaded after import = 6
========================================================================
Received Import Request.
  Time since last request: 0.340700 seconds.
  path: Assets/Prefabs/Generator/Light Base Color.png
  artifactKey: Guid(8a2f796a10b908b46b20854e06ed8354) Importer(815301076,1909f56bfc062723c751e8b465ee728b)
Start importing Assets/Prefabs/Generator/Light Base Color.png using Guid(8a2f796a10b908b46b20854e06ed8354) Importer(815301076,1909f56bfc062723c751e8b465ee728b)  -> (artifact id: '95182cefd1407f8eaebe126bf0a123ea') in 0.018732 seconds
Number of updated asset objects reloaded before import = 0
Number of asset objects unloaded after import = 2
========================================================================
Received Import Request.
  Time since last request: 0.000023 seconds.
  path: Assets/Prefabs/Generator/Material.001 Base Color.png
  artifactKey: Guid(8908da2a2929bd4419baf808ff9f3a72) Importer(815301076,1909f56bfc062723c751e8b465ee728b)
Start importing Assets/Prefabs/Generator/Material.001 Base Color.png using Guid(8908da2a2929bd4419baf808ff9f3a72) Importer(815301076,1909f56bfc062723c751e8b465ee728b)  -> (artifact id: '30ceb050216b615c58562a461392c692') in 0.015498 seconds
Number of updated asset objects reloaded before import = 0
Number of asset objects unloaded after import = 2
========================================================================
Received Import Request.
  Time since last request: 0.000074 seconds.
  path: Assets/Prefabs/Gwangju_3D asset/Scenes/28_SamhuiRestaurant/Lightmap-0_comp_shadowmask.png
  artifactKey: Guid(d8359f2e7a0f20f40b8d882cc024aefb) Importer(815301076,1909f56bfc062723c751e8b465ee728b)
Start importing Assets/Prefabs/Gwangju_3D asset/Scenes/28_SamhuiRestaurant/Lightmap-0_comp_shadowmask.png using Guid(d8359f2e7a0f20f40b8d882cc024aefb) Importer(815301076,1909f56bfc062723c751e8b465ee728b)  -> (artifact id: '321db5c8079a4ae5f14deb19568111f6') in 0.017596 seconds
Number of updated asset objects reloaded before import = 0
Number of asset objects unloaded after import = 2
========================================================================
Received Import Request.
  Time since last request: 0.000025 seconds.
  path: Assets/Assets/Bed/medbay bed_DefaultMaterial_SpecularSmoothness.1001.png
  artifactKey: Guid(321bea30a0684da45b1a10c72ffd7b20) Importer(815301076,1909f56bfc062723c751e8b465ee728b)
Start importing Assets/Assets/Bed/medbay bed_DefaultMaterial_SpecularSmoothness.1001.png using Guid(321bea30a0684da45b1a10c72ffd7b20) Importer(815301076,1909f56bfc062723c751e8b465ee728b)  -> (artifact id: 'c9170cb9ad4c49c018319563d850b308') in 0.015421 seconds
Number of updated asset objects reloaded before import = 0
Number of asset objects unloaded after import = 2
========================================================================
Received Import Request.
  Time since last request: 0.000024 seconds.
  path: Assets/Assets/Rectangle_Tank_1/Rectangle_Tank_1_Material.064_Emission.png
  artifactKey: Guid(148907cf7f2cec2478d93f0387d26557) Importer(815301076,1909f56bfc062723c751e8b465ee728b)
Start importing Assets/Assets/Rectangle_Tank_1/Rectangle_Tank_1_Material.064_Emission.png using Guid(148907cf7f2cec2478d93f0387d26557) Importer(815301076,1909f56bfc062723c751e8b465ee728b)  -> (artifact id: 'f038de7cdbdd059bb09243bdc0b4f1a6') in 0.008356 seconds
Number of updated asset objects reloaded before import = 0
Number of asset objects unloaded after import = 2
========================================================================
Received Import Request.
  Time since last request: 0.000017 seconds.
  path: Assets/Prefabs/Monsters/Frog/phrog_DefaultMaterial_Emission.1001.png
  artifactKey: Guid(376db0bfd6582af4083d069670b26ce0) Importer(815301076,1909f56bfc062723c751e8b465ee728b)
Start importing Assets/Prefabs/Monsters/Frog/phrog_DefaultMaterial_Emission.1001.png using Guid(376db0bfd6582af4083d069670b26ce0) Importer(815301076,1909f56bfc062723c751e8b465ee728b)  -> (artifact id: 'c09d13a0114bc087b8ef8450bcd98c3d') in 0.008807 seconds
Number of updated asset objects reloaded before import = 0
Number of asset objects unloaded after import = 2
========================================================================
Received Import Request.
  Time since last request: 0.000022 seconds.
  path: Assets/Assets/Rectangle_Tank_1/Rectangle_Tank_1_Material.064_AmbientOcclusion.png
  artifactKey: Guid(68ab1e3243560e74bb79cebc97897de8) Importer(815301076,1909f56bfc062723c751e8b465ee728b)
Start importing Assets/Assets/Rectangle_Tank_1/Rectangle_Tank_1_Material.064_AmbientOcclusion.png using Guid(68ab1e3243560e74bb79cebc97897de8) Importer(815301076,1909f56bfc062723c751e8b465ee728b)  -> (artifact id: 'd4a4091835ed7f573899eb3b07490db9') in 0.018057 seconds
Number of updated asset objects reloaded before import = 0
Number of asset objects unloaded after import = 2
========================================================================
Received Import Request.
  Time since last request: 0.000025 seconds.
  path: Assets/Assets/Rectangle_Tank_1/Rectangle_Tank_1_Material.064_MetallicSmoothness.png
  artifactKey: Guid(dda27c15a90e43543955b66cd953371f) Importer(815301076,1909f56bfc062723c751e8b465ee728b)
Start importing Assets/Assets/Rectangle_Tank_1/Rectangle_Tank_1_Material.064_MetallicSmoothness.png using Guid(dda27c15a90e43543955b66cd953371f) Importer(815301076,1909f56bfc062723c751e8b465ee728b)  -> (artifact id: '998a94249514e73aa98fc018ff6cb9a1') in 0.010088 seconds
Number of updated asset objects reloaded before import = 0
Number of asset objects unloaded after import = 2
========================================================================
Received Import Request.
  Time since last request: 0.517189 seconds.
  path: Assets/Assets/Rectangle_Tank_1/Rectangle_Tank_1_Material.064_Normal.png
  artifactKey: Guid(572121825d526dc43a338d6be11f5836) Importer(815301076,1909f56bfc062723c751e8b465ee728b)
Start importing Assets/Assets/Rectangle_Tank_1/Rectangle_Tank_1_Material.064_Normal.png using Guid(572121825d526dc43a338d6be11f5836) Importer(815301076,1909f56bfc062723c751e8b465ee728b)  -> (artifact id: 'd6bce601fef1accd4e05094efc11e904') in 0.020034 seconds
Number of updated asset objects reloaded before import = 0
Number of asset objects unloaded after import = 2
========================================================================
Received Import Request.
  Time since last request: 0.000021 seconds.
  path: Assets/Prefabs/Gwangju_3D asset/Scenes/28_SamhuiRestaurant/ReflectionProbe-1.exr
  artifactKey: Guid(40efd52de1f94d34eb8e4588f90c3026) Importer(815301076,1909f56bfc062723c751e8b465ee728b)
Start importing Assets/Prefabs/Gwangju_3D asset/Scenes/28_SamhuiRestaurant/ReflectionProbe-1.exr using Guid(40efd52de1f94d34eb8e4588f90c3026) Importer(815301076,1909f56bfc062723c751e8b465ee728b)  -> (artifact id: '97924c1643033d946ad0e7c079eadd07') in 0.027765 seconds
Number of updated asset objects reloaded before import = 0
Number of asset objects unloaded after import = 1
========================================================================
Received Import Request.
  Time since last request: 0.000031 seconds.
  path: Assets/Prefabs/Rubble 1/RUBBLE 1_Material_Normal.1001.png
  artifactKey: Guid(3db241b0cd646524c873e3eeeb64ad4c) Importer(815301076,1909f56bfc062723c751e8b465ee728b)
Start importing Assets/Prefabs/Rubble 1/RUBBLE 1_Material_Normal.1001.png using Guid(3db241b0cd646524c873e3eeeb64ad4c) Importer(815301076,1909f56bfc062723c751e8b465ee728b)  -> (artifact id: '734133a2bb79912e3dea087ac552c689') in 0.015501 seconds
Number of updated asset objects reloaded before import = 0
Number of asset objects unloaded after import = 2
========================================================================
Received Import Request.
  Time since last request: 0.000025 seconds.
  path: Assets/Prefabs/Rubble 1/RUBBLE 1_Material_Roughness.1001.png
  artifactKey: Guid(cb84ece5fb4ce8d4c97e059064dc0cf0) Importer(815301076,1909f56bfc062723c751e8b465ee728b)
Start importing Assets/Prefabs/Rubble 1/RUBBLE 1_Material_Roughness.1001.png using Guid(cb84ece5fb4ce8d4c97e059064dc0cf0) Importer(815301076,1909f56bfc062723c751e8b465ee728b)  -> (artifact id: '27b152c96023a1556cd532f068d38024') in 0.016962 seconds
Number of updated asset objects reloaded before import = 0
Number of asset objects unloaded after import = 2
========================================================================
Received Import Request.
  Time since last request: 0.000018 seconds.
  path: Assets/Assets/Ceiling_Security_Camera/Security_Ceiling_Camera_DefaultMaterial_Emission.png
  artifactKey: Guid(b006affa5e354bc4c8a3980460dedce6) Importer(815301076,1909f56bfc062723c751e8b465ee728b)
Start importing Assets/Assets/Ceiling_Security_Camera/Security_Ceiling_Camera_DefaultMaterial_Emission.png using Guid(b006affa5e354bc4c8a3980460dedce6) Importer(815301076,1909f56bfc062723c751e8b465ee728b)  -> (artifact id: 'a551954ec4684c3d3a61338ed2dcb9fd') in 0.009510 seconds
Number of updated asset objects reloaded before import = 0
Number of asset objects unloaded after import = 2
========================================================================
Received Import Request.
  Time since last request: 0.000036 seconds.
  path: Assets/Assets/Ceiling_Security_Camera/Security_Ceiling_Camera_DefaultMaterial_AmbientOcclusion.png
  artifactKey: Guid(cdd0c9aedf345244da8697a393706b58) Importer(815301076,1909f56bfc062723c751e8b465ee728b)
Start importing Assets/Assets/Ceiling_Security_Camera/Security_Ceiling_Camera_DefaultMaterial_AmbientOcclusion.png using Guid(cdd0c9aedf345244da8697a393706b58) Importer(815301076,1909f56bfc062723c751e8b465ee728b)  -> (artifact id: '394a514c14998938240d2f4ccf7f9fc7') in 0.016550 seconds
Number of updated asset objects reloaded before import = 0
Number of asset objects unloaded after import = 2
========================================================================
Received Import Request.
  Time since last request: 0.000023 seconds.
  path: Assets/Assets/Ceiling_Security_Camera/Security_Ceiling_Camera_DefaultMaterial_Normal.png
  artifactKey: Guid(51a79ca85fb510e4bbe44aaee6500311) Importer(815301076,1909f56bfc062723c751e8b465ee728b)
Start importing Assets/Assets/Ceiling_Security_Camera/Security_Ceiling_Camera_DefaultMaterial_Normal.png using Guid(51a79ca85fb510e4bbe44aaee6500311) Importer(815301076,1909f56bfc062723c751e8b465ee728b)  -> (artifact id: 'f0da29faba08fee47f1722c4a9d39463') in 0.015948 seconds
Number of updated asset objects reloaded before import = 0
Number of asset objects unloaded after import = 2
========================================================================
Received Prepare
Begin MonoManager ReloadAssembly
- Loaded All Assemblies, in  0.577 seconds
Refreshing native plugins compatible for Editor in 3.57 ms, found 3 plugins.
Native extension for WindowsStandalone target not found
Native extension for Android target not found
Native extension for WebGL target not found
Mono: successfully reloaded assembly
- Finished resetting the current domain, in  1.376 seconds
Domain Reload Profiling: 1946ms
	BeginReloadAssembly (227ms)
		ExecutionOrderSort (0ms)
		DisableScriptedObjects (15ms)
		BackupInstance (0ms)
		ReleaseScriptingObjects (0ms)
		CreateAndSetChildDomain (86ms)
	RebuildCommonClasses (31ms)
	RebuildNativeTypeToScriptingClass (10ms)
	initialDomainReloadingComplete (34ms)
	LoadAllAssembliesAndSetupDomain (267ms)
		LoadAssemblies (337ms)
		RebuildTransferFunctionScriptingTraits (0ms)
		AnalyzeDomain (23ms)
			TypeCache.Refresh (6ms)
				TypeCache.ScanAssembly (0ms)
			ScanForSourceGeneratedMonoScriptInfo (0ms)
			ResolveRequiredComponents (15ms)
	FinalizeReload (1376ms)
		ReleaseScriptCaches (0ms)
		RebuildScriptCaches (0ms)
		SetupLoadedEditorAssemblies (520ms)
			LogAssemblyErrors (0ms)
			InitializePlatformSupportModulesInManaged (33ms)
			SetLoadedEditorAssemblies (4ms)
			RefreshPlugins (0ms)
			BeforeProcessingInitializeOnLoad (86ms)
			ProcessInitializeOnLoadAttributes (333ms)
			ProcessInitializeOnLoadMethodAttributes (56ms)
			AfterProcessingInitializeOnLoad (9ms)
			EditorAssembliesLoaded (0ms)
		ExecutionOrderSort2 (0ms)
		AwakeInstancesAfterBackupRestoration (20ms)
Refreshing native plugins compatible for Editor in 3.49 ms, found 3 plugins.
Preloading 0 native plugins for Editor in 0.00 ms.
Unloading 6184 Unused Serialized files (Serialized files now loaded: 0)
Unloading 62 unused Assets / (2.9 MB). Loaded Objects now: 7457.
Memory consumption went from 252.7 MB to 249.8 MB.
Total: 3.913200 ms (FindLiveObjects: 0.459800 ms CreateObjectMapping: 0.166300 ms MarkObjects: 2.652200 ms  DeleteObjects: 0.633900 ms)

Prepare: number of updated asset objects reloaded= 0
AssetImportParameters requested are different than current active one (requested -> active):
  custom:container-demuxer-ogg: 62fdf1f143b41e24485cea50d1cbac27 -> 
  custom:framework-win-MediaFoundation: 216162199b28c13a410421893ffa2e32 -> 
  custom:container-muxer-webm: aa71ff27fc2769a1b78a27578f13a17b -> 
  custom:video-decoder-webm-vp8: 9c59270c3fd7afecdb556c50c9e8de78 -> 
  custom:SearchIndexIgnoredProperties: e643bd26f0fe6173181afceb89e7c659 -> 
  custom:AudioImporter_EditorPlatform: d09bf68614088b80899f8185d706f6e7 -> 
  custom:audio-decoder-ogg-vorbis: bf7c407c2cedff20999df2af8eb42d56 -> 
  custom:audio-encoder-webm-vorbis: bf7c407c2cedff20999df2af8eb42d56 -> 
  custom:video-codec-MediaFoundation-h265: 746d11721c4dcdbdad8f713fa42b33f4 -> 
  custom:video-decoder-ogg-theora: a1e56fd34408186e4bbccfd4996cb3dc -> 
  custom:CustomObjectIndexerAttribute: 3ead1caaecf1c488f20bcfeb224b6af5 -> 
  custom:container-demuxer-webm: 4f35f7cbe854078d1ac9338744f61a02 -> 
  custom:video-encoder-webm-vp8: eb34c28f22e8b96e1ab97ce403110664 -> 
========================================================================
Received Prepare
Begin MonoManager ReloadAssembly
- Loaded All Assemblies, in  0.437 seconds
Refreshing native plugins compatible for Editor in 2.66 ms, found 3 plugins.
Native extension for WindowsStandalone target not found
Native extension for Android target not found
Native extension for WebGL target not found
Mono: successfully reloaded assembly
- Finished resetting the current domain, in  1.366 seconds
Domain Reload Profiling: 1801ms
	BeginReloadAssembly (148ms)
		ExecutionOrderSort (0ms)
		DisableScriptedObjects (4ms)
		BackupInstance (0ms)
		ReleaseScriptingObjects (0ms)
		CreateAndSetChildDomain (40ms)
	RebuildCommonClasses (32ms)
	RebuildNativeTypeToScriptingClass (10ms)
	initialDomainReloadingComplete (27ms)
	LoadAllAssembliesAndSetupDomain (217ms)
		LoadAssemblies (274ms)
		RebuildTransferFunctionScriptingTraits (0ms)
		AnalyzeDomain (18ms)
			TypeCache.Refresh (4ms)
				TypeCache.ScanAssembly (0ms)
			ScanForSourceGeneratedMonoScriptInfo (0ms)
			ResolveRequiredComponents (12ms)
	FinalizeReload (1367ms)
		ReleaseScriptCaches (0ms)
		RebuildScriptCaches (0ms)
		SetupLoadedEditorAssemblies (571ms)
			LogAssemblyErrors (0ms)
			InitializePlatformSupportModulesInManaged (31ms)
			SetLoadedEditorAssemblies (7ms)
			RefreshPlugins (0ms)
			BeforeProcessingInitializeOnLoad (94ms)
			ProcessInitializeOnLoadAttributes (362ms)
			ProcessInitializeOnLoadMethodAttributes (65ms)
			AfterProcessingInitializeOnLoad (12ms)
			EditorAssembliesLoaded (0ms)
		ExecutionOrderSort2 (0ms)
		AwakeInstancesAfterBackupRestoration (26ms)
Refreshing native plugins compatible for Editor in 4.12 ms, found 3 plugins.
Preloading 0 native plugins for Editor in 0.00 ms.
Unloading 6183 Unused Serialized files (Serialized files now loaded: 0)
Unloading 58 unused Assets / (2.9 MB). Loaded Objects now: 7477.
Memory consumption went from 254.1 MB to 251.2 MB.
Total: 4.772700 ms (FindLiveObjects: 0.684300 ms CreateObjectMapping: 0.262900 ms MarkObjects: 2.878400 ms  DeleteObjects: 0.945800 ms)

Prepare: number of updated asset objects reloaded= 0
AssetImportParameters requested are different than current active one (requested -> active):
  custom:container-demuxer-ogg: 62fdf1f143b41e24485cea50d1cbac27 -> 
  custom:framework-win-MediaFoundation: 216162199b28c13a410421893ffa2e32 -> 
  custom:container-muxer-webm: aa71ff27fc2769a1b78a27578f13a17b -> 
  custom:video-decoder-webm-vp8: 9c59270c3fd7afecdb556c50c9e8de78 -> 
  custom:SearchIndexIgnoredProperties: e643bd26f0fe6173181afceb89e7c659 -> 
  custom:AudioImporter_EditorPlatform: d09bf68614088b80899f8185d706f6e7 -> 
  custom:audio-decoder-ogg-vorbis: bf7c407c2cedff20999df2af8eb42d56 -> 
  custom:audio-encoder-webm-vorbis: bf7c407c2cedff20999df2af8eb42d56 -> 
  custom:video-codec-MediaFoundation-h265: 746d11721c4dcdbdad8f713fa42b33f4 -> 
  custom:video-decoder-ogg-theora: a1e56fd34408186e4bbccfd4996cb3dc -> 
  custom:CustomObjectIndexerAttribute: 3ead1caaecf1c488f20bcfeb224b6af5 -> 
  custom:container-demuxer-webm: 4f35f7cbe854078d1ac9338744f61a02 -> 
  custom:video-encoder-webm-vp8: eb34c28f22e8b96e1ab97ce403110664 -> 
========================================================================
Received Import Request.
  Time since last request: 342.843864 seconds.
  path: Assets/Assets/Wall_Security_Camera 1/Security_Wall_Camera_Material.029_AmbientOcclusion.png
  artifactKey: Guid(db7dbea4b4c5b6b4bb7125c94ef65c42) Importer(815301076,1909f56bfc062723c751e8b465ee728b)
Start importing Assets/Assets/Wall_Security_Camera 1/Security_Wall_Camera_Material.029_AmbientOcclusion.png using Guid(db7dbea4b4c5b6b4bb7125c94ef65c42) Importer(815301076,1909f56bfc062723c751e8b465ee728b)  -> (artifact id: 'a492e78489f0883d3e39d902fdc1ccaa') in 0.065827 seconds
Number of updated asset objects reloaded before import = 0
Number of asset objects unloaded after import = 2
========================================================================
Received Import Request.
  Time since last request: 0.000020 seconds.
  path: Assets/Assets/Wall_Security_Camera 1/Security_Wall_Camera_Material.029_MetallicSmoothness.png
  artifactKey: Guid(d9afd2e131b37954aa35854dc2a58aa4) Importer(815301076,1909f56bfc062723c751e8b465ee728b)
Start importing Assets/Assets/Wall_Security_Camera 1/Security_Wall_Camera_Material.029_MetallicSmoothness.png using Guid(d9afd2e131b37954aa35854dc2a58aa4) Importer(815301076,1909f56bfc062723c751e8b465ee728b)  -> (artifact id: 'cad1e16086c332b6482a460f1c82a36d') in 0.035816 seconds
Number of updated asset objects reloaded before import = 0
Number of asset objects unloaded after import = 2
========================================================================
Received Import Request.
  Time since last request: 0.000031 seconds.
  path: Assets/Assets/Wall_Security_Camera 1/Security_Wall_Camera_Material.031_AmbientOcclusion.png
  artifactKey: Guid(c8295028c12466a4f8892d79cae78243) Importer(815301076,1909f56bfc062723c751e8b465ee728b)
Start importing Assets/Assets/Wall_Security_Camera 1/Security_Wall_Camera_Material.031_AmbientOcclusion.png using Guid(c8295028c12466a4f8892d79cae78243) Importer(815301076,1909f56bfc062723c751e8b465ee728b)  -> (artifact id: 'ba09437b3f16d10ec061e61d69b60552') in 0.019204 seconds
Number of updated asset objects reloaded before import = 0
Number of asset objects unloaded after import = 2
========================================================================
Received Import Request.
  Time since last request: 0.000019 seconds.
  path: Assets/Assets/Wall_Security_Camera 1/Security_Wall_Camera_Material.031_Normal.png
  artifactKey: Guid(567aafe9cbb25814486e949a9c1f76e5) Importer(815301076,1909f56bfc062723c751e8b465ee728b)
Start importing Assets/Assets/Wall_Security_Camera 1/Security_Wall_Camera_Material.031_Normal.png using Guid(567aafe9cbb25814486e949a9c1f76e5) Importer(815301076,1909f56bfc062723c751e8b465ee728b)  -> (artifact id: 'e81e40fdfb2feb27a4ef7a6c913a5346') in 0.065498 seconds
Number of updated asset objects reloaded before import = 0
Number of asset objects unloaded after import = 2
========================================================================
Received Import Request.
  Time since last request: 0.000016 seconds.
  path: Assets/Assets/Wall_Security_Camera 1/Security_Wall_Camera_Material.030_Emission.png
  artifactKey: Guid(8ec0b786b53d77942a89a7cadedf8ff4) Importer(815301076,1909f56bfc062723c751e8b465ee728b)
Start importing Assets/Assets/Wall_Security_Camera 1/Security_Wall_Camera_Material.030_Emission.png using Guid(8ec0b786b53d77942a89a7cadedf8ff4) Importer(815301076,1909f56bfc062723c751e8b465ee728b)  -> (artifact id: '17fb2623258dfb431373e01993bc33fa') in 0.011399 seconds
Number of updated asset objects reloaded before import = 0
Number of asset objects unloaded after import = 2
========================================================================
Received Import Request.
  Time since last request: 0.000023 seconds.
  path: Assets/Assets/Wall_Security_Camera 1/Security_Wall_Camera_Material.031_Emission.png
  artifactKey: Guid(581bcf462b6421b47bebf4587f01aded) Importer(815301076,1909f56bfc062723c751e8b465ee728b)
Start importing Assets/Assets/Wall_Security_Camera 1/Security_Wall_Camera_Material.031_Emission.png using Guid(581bcf462b6421b47bebf4587f01aded) Importer(815301076,1909f56bfc062723c751e8b465ee728b)  -> (artifact id: 'df07a984a7756a7d884ea083cee668cc') in 0.022672 seconds
Number of updated asset objects reloaded before import = 0
Number of asset objects unloaded after import = 2
========================================================================
Received Import Request.
  Time since last request: 0.000021 seconds.
  path: Assets/Assets/Wall_Security_Camera 1/Security_Wall_Camera_Material.030_MetallicSmoothness.png
  artifactKey: Guid(508b3bfab656df24dbbaf7438d3aa183) Importer(815301076,1909f56bfc062723c751e8b465ee728b)
Start importing Assets/Assets/Wall_Security_Camera 1/Security_Wall_Camera_Material.030_MetallicSmoothness.png using Guid(508b3bfab656df24dbbaf7438d3aa183) Importer(815301076,1909f56bfc062723c751e8b465ee728b)  -> (artifact id: '8058f46ac3c125e42a7f36ad11900bf5') in 0.017311 seconds
Number of updated asset objects reloaded before import = 0
Number of asset objects unloaded after import = 2
========================================================================
Received Import Request.
  Time since last request: 0.488484 seconds.
  path: Assets/Prefabs/Gwangju_3D asset/Common_Assets/Bg_Preset/SkyColor.png
  artifactKey: Guid(5278d7860f6cb6744a17aba626e6ddfe) Importer(815301076,1909f56bfc062723c751e8b465ee728b)
Start importing Assets/Prefabs/Gwangju_3D asset/Common_Assets/Bg_Preset/SkyColor.png using Guid(5278d7860f6cb6744a17aba626e6ddfe) Importer(815301076,1909f56bfc062723c751e8b465ee728b)  -> (artifact id: '3624cb248a2719551c4efb172491689f') in 0.256555 seconds
Number of updated asset objects reloaded before import = 0
Number of asset objects unloaded after import = 20
========================================================================
Received Import Request.
  Time since last request: 0.215051 seconds.
  path: Assets/Assets/Storage_Locker_2/Storage_Lockers_2_Material.036_Normal.png
  artifactKey: Guid(c19f037a6c751da47a17cb8d8b07a3e1) Importer(815301076,1909f56bfc062723c751e8b465ee728b)
Start importing Assets/Assets/Storage_Locker_2/Storage_Lockers_2_Material.036_Normal.png using Guid(c19f037a6c751da47a17cb8d8b07a3e1) Importer(815301076,1909f56bfc062723c751e8b465ee728b)  -> (artifact id: 'ae7c7d46b4b9daa319b35d41e8b2e432') in 0.016704 seconds
Number of updated asset objects reloaded before import = 0
Number of asset objects unloaded after import = 2
========================================================================
Received Import Request.
  Time since last request: 0.000032 seconds.
  path: Assets/Assets/Storage_Locker_3/Storage_Lockers_3_Material.037_MetallicSmoothness.png
  artifactKey: Guid(bb9328381afc07742b17c71757c54cdf) Importer(815301076,1909f56bfc062723c751e8b465ee728b)
Start importing Assets/Assets/Storage_Locker_3/Storage_Lockers_3_Material.037_MetallicSmoothness.png using Guid(bb9328381afc07742b17c71757c54cdf) Importer(815301076,1909f56bfc062723c751e8b465ee728b)  -> (artifact id: 'e17c10cc58fc7068b1d0b8fba2647fdc') in 0.010400 seconds
Number of updated asset objects reloaded before import = 0
Number of asset objects unloaded after import = 2
========================================================================
Received Import Request.
  Time since last request: 0.000021 seconds.
  path: Assets/Assets/Storage_Locker_3/Storage_Lockers_3_Material.039_AlbedoTransparency.png
  artifactKey: Guid(15d46da46b549854a99bccec52db23e1) Importer(815301076,1909f56bfc062723c751e8b465ee728b)
Start importing Assets/Assets/Storage_Locker_3/Storage_Lockers_3_Material.039_AlbedoTransparency.png using Guid(15d46da46b549854a99bccec52db23e1) Importer(815301076,1909f56bfc062723c751e8b465ee728b)  -> (artifact id: '026f4257b68dc9ba081c719ad79992f7') in 0.017508 seconds
Number of updated asset objects reloaded before import = 0
Number of asset objects unloaded after import = 2
========================================================================
Received Import Request.
  Time since last request: 0.000019 seconds.
  path: Assets/Assets/Storage_Locker_3/Storage_Lockers_3_Material.039_MetallicSmoothness.png
  artifactKey: Guid(a4170dfd445bfe449b864586b2a59040) Importer(815301076,1909f56bfc062723c751e8b465ee728b)
Start importing Assets/Assets/Storage_Locker_3/Storage_Lockers_3_Material.039_MetallicSmoothness.png using Guid(a4170dfd445bfe449b864586b2a59040) Importer(815301076,1909f56bfc062723c751e8b465ee728b)  -> (artifact id: '32c3be8c93a197ec636884a0ed6b5ad0') in 0.008343 seconds
Number of updated asset objects reloaded before import = 0
Number of asset objects unloaded after import = 2
========================================================================
Received Import Request.
  Time since last request: 0.000024 seconds.
  path: Assets/Assets/Storage_Locker_3/Storage_Lockers_3_Material.037_Normal.png
  artifactKey: Guid(74803a16fb676884e9ab0e3b3bf717c2) Importer(815301076,1909f56bfc062723c751e8b465ee728b)
Start importing Assets/Assets/Storage_Locker_3/Storage_Lockers_3_Material.037_Normal.png using Guid(74803a16fb676884e9ab0e3b3bf717c2) Importer(815301076,1909f56bfc062723c751e8b465ee728b)  -> (artifact id: 'a7fd78980687e49724ad4d86e403da33') in 0.008289 seconds
Number of updated asset objects reloaded before import = 0
Number of asset objects unloaded after import = 2
========================================================================
Received Import Request.
  Time since last request: 0.000021 seconds.
  path: Assets/Assets/Storage_Locker_3/Storage_Lockers_3_Material.039_Normal.png
  artifactKey: Guid(9fd72b06fb2b6c6448c7550ac250e508) Importer(815301076,1909f56bfc062723c751e8b465ee728b)
Start importing Assets/Assets/Storage_Locker_3/Storage_Lockers_3_Material.039_Normal.png using Guid(9fd72b06fb2b6c6448c7550ac250e508) Importer(815301076,1909f56bfc062723c751e8b465ee728b)  -> (artifact id: '3b9b811003be09bdb589fa2bb7682455') in 0.017571 seconds
Number of updated asset objects reloaded before import = 0
Number of asset objects unloaded after import = 2
========================================================================
Received Import Request.
  Time since last request: 0.252285 seconds.
  path: Assets/Prefabs/Sunfish_Model_Animation/Sunfish_DefaultMaterial_AlbedoTransparency.1001.png
  artifactKey: Guid(1b4c170855a7ce347a4144006251567d) Importer(815301076,1909f56bfc062723c751e8b465ee728b)
Start importing Assets/Prefabs/Sunfish_Model_Animation/Sunfish_DefaultMaterial_AlbedoTransparency.1001.png using Guid(1b4c170855a7ce347a4144006251567d) Importer(815301076,1909f56bfc062723c751e8b465ee728b)  -> (artifact id: '3809c32ca62239247c9869ff7bb79c22') in 0.021713 seconds
Number of updated asset objects reloaded before import = 0
Number of asset objects unloaded after import = 2
========================================================================
Received Import Request.
  Time since last request: 0.000023 seconds.
  path: Assets/Prefabs/Sunfish_Model_Animation/Sunfish_DefaultMaterial_Height.1001.png
  artifactKey: Guid(88185b3943513a544aae06c7db8f300e) Importer(815301076,1909f56bfc062723c751e8b465ee728b)
Start importing Assets/Prefabs/Sunfish_Model_Animation/Sunfish_DefaultMaterial_Height.1001.png using Guid(88185b3943513a544aae06c7db8f300e) Importer(815301076,1909f56bfc062723c751e8b465ee728b)  -> (artifact id: '8dbdaa9980cf14a73e893916fdd9be5b') in 0.018285 seconds
Number of updated asset objects reloaded before import = 0
Number of asset objects unloaded after import = 2
========================================================================
Received Import Request.
  Time since last request: 0.000020 seconds.
  path: Assets/Prefabs/Sunfish_Model_Animation/Sunfish_DefaultMaterial_Emissive.1001.png
  artifactKey: Guid(7eba3aefd29954f4297d0b30ae5faa90) Importer(815301076,1909f56bfc062723c751e8b465ee728b)
Start importing Assets/Prefabs/Sunfish_Model_Animation/Sunfish_DefaultMaterial_Emissive.1001.png using Guid(7eba3aefd29954f4297d0b30ae5faa90) Importer(815301076,1909f56bfc062723c751e8b465ee728b)  -> (artifact id: '7e92510c56211a32f8e2898dbc76cebc') in 0.007163 seconds
Number of updated asset objects reloaded before import = 0
Number of asset objects unloaded after import = 2
========================================================================
Received Import Request.
  Time since last request: 0.000023 seconds.
  path: Assets/Prefabs/Sunfish_Model_Animation/Sunfish_DefaultMaterial_Normal.1001.png
  artifactKey: Guid(b030937bb1da7eb4eb0f5785b8c73ded) Importer(815301076,1909f56bfc062723c751e8b465ee728b)
Start importing Assets/Prefabs/Sunfish_Model_Animation/Sunfish_DefaultMaterial_Normal.1001.png using Guid(b030937bb1da7eb4eb0f5785b8c73ded) Importer(815301076,1909f56bfc062723c751e8b465ee728b)  -> (artifact id: '52fcf52c5fcd65266633b7e682915679') in 0.015845 seconds
Number of updated asset objects reloaded before import = 0
Number of asset objects unloaded after import = 2
========================================================================
Received Import Request.
  Time since last request: 0.291718 seconds.
  path: Assets/Prefabs/Teacup BaseRide/Tea_Cups_NoTextures_DefaultMaterial_AlbedoTransparency.1001.png
  artifactKey: Guid(8a8c60c545cd3dc46afbfe5cda1d507d) Importer(815301076,1909f56bfc062723c751e8b465ee728b)
Start importing Assets/Prefabs/Teacup BaseRide/Tea_Cups_NoTextures_DefaultMaterial_AlbedoTransparency.1001.png using Guid(8a8c60c545cd3dc46afbfe5cda1d507d) Importer(815301076,1909f56bfc062723c751e8b465ee728b)  -> (artifact id: '45bae175c4403b96953da249c47a1db0') in 0.016310 seconds
Number of updated asset objects reloaded before import = 0
Number of asset objects unloaded after import = 2
========================================================================
Received Import Request.
  Time since last request: 0.000018 seconds.
  path: Assets/Prefabs/Teacup BaseRide/Tea_Cups_NoTextures_DefaultMaterial_SpecularSmoothness.1001.png
  artifactKey: Guid(d91800ec5968ef74987ae67576361386) Importer(815301076,1909f56bfc062723c751e8b465ee728b)
Start importing Assets/Prefabs/Teacup BaseRide/Tea_Cups_NoTextures_DefaultMaterial_SpecularSmoothness.1001.png using Guid(d91800ec5968ef74987ae67576361386) Importer(815301076,1909f56bfc062723c751e8b465ee728b)  -> (artifact id: '9ff182c230fc549dc8d6a511b1906587') in 0.018755 seconds
Number of updated asset objects reloaded before import = 0
Number of asset objects unloaded after import = 2
========================================================================
Received Import Request.
  Time since last request: 0.000018 seconds.
  path: Assets/Prefabs/Teacup BaseRide/Tea_Ride_Base_NoTextures_DefaultMaterial_SpecularSmoothness.1001.png
  artifactKey: Guid(5ecf2d17fee50e64dbd38acf2f630c9e) Importer(815301076,1909f56bfc062723c751e8b465ee728b)
Start importing Assets/Prefabs/Teacup BaseRide/Tea_Ride_Base_NoTextures_DefaultMaterial_SpecularSmoothness.1001.png using Guid(5ecf2d17fee50e64dbd38acf2f630c9e) Importer(815301076,1909f56bfc062723c751e8b465ee728b)  -> (artifact id: 'c9ece9881882c5f47924d51e58d28eb4') in 0.018128 seconds
Number of updated asset objects reloaded before import = 0
Number of asset objects unloaded after import = 2
========================================================================
Received Import Request.
  Time since last request: 0.000024 seconds.
  path: Assets/Prefabs/Teacup BaseRide/Tea_Cups_NoTextures_DefaultMaterial_SpecularSmoothness.1001 1.png
  artifactKey: Guid(3c4530c5fa791604bae4786391451e1d) Importer(815301076,1909f56bfc062723c751e8b465ee728b)
Start importing Assets/Prefabs/Teacup BaseRide/Tea_Cups_NoTextures_DefaultMaterial_SpecularSmoothness.1001 1.png using Guid(3c4530c5fa791604bae4786391451e1d) Importer(815301076,1909f56bfc062723c751e8b465ee728b)  -> (artifact id: '550a8438f3559e201bbaa1ac499d187c') in 0.018081 seconds
Number of updated asset objects reloaded before import = 0
Number of asset objects unloaded after import = 2
========================================================================
Received Import Request.
  Time since last request: 0.000019 seconds.
  path: Assets/Prefabs/Tentacle/Tentacle_Animation_Tentacle_AmbientOcclusion.png
  artifactKey: Guid(d805c86b4a130fa4f95778403a89b59b) Importer(815301076,1909f56bfc062723c751e8b465ee728b)
Start importing Assets/Prefabs/Tentacle/Tentacle_Animation_Tentacle_AmbientOcclusion.png using Guid(d805c86b4a130fa4f95778403a89b59b) Importer(815301076,1909f56bfc062723c751e8b465ee728b)  -> (artifact id: 'bf201ff8dd16abe614451b80a25458a6') in 0.018800 seconds
Number of updated asset objects reloaded before import = 0
Number of asset objects unloaded after import = 2
========================================================================
Received Import Request.
  Time since last request: 0.000034 seconds.
  path: Assets/Prefabs/Tentacle/Tentacle_Animation_Tentacle_AlbedoTransparency.png
  artifactKey: Guid(b430c110e6b4ad14ca5d219cfdb6c217) Importer(815301076,1909f56bfc062723c751e8b465ee728b)
Start importing Assets/Prefabs/Tentacle/Tentacle_Animation_Tentacle_AlbedoTransparency.png using Guid(b430c110e6b4ad14ca5d219cfdb6c217) Importer(815301076,1909f56bfc062723c751e8b465ee728b)  -> (artifact id: 'ee564c3a64317dececfb66ff701bf019') in 0.017855 seconds
Number of updated asset objects reloaded before import = 0
Number of asset objects unloaded after import = 2
========================================================================
Received Import Request.
  Time since last request: 0.000021 seconds.
  path: Assets/Prefabs/Teacup BaseRide/Tea_Ride_Base_NoTextures_DefaultMaterial_AlbedoTransparency.1001.png
  artifactKey: Guid(924b97f4f53ca754da61b5508d06b1b4) Importer(815301076,1909f56bfc062723c751e8b465ee728b)
Start importing Assets/Prefabs/Teacup BaseRide/Tea_Ride_Base_NoTextures_DefaultMaterial_AlbedoTransparency.1001.png using Guid(924b97f4f53ca754da61b5508d06b1b4) Importer(815301076,1909f56bfc062723c751e8b465ee728b)  -> (artifact id: '705dcea15c8037e2083a9e6ac593819a') in 0.019168 seconds
Number of updated asset objects reloaded before import = 0
Number of asset objects unloaded after import = 2
========================================================================
Received Import Request.
  Time since last request: 0.000017 seconds.
  path: Assets/Prefabs/Teacup BaseRide/Tea_Cups_NoTextures_DefaultMaterial_Emission.1001.png
  artifactKey: Guid(8ddefc3a8c842874bbeaebda49d39ba9) Importer(815301076,1909f56bfc062723c751e8b465ee728b)
Start importing Assets/Prefabs/Teacup BaseRide/Tea_Cups_NoTextures_DefaultMaterial_Emission.1001.png using Guid(8ddefc3a8c842874bbeaebda49d39ba9) Importer(815301076,1909f56bfc062723c751e8b465ee728b)  -> (artifact id: '023c7490e19e13e0adddf3bb3a086d5c') in 0.011539 seconds
Number of updated asset objects reloaded before import = 0
Number of asset objects unloaded after import = 2
========================================================================
Received Import Request.
  Time since last request: 0.867160 seconds.
  path: Packages/www.nulltale.vhsfx/Runtime/Vhs/Vhs/Tape/Vhs000.png
  artifactKey: Guid(6cc3565298463314b9a2b63156556e63) Importer(815301076,1909f56bfc062723c751e8b465ee728b)
Start importing Packages/www.nulltale.vhsfx/Runtime/Vhs/Vhs/Tape/Vhs000.png using Guid(6cc3565298463314b9a2b63156556e63) Importer(815301076,1909f56bfc062723c751e8b465ee728b)  -> (artifact id: '1f227c9b46051acfc12a126ed25fbbcf') in 0.014122 seconds
Number of updated asset objects reloaded before import = 0
Number of asset objects unloaded after import = 1
========================================================================
Received Import Request.
  Time since last request: 0.000019 seconds.
  path: Packages/www.nulltale.vhsfx/Runtime/Vhs/Vhs/Tape/Vhs009.png
  artifactKey: Guid(516f2029b3e0fde468282218dcfa4806) Importer(815301076,1909f56bfc062723c751e8b465ee728b)
Start importing Packages/www.nulltale.vhsfx/Runtime/Vhs/Vhs/Tape/Vhs009.png using Guid(516f2029b3e0fde468282218dcfa4806) Importer(815301076,1909f56bfc062723c751e8b465ee728b)  -> (artifact id: '4ecf544a9152581acb10b1787ae0d6de') in 0.012930 seconds
Number of updated asset objects reloaded before import = 0
Number of asset objects unloaded after import = 1
========================================================================
Received Import Request.
  Time since last request: 0.000025 seconds.
  path: Packages/www.nulltale.vhsfx/Runtime/Vhs/Vhs/Tape/Vhs007.png
  artifactKey: Guid(d6177f652ef0c664a848fb1b9df6dcc4) Importer(815301076,1909f56bfc062723c751e8b465ee728b)
Start importing Packages/www.nulltale.vhsfx/Runtime/Vhs/Vhs/Tape/Vhs007.png using Guid(d6177f652ef0c664a848fb1b9df6dcc4) Importer(815301076,1909f56bfc062723c751e8b465ee728b)  -> (artifact id: '0ee7d30f779bf13365c0eee345ca2508') in 0.014390 seconds
Number of updated asset objects reloaded before import = 0
Number of asset objects unloaded after import = 1
========================================================================
Received Import Request.
  Time since last request: 0.000027 seconds.
  path: Packages/www.nulltale.vhsfx/Runtime/Vhs/Vhs/Tape/Vhs003.png
  artifactKey: Guid(1ea5278713f70144d8db81c53601f409) Importer(815301076,1909f56bfc062723c751e8b465ee728b)
Start importing Packages/www.nulltale.vhsfx/Runtime/Vhs/Vhs/Tape/Vhs003.png using Guid(1ea5278713f70144d8db81c53601f409) Importer(815301076,1909f56bfc062723c751e8b465ee728b)  -> (artifact id: '4360c3f993af4188003d7601e932f7ad') in 0.020659 seconds
Number of updated asset objects reloaded before import = 0
Number of asset objects unloaded after import = 1
========================================================================
Received Import Request.
  Time since last request: 0.000049 seconds.
  path: Packages/www.nulltale.vhsfx/Runtime/Vhs/Vhs/Tape/Vhs002.png
  artifactKey: Guid(863f5377154339341946f213ad817a2c) Importer(815301076,1909f56bfc062723c751e8b465ee728b)
Start importing Packages/www.nulltale.vhsfx/Runtime/Vhs/Vhs/Tape/Vhs002.png using Guid(863f5377154339341946f213ad817a2c) Importer(815301076,1909f56bfc062723c751e8b465ee728b)  -> (artifact id: 'ac7fd7b408d8bf8b7a69ff938b62833c') in 0.014854 seconds
Number of updated asset objects reloaded before import = 0
Number of asset objects unloaded after import = 1
========================================================================
Received Import Request.
  Time since last request: 0.000024 seconds.
  path: Packages/www.nulltale.vhsfx/Runtime/Vhs/Vhs/Tape/Vhs012.png
  artifactKey: Guid(937ceed187250cf48ba5447723ad2efd) Importer(815301076,1909f56bfc062723c751e8b465ee728b)
Start importing Packages/www.nulltale.vhsfx/Runtime/Vhs/Vhs/Tape/Vhs012.png using Guid(937ceed187250cf48ba5447723ad2efd) Importer(815301076,1909f56bfc062723c751e8b465ee728b)  -> (artifact id: 'dab1b7a8652f2447d325e31ede146f85') in 0.013673 seconds
Number of updated asset objects reloaded before import = 0
Number of asset objects unloaded after import = 1
