Using pre-set license
Built from '2022.3/staging' branch; Version is '2022.3.22f1 (887be4894c44) revision 8944612'; Using compiler version '192829333'; Build Type 'Release'
OS: 'Windows 11  (10.0.26100) 64bit Professional' Language: 'en' Physical Memory: 28565 MB
BatchMode: 1, IsHumanControllingUs: 0, StartBugReporterOnCrash: 0, Is64bit: 1, IsPro: 1

COMMAND LINE ARGUMENTS:
C:\Program Files\Unity\Hub\Editor\2022.3.22f1\Editor\Unity.exe
-adb2
-batchMode
-noUpm
-name
AssetImportWorker9
-projectPath
D:/Unity/MonitorLeg8
-logFile
Logs/AssetImportWorker9.log
-srvPort
57357
Successfully changed project path to: D:/Unity/MonitorLeg8
D:/Unity/MonitorLeg8
[UnityMemory] Configuration Parameters - Can be set up in boot.config
    "memorysetup-bucket-allocator-granularity=16"
    "memorysetup-bucket-allocator-bucket-count=8"
    "memorysetup-bucket-allocator-block-size=33554432"
    "memorysetup-bucket-allocator-block-count=8"
    "memorysetup-main-allocator-block-size=16777216"
    "memorysetup-thread-allocator-block-size=16777216"
    "memorysetup-gfx-main-allocator-block-size=16777216"
    "memorysetup-gfx-thread-allocator-block-size=16777216"
    "memorysetup-cache-allocator-block-size=4194304"
    "memorysetup-typetree-allocator-block-size=2097152"
    "memorysetup-profiler-bucket-allocator-granularity=16"
    "memorysetup-profiler-bucket-allocator-bucket-count=8"
    "memorysetup-profiler-bucket-allocator-block-size=33554432"
    "memorysetup-profiler-bucket-allocator-block-count=8"
    "memorysetup-profiler-allocator-block-size=16777216"
    "memorysetup-profiler-editor-allocator-block-size=1048576"
    "memorysetup-temp-allocator-size-main=16777216"
    "memorysetup-job-temp-allocator-block-size=2097152"
    "memorysetup-job-temp-allocator-block-size-background=1048576"
    "memorysetup-job-temp-allocator-reduction-small-platforms=262144"
    "memorysetup-allocator-temp-initial-block-size-main=262144"
    "memorysetup-allocator-temp-initial-block-size-worker=262144"
    "memorysetup-temp-allocator-size-background-worker=32768"
    "memorysetup-temp-allocator-size-job-worker=262144"
    "memorysetup-temp-allocator-size-preload-manager=33554432"
    "memorysetup-temp-allocator-size-nav-mesh-worker=65536"
    "memorysetup-temp-allocator-size-audio-worker=65536"
    "memorysetup-temp-allocator-size-cloud-worker=32768"
    "memorysetup-temp-allocator-size-gi-baking-worker=262144"
    "memorysetup-temp-allocator-size-gfx=262144"
Player connection [59300] Host "[IP] 192.168.254.120 [Port] 0 [Flags] 2 [Guid] 791644270 [EditorId] 791644270 [Version] 1048832 [Id] WindowsEditor(7,DESKTOP-GSFHFT3) [Debug] 1 [PackageName] WindowsEditor [ProjectName] Editor" joined multi-casting on [225.0.0.222:54997]...

Player connection [59300] Host "[IP] 192.168.254.120 [Port] 0 [Flags] 2 [Guid] 791644270 [EditorId] 791644270 [Version] 1048832 [Id] WindowsEditor(7,DESKTOP-GSFHFT3) [Debug] 1 [PackageName] WindowsEditor [ProjectName] Editor" joined alternative multi-casting on [225.0.0.222:34997]...

[Physics::Module] Initialized MultithreadedJobDispatcher with 11 workers.
Refreshing native plugins compatible for Editor in 200.12 ms, found 3 plugins.
Preloading 0 native plugins for Editor in 0.00 ms.
Initialize engine version: 2022.3.22f1 (887be4894c44)
[Subsystems] Discovering subsystems at path C:/Program Files/Unity/Hub/Editor/2022.3.22f1/Editor/Data/Resources/UnitySubsystems
[Subsystems] Discovering subsystems at path D:/Unity/MonitorLeg8/Assets
GfxDevice: creating device client; threaded=0; jobified=0
Direct3D:
    Version:  Direct3D 11.0 [level 11.1]
    Renderer: NVIDIA GeForce RTX 4060 (ID=0x2882)
    Vendor:   NVIDIA
    VRAM:     7957 MB
    Driver:   32.0.15.6094
Initialize mono
Mono path[0] = 'C:/Program Files/Unity/Hub/Editor/2022.3.22f1/Editor/Data/Managed'
Mono path[1] = 'C:/Program Files/Unity/Hub/Editor/2022.3.22f1/Editor/Data/MonoBleedingEdge/lib/mono/unityjit-win32'
Mono config path = 'C:/Program Files/Unity/Hub/Editor/2022.3.22f1/Editor/Data/MonoBleedingEdge/etc'
Using monoOptions --debugger-agent=transport=dt_socket,embedding=1,server=y,suspend=n,address=127.0.0.1:56672
Begin MonoManager ReloadAssembly
Registering precompiled unity dll's ...
Register platform support module: C:/Program Files/Unity/Hub/Editor/2022.3.22f1/Editor/Data/PlaybackEngines/WebGLSupport/UnityEditor.WebGL.Extensions.dll
Register platform support module: C:/Program Files/Unity/Hub/Editor/2022.3.22f1/Editor/Data/PlaybackEngines/AndroidPlayer/UnityEditor.Android.Extensions.dll
Register platform support module: C:/Program Files/Unity/Hub/Editor/2022.3.22f1/Editor/Data/PlaybackEngines/WindowsStandaloneSupport/UnityEditor.WindowsStandalone.Extensions.dll
Registered in 0.014417 seconds.
- Loaded All Assemblies, in  1.006 seconds
Native extension for WindowsStandalone target not found
Native extension for Android target not found
Android Extension - Scanning For ADB Devices 421 ms
Native extension for WebGL target not found
Mono: successfully reloaded assembly
- Finished resetting the current domain, in  0.771 seconds
Domain Reload Profiling: 1775ms
	BeginReloadAssembly (108ms)
		ExecutionOrderSort (0ms)
		DisableScriptedObjects (0ms)
		BackupInstance (0ms)
		ReleaseScriptingObjects (0ms)
		CreateAndSetChildDomain (1ms)
	RebuildCommonClasses (203ms)
	RebuildNativeTypeToScriptingClass (9ms)
	initialDomainReloadingComplete (68ms)
	LoadAllAssembliesAndSetupDomain (615ms)
		LoadAssemblies (106ms)
		RebuildTransferFunctionScriptingTraits (0ms)
		AnalyzeDomain (613ms)
			TypeCache.Refresh (611ms)
				TypeCache.ScanAssembly (600ms)
			ScanForSourceGeneratedMonoScriptInfo (0ms)
			ResolveRequiredComponents (0ms)
	FinalizeReload (772ms)
		ReleaseScriptCaches (0ms)
		RebuildScriptCaches (0ms)
		SetupLoadedEditorAssemblies (721ms)
			LogAssemblyErrors (0ms)
			InitializePlatformSupportModulesInManaged (532ms)
			SetLoadedEditorAssemblies (4ms)
			RefreshPlugins (0ms)
			BeforeProcessingInitializeOnLoad (2ms)
			ProcessInitializeOnLoadAttributes (109ms)
			ProcessInitializeOnLoadMethodAttributes (74ms)
			AfterProcessingInitializeOnLoad (0ms)
			EditorAssembliesLoaded (0ms)
		ExecutionOrderSort2 (0ms)
		AwakeInstancesAfterBackupRestoration (0ms)
========================================================================
Worker process is ready to serve import requests
Begin MonoManager ReloadAssembly
- Loaded All Assemblies, in  0.680 seconds
Refreshing native plugins compatible for Editor in 3.05 ms, found 3 plugins.
Native extension for WindowsStandalone target not found
Native extension for Android target not found
Native extension for WebGL target not found
<color=white>• You are using a <b>Non-Commercial</b> version of <b>VhsFx</b> developed by <b>NullTale</b></color>.
When using this version, please remember to specify <b>Author Attribution</b> according to the <b>Licence</b> used.
------------- - - - -  -  -
A full use <b>Licence</b> can be acquired on <a href="https://assetstore.unity.com/packages/vfx/shaders/fullscreen-camera-effects/270015">Asset Store</a> or negotiated with the Author in cases of special licensing.
 
UnityEngine.StackTraceUtility:ExtractStackTrace ()
UnityEngine.DebugLogHandler:LogFormat (UnityEngine.LogType,UnityEngine.Object,string,object[])
UnityEngine.Logger:Log (UnityEngine.LogType,object)
UnityEngine.Debug:Log (object)
VolFx.Editor.PassDrawer:CopyrightInfo () (at ./Library/PackageCache/www.nulltale.vhsfx@341ca660dd/Editor/PassDrawer.cs:162)
System.Reflection.RuntimeMethodInfo:Invoke (object,System.Reflection.BindingFlags,System.Reflection.Binder,object[],System.Globalization.CultureInfo)
System.Reflection.MethodBase:Invoke (object,object[])
UnityEditor.EditorAssemblies:ProcessInitializeOnLoadMethodAttributes ()

(Filename: ./Library/PackageCache/www.nulltale.vhsfx@341ca660dd/Editor/PassDrawer.cs Line: 162)

Mono: successfully reloaded assembly
- Finished resetting the current domain, in  1.239 seconds
Domain Reload Profiling: 1917ms
	BeginReloadAssembly (137ms)
		ExecutionOrderSort (0ms)
		DisableScriptedObjects (5ms)
		BackupInstance (0ms)
		ReleaseScriptingObjects (0ms)
		CreateAndSetChildDomain (20ms)
	RebuildCommonClasses (27ms)
	RebuildNativeTypeToScriptingClass (9ms)
	initialDomainReloadingComplete (39ms)
	LoadAllAssembliesAndSetupDomain (467ms)
		LoadAssemblies (296ms)
		RebuildTransferFunctionScriptingTraits (0ms)
		AnalyzeDomain (252ms)
			TypeCache.Refresh (218ms)
				TypeCache.ScanAssembly (155ms)
			ScanForSourceGeneratedMonoScriptInfo (23ms)
			ResolveRequiredComponents (10ms)
	FinalizeReload (1240ms)
		ReleaseScriptCaches (0ms)
		RebuildScriptCaches (0ms)
		SetupLoadedEditorAssemblies (1037ms)
			LogAssemblyErrors (0ms)
			InitializePlatformSupportModulesInManaged (30ms)
			SetLoadedEditorAssemblies (5ms)
			RefreshPlugins (0ms)
			BeforeProcessingInitializeOnLoad (92ms)
			ProcessInitializeOnLoadAttributes (636ms)
			ProcessInitializeOnLoadMethodAttributes (264ms)
			AfterProcessingInitializeOnLoad (11ms)
			EditorAssembliesLoaded (0ms)
		ExecutionOrderSort2 (0ms)
		AwakeInstancesAfterBackupRestoration (7ms)
Launched and connected shader compiler UnityShaderCompiler.exe after 0.14 seconds
Refreshing native plugins compatible for Editor in 5.94 ms, found 3 plugins.
Preloading 0 native plugins for Editor in 0.00 ms.
Unloading 6616 Unused Serialized files (Serialized files now loaded: 0)
Unloading 101 unused Assets / (2.9 MB). Loaded Objects now: 7084.
Memory consumption went from 291.1 MB to 288.2 MB.
Total: 6.009800 ms (FindLiveObjects: 0.730000 ms CreateObjectMapping: 0.352200 ms MarkObjects: 4.030000 ms  DeleteObjects: 0.895800 ms)

AssetImportParameters requested are different than current active one (requested -> active):
  custom:container-demuxer-ogg: 62fdf1f143b41e24485cea50d1cbac27 -> 
  custom:framework-win-MediaFoundation: 216162199b28c13a410421893ffa2e32 -> 
  custom:container-muxer-webm: aa71ff27fc2769a1b78a27578f13a17b -> 
  custom:video-decoder-webm-vp8: 9c59270c3fd7afecdb556c50c9e8de78 -> 
  custom:SearchIndexIgnoredProperties: e643bd26f0fe6173181afceb89e7c659 -> 
  custom:AudioImporter_EditorPlatform: d09bf68614088b80899f8185d706f6e7 -> 
  custom:audio-decoder-ogg-vorbis: bf7c407c2cedff20999df2af8eb42d56 -> 
  custom:audio-encoder-webm-vorbis: bf7c407c2cedff20999df2af8eb42d56 -> 
  custom:video-codec-MediaFoundation-h265: 746d11721c4dcdbdad8f713fa42b33f4 -> 
  custom:video-decoder-ogg-theora: a1e56fd34408186e4bbccfd4996cb3dc -> 
  custom:CustomObjectIndexerAttribute: 3ead1caaecf1c488f20bcfeb224b6af5 -> 
  custom:container-demuxer-webm: 4f35f7cbe854078d1ac9338744f61a02 -> 
  custom:video-encoder-webm-vp8: eb34c28f22e8b96e1ab97ce403110664 -> 
========================================================================
Received Import Request.
  Time since last request: 24019.026067 seconds.
  path: Assets/Prefabs/Coral Golem/Coral_Golem_Texturin_Material.001_MetallicSmoothness.png
  artifactKey: Guid(04b453a3ffe9ce54fa38dfdfc992daaa) Importer(2089858483,0ecaa5967403d082aa24f35e1b516d23)
Start importing Assets/Prefabs/Coral Golem/Coral_Golem_Texturin_Material.001_MetallicSmoothness.png using Guid(04b453a3ffe9ce54fa38dfdfc992daaa) Importer(2089858483,0ecaa5967403d082aa24f35e1b516d23)  -> (artifact id: 'd91332099e01998873026570af1fd4f9') in 0.760266 seconds
Number of updated asset objects reloaded before import = 0
Number of asset objects unloaded after import = 1
========================================================================
Received Import Request.
  Time since last request: 0.006506 seconds.
  path: Assets/Prefabs/Lamp Post/Lamp_Post_Unwrapped_Lamp_Post_Emission.1001.png
  artifactKey: Guid(de7509efcc110bc4b89744192069581c) Importer(2089858483,0ecaa5967403d082aa24f35e1b516d23)
Start importing Assets/Prefabs/Lamp Post/Lamp_Post_Unwrapped_Lamp_Post_Emission.1001.png using Guid(de7509efcc110bc4b89744192069581c) Importer(2089858483,0ecaa5967403d082aa24f35e1b516d23)  -> (artifact id: 'c031e37c4e650ec028dbfa8034be906d') in 0.043439 seconds
Number of updated asset objects reloaded before import = 0
Number of asset objects unloaded after import = 1
========================================================================
Received Import Request.
  Time since last request: 0.000019 seconds.
  path: Assets/Prefabs/Lamp Post/Lamp_Post_Unwrapped.fbx
  artifactKey: Guid(a3bd87ed398107544a07a4b5aed9c5b2) Importer(2089858483,0ecaa5967403d082aa24f35e1b516d23)
Start importing Assets/Prefabs/Lamp Post/Lamp_Post_Unwrapped.fbx using Guid(a3bd87ed398107544a07a4b5aed9c5b2) Importer(2089858483,0ecaa5967403d082aa24f35e1b516d23)  -> (artifact id: '8b65c02036a9f15e4b9314abc7ca8766') in 0.088406 seconds
Number of updated asset objects reloaded before import = 0
Number of asset objects unloaded after import = 8
========================================================================
Received Import Request.
  Time since last request: 0.000021 seconds.
  path: Assets/Assets/Wall_Security_Camera 1/Security_Wall_Camera_Material.029_MetallicSmoothness.png
  artifactKey: Guid(d9afd2e131b37954aa35854dc2a58aa4) Importer(2089858483,0ecaa5967403d082aa24f35e1b516d23)
Start importing Assets/Assets/Wall_Security_Camera 1/Security_Wall_Camera_Material.029_MetallicSmoothness.png using Guid(d9afd2e131b37954aa35854dc2a58aa4) Importer(2089858483,0ecaa5967403d082aa24f35e1b516d23)  -> (artifact id: 'bceb2bb8132460fafd12858adf4f7a7c') in 0.025536 seconds
Number of updated asset objects reloaded before import = 0
Number of asset objects unloaded after import = 1
========================================================================
Received Import Request.
  Time since last request: 0.000030 seconds.
  path: Assets/Fish/Body/New Material.mat
  artifactKey: Guid(4c22612e0c4414e4fbe9d80d9de3d0a4) Importer(2089858483,0ecaa5967403d082aa24f35e1b516d23)
Start importing Assets/Fish/Body/New Material.mat using Guid(4c22612e0c4414e4fbe9d80d9de3d0a4) Importer(2089858483,0ecaa5967403d082aa24f35e1b516d23)  -> (artifact id: 'f37a8509a6a28cbb557046c505074334') in 0.024049 seconds
Number of updated asset objects reloaded before import = 0
Number of asset objects unloaded after import = 4
========================================================================
Received Import Request.
  Time since last request: 0.000032 seconds.
  path: Assets/Prefabs/Coral Golem/Coral_Golem_Texturin_Material.003_MetallicSmoothness.png
  artifactKey: Guid(fd1835658b06d5943b33997f21674dba) Importer(2089858483,0ecaa5967403d082aa24f35e1b516d23)
Start importing Assets/Prefabs/Coral Golem/Coral_Golem_Texturin_Material.003_MetallicSmoothness.png using Guid(fd1835658b06d5943b33997f21674dba) Importer(2089858483,0ecaa5967403d082aa24f35e1b516d23)  -> (artifact id: '75f0e3bbdd444da023e15c34bde8e384') in 0.022632 seconds
Number of updated asset objects reloaded before import = 0
Number of asset objects unloaded after import = 1
========================================================================
Received Import Request.
  Time since last request: 0.000028 seconds.
  path: Assets/Prefabs/ID/ID SCANNER.fbx
  artifactKey: Guid(2394d9e985658824693179ec01fb4c15) Importer(2089858483,0ecaa5967403d082aa24f35e1b516d23)
Start importing Assets/Prefabs/ID/ID SCANNER.fbx using Guid(2394d9e985658824693179ec01fb4c15) Importer(2089858483,0ecaa5967403d082aa24f35e1b516d23)  -> (artifact id: '4c2337a84ec34a4a617c175c9ea8fae6') in 0.070129 seconds
Number of updated asset objects reloaded before import = 0
Number of asset objects unloaded after import = 9
========================================================================
Received Import Request.
  Time since last request: 0.000019 seconds.
  path: Assets/Prefabs/Level_1_Assets_Prefab/Kitchen_Stove.prefab
  artifactKey: Guid(d840ae31cd61bfb46b2070b95d622ff2) Importer(2089858483,0ecaa5967403d082aa24f35e1b516d23)
Start importing Assets/Prefabs/Level_1_Assets_Prefab/Kitchen_Stove.prefab using Guid(d840ae31cd61bfb46b2070b95d622ff2) Importer(2089858483,0ecaa5967403d082aa24f35e1b516d23)  -> (artifact id: '483b685db003eadf97a53dfdf5719fe9') in 0.062842 seconds
Number of updated asset objects reloaded before import = 0
Number of asset objects unloaded after import = 13
========================================================================
Received Import Request.
  Time since last request: 0.000054 seconds.
  path: Assets/Prefabs/Level_1_Assets_Prefab/Oxygen_Tank.prefab
  artifactKey: Guid(8b2a7373ace620645b4f5b4ad6cae896) Importer(2089858483,0ecaa5967403d082aa24f35e1b516d23)
Start importing Assets/Prefabs/Level_1_Assets_Prefab/Oxygen_Tank.prefab using Guid(8b2a7373ace620645b4f5b4ad6cae896) Importer(2089858483,0ecaa5967403d082aa24f35e1b516d23)  -> (artifact id: '5f8e00ad1e7bf3608d77e23ee9ca0e44') in 0.016896 seconds
Number of updated asset objects reloaded before import = 0
Number of asset objects unloaded after import = 13
========================================================================
Received Import Request.
  Time since last request: 0.000018 seconds.
  path: Assets/Prefabs/Level_1_Assets_Prefab/ID_Scanner_Slim.prefab
  artifactKey: Guid(e21174a88de827f4aaec53172edcf47f) Importer(2089858483,0ecaa5967403d082aa24f35e1b516d23)
Start importing Assets/Prefabs/Level_1_Assets_Prefab/ID_Scanner_Slim.prefab using Guid(e21174a88de827f4aaec53172edcf47f) Importer(2089858483,0ecaa5967403d082aa24f35e1b516d23)  -> (artifact id: '2a9960440d1e6b403f049d83464f6db9') in 0.029046 seconds
Number of updated asset objects reloaded before import = 0
Number of asset objects unloaded after import = 30
========================================================================
Received Import Request.
  Time since last request: 0.000017 seconds.
  path: Assets/Prefabs/Level_1_Assets_Prefab/Cylinder_Tank.prefab
  artifactKey: Guid(a9a6b0490c17d9245aee7d6fcc74fef1) Importer(2089858483,0ecaa5967403d082aa24f35e1b516d23)
Start importing Assets/Prefabs/Level_1_Assets_Prefab/Cylinder_Tank.prefab using Guid(a9a6b0490c17d9245aee7d6fcc74fef1) Importer(2089858483,0ecaa5967403d082aa24f35e1b516d23)  -> (artifact id: '4cca459ba798715e734d46fc0316d429') in 0.020565 seconds
Number of updated asset objects reloaded before import = 0
Number of asset objects unloaded after import = 13
========================================================================
Received Import Request.
  Time since last request: 0.000022 seconds.
  path: Assets/Prefabs/Coral Golem/Coral_Golem_Texturin_Material.003_AlbedoTransparency.png
  artifactKey: Guid(ac90aba284c0cd147a9c1ee170b472cb) Importer(2089858483,0ecaa5967403d082aa24f35e1b516d23)
Start importing Assets/Prefabs/Coral Golem/Coral_Golem_Texturin_Material.003_AlbedoTransparency.png using Guid(ac90aba284c0cd147a9c1ee170b472cb) Importer(2089858483,0ecaa5967403d082aa24f35e1b516d23)  -> (artifact id: '6bd4dfa26d19ad321db8bd56cfbc47e2') in 0.027896 seconds
Number of updated asset objects reloaded before import = 0
Number of asset objects unloaded after import = 1
========================================================================
Received Import Request.
  Time since last request: 0.000048 seconds.
  path: Assets/Prefabs/Lamp Post/Lamp_Post_Unwrapped_Lamp_Post_AlbedoTransparency.1001.png
  artifactKey: Guid(3d771066f0a271e47ab7e62f284ba9a3) Importer(2089858483,0ecaa5967403d082aa24f35e1b516d23)
Start importing Assets/Prefabs/Lamp Post/Lamp_Post_Unwrapped_Lamp_Post_AlbedoTransparency.1001.png using Guid(3d771066f0a271e47ab7e62f284ba9a3) Importer(2089858483,0ecaa5967403d082aa24f35e1b516d23)  -> (artifact id: '0c42147ba333a817e4d4b3af088bf4ac') in 0.020979 seconds
Number of updated asset objects reloaded before import = 0
Number of asset objects unloaded after import = 1
========================================================================
Received Import Request.
  Time since last request: 0.000019 seconds.
  path: Assets/Prefabs/Lever_Final/Lever_Unwrapped_Lever_Base_SpecularSmoothness.1001.png
  artifactKey: Guid(8cb2ca7660d21244ea746ed610303824) Importer(2089858483,0ecaa5967403d082aa24f35e1b516d23)
Start importing Assets/Prefabs/Lever_Final/Lever_Unwrapped_Lever_Base_SpecularSmoothness.1001.png using Guid(8cb2ca7660d21244ea746ed610303824) Importer(2089858483,0ecaa5967403d082aa24f35e1b516d23)  -> (artifact id: 'bca388862d463db33e933182a4393872') in 0.026028 seconds
Number of updated asset objects reloaded before import = 0
Number of asset objects unloaded after import = 1
========================================================================
Received Import Request.
  Time since last request: 0.000021 seconds.
  path: Assets/Prefabs/Level_1_Assets_Prefab/Trash_Bin.prefab
  artifactKey: Guid(c5e9b52b54e8f4b4285c03132e61d7af) Importer(2089858483,0ecaa5967403d082aa24f35e1b516d23)
Start importing Assets/Prefabs/Level_1_Assets_Prefab/Trash_Bin.prefab using Guid(c5e9b52b54e8f4b4285c03132e61d7af) Importer(2089858483,0ecaa5967403d082aa24f35e1b516d23)  -> (artifact id: '07c51c51bdd4cb5cfc015a8fc3bfe0b6') in 0.019451 seconds
Number of updated asset objects reloaded before import = 0
Number of asset objects unloaded after import = 35
========================================================================
Received Import Request.
  Time since last request: 0.000017 seconds.
  path: Assets/Prefabs/Materials/Floor.mat
  artifactKey: Guid(9815050a81e334f45aeb41a8fa2712aa) Importer(2089858483,0ecaa5967403d082aa24f35e1b516d23)
Start importing Assets/Prefabs/Materials/Floor.mat using Guid(9815050a81e334f45aeb41a8fa2712aa) Importer(2089858483,0ecaa5967403d082aa24f35e1b516d23)  -> (artifact id: '55a08a36dcac4271368439b823c25a84') in 0.013328 seconds
Number of updated asset objects reloaded before import = 0
Number of asset objects unloaded after import = 1
========================================================================
Received Import Request.
  Time since last request: 0.000016 seconds.
  path: Assets/Prefabs/Lever_Final/Lever_Unwrapped_Lever_Pole_SpecularSmoothness.1001.png
  artifactKey: Guid(08ed928da3e16b04abd4135382ab1760) Importer(2089858483,0ecaa5967403d082aa24f35e1b516d23)
Start importing Assets/Prefabs/Lever_Final/Lever_Unwrapped_Lever_Pole_SpecularSmoothness.1001.png using Guid(08ed928da3e16b04abd4135382ab1760) Importer(2089858483,0ecaa5967403d082aa24f35e1b516d23)  -> (artifact id: '1524b44ccb2ac40c4076996378c498ca') in 0.020219 seconds
Number of updated asset objects reloaded before import = 0
Number of asset objects unloaded after import = 1
========================================================================
Received Import Request.
  Time since last request: 0.000020 seconds.
  path: Assets/Prefabs/Lever_Final/Lever_Unwrapped_Lever_Pole_Normal.1001.png
  artifactKey: Guid(7e7ed40e526a13242ac86fc5036b5ee8) Importer(2089858483,0ecaa5967403d082aa24f35e1b516d23)
Start importing Assets/Prefabs/Lever_Final/Lever_Unwrapped_Lever_Pole_Normal.1001.png using Guid(7e7ed40e526a13242ac86fc5036b5ee8) Importer(2089858483,0ecaa5967403d082aa24f35e1b516d23)  -> (artifact id: '40f52f361bec28b638f3af4433ba00c9') in 0.022800 seconds
Number of updated asset objects reloaded before import = 0
Number of asset objects unloaded after import = 1
========================================================================
Received Import Request.
  Time since last request: 0.000027 seconds.
  path: Assets/Prefabs/Level_1_Assets_Prefab/Bed.prefab
  artifactKey: Guid(3c6e50fc73e0c4c4fbd8576571332e42) Importer(2089858483,0ecaa5967403d082aa24f35e1b516d23)
Start importing Assets/Prefabs/Level_1_Assets_Prefab/Bed.prefab using Guid(3c6e50fc73e0c4c4fbd8576571332e42) Importer(2089858483,0ecaa5967403d082aa24f35e1b516d23)  -> (artifact id: 'a410e854c3d94fd3cd3094b5703f6d6a') in 0.030984 seconds
Number of updated asset objects reloaded before import = 0
Number of asset objects unloaded after import = 16
========================================================================
Received Import Request.
  Time since last request: 0.000020 seconds.
  path: Assets/Prefabs/Materials/GlassMaterial.mat
  artifactKey: Guid(999c7b7a41e832c45930cae1227f565f) Importer(2089858483,0ecaa5967403d082aa24f35e1b516d23)
Start importing Assets/Prefabs/Materials/GlassMaterial.mat using Guid(999c7b7a41e832c45930cae1227f565f) Importer(2089858483,0ecaa5967403d082aa24f35e1b516d23)  -> (artifact id: 'f0be45a23de35315edd6203f129a33ac') in 0.014257 seconds
Number of updated asset objects reloaded before import = 0
Number of asset objects unloaded after import = 1
========================================================================
Received Import Request.
  Time since last request: 0.000029 seconds.
  path: Assets/Prefabs/Materials/README.md
  artifactKey: Guid(d9e6ef86eebeb4b4086d71db39183704) Importer(2089858483,0ecaa5967403d082aa24f35e1b516d23)
Start importing Assets/Prefabs/Materials/README.md using Guid(d9e6ef86eebeb4b4086d71db39183704) Importer(2089858483,0ecaa5967403d082aa24f35e1b516d23)  -> (artifact id: '95697a048f69a043161850ca53ea9fba') in 0.114036 seconds
Number of updated asset objects reloaded before import = 0
Number of asset objects unloaded after import = 1
========================================================================
Received Import Request.
  Time since last request: 0.000020 seconds.
  path: Assets/Prefabs/Materials/Water.mat
  artifactKey: Guid(946d04ec6bcaff943a32c732b5333f79) Importer(2089858483,0ecaa5967403d082aa24f35e1b516d23)
Start importing Assets/Prefabs/Materials/Water.mat using Guid(946d04ec6bcaff943a32c732b5333f79) Importer(2089858483,0ecaa5967403d082aa24f35e1b516d23)  -> (artifact id: 'dfaf573b378359e8708bbe32e0d54cc7') in 0.047232 seconds
Number of updated asset objects reloaded before import = 0
Number of asset objects unloaded after import = 1
========================================================================
Received Import Request.
  Time since last request: 0.000029 seconds.
  path: Assets/Prefabs/MainRobotPrefab/robot model ieprj 2_v1.fbx
  artifactKey: Guid(bcdd904a8f0dfd045a6ea319085d49d5) Importer(2089858483,0ecaa5967403d082aa24f35e1b516d23)
Start importing Assets/Prefabs/MainRobotPrefab/robot model ieprj 2_v1.fbx using Guid(bcdd904a8f0dfd045a6ea319085d49d5) Importer(2089858483,0ecaa5967403d082aa24f35e1b516d23)  -> (artifact id: '585455f05aac896e25ef7a1a5f402c31') in 0.095658 seconds
Number of updated asset objects reloaded before import = 0
Number of asset objects unloaded after import = 35
========================================================================
Received Import Request.
  Time since last request: 0.000040 seconds.
  path: Assets/Prefabs/MainRobotPrefab/wheel_robo.fbx
  artifactKey: Guid(dcb7217548adebf4d80fb2e739906154) Importer(2089858483,0ecaa5967403d082aa24f35e1b516d23)
Start importing Assets/Prefabs/MainRobotPrefab/wheel_robo.fbx using Guid(dcb7217548adebf4d80fb2e739906154) Importer(2089858483,0ecaa5967403d082aa24f35e1b516d23)  -> (artifact id: '2f25168b8c6e5f9ae5e91267c211bc5d') in 0.034786 seconds
Number of updated asset objects reloaded before import = 0
Number of asset objects unloaded after import = 18
========================================================================
Received Import Request.
  Time since last request: 0.000019 seconds.
  path: Assets/Prefabs/Lamp Post/Lamp_Post_Unwrapped_Lamp_Post_Normal.1001.png
  artifactKey: Guid(08c4a3c3c02c91b43ac2b7a7896f69f3) Importer(2089858483,0ecaa5967403d082aa24f35e1b516d23)
Start importing Assets/Prefabs/Lamp Post/Lamp_Post_Unwrapped_Lamp_Post_Normal.1001.png using Guid(08c4a3c3c02c91b43ac2b7a7896f69f3) Importer(2089858483,0ecaa5967403d082aa24f35e1b516d23)  -> (artifact id: '4ded1245f1c27a55fdc64a4c0d5a7f99') in 0.022446 seconds
Number of updated asset objects reloaded before import = 0
Number of asset objects unloaded after import = 1
========================================================================
Received Import Request.
  Time since last request: 0.000019 seconds.
  path: Assets/Prefabs/Teacup BaseRide/Tea_Cups_NoTextures_DefaultMaterial_Emission.1001 1.png
  artifactKey: Guid(2252c7c3777145e42bf9d839970f06e7) Importer(2089858483,0ecaa5967403d082aa24f35e1b516d23)
Start importing Assets/Prefabs/Teacup BaseRide/Tea_Cups_NoTextures_DefaultMaterial_Emission.1001 1.png using Guid(2252c7c3777145e42bf9d839970f06e7) Importer(2089858483,0ecaa5967403d082aa24f35e1b516d23)  -> (artifact id: 'cbd2e8d71a79cf26139e1e86b44fa5bf') in 0.024143 seconds
Number of updated asset objects reloaded before import = 0
Number of asset objects unloaded after import = 1
========================================================================
Received Import Request.
  Time since last request: 0.000017 seconds.
  path: Assets/Prefabs/Teacup BaseRide/Tea_Cups_NoTextures_DefaultMaterial_AlbedoTransparency.1001 1.png
  artifactKey: Guid(42935eb0b025b5e47983b12792d99d0d) Importer(2089858483,0ecaa5967403d082aa24f35e1b516d23)
Start importing Assets/Prefabs/Teacup BaseRide/Tea_Cups_NoTextures_DefaultMaterial_AlbedoTransparency.1001 1.png using Guid(42935eb0b025b5e47983b12792d99d0d) Importer(2089858483,0ecaa5967403d082aa24f35e1b516d23)  -> (artifact id: 'bee976da21d5f1c452665d8bed45560e') in 0.024033 seconds
Number of updated asset objects reloaded before import = 0
Number of asset objects unloaded after import = 1
========================================================================
Received Import Request.
  Time since last request: 0.000027 seconds.
  path: Assets/Prefabs/Teacup BaseRide/TeaCupRide_Animation_Controller.controller
  artifactKey: Guid(beb370263ac30864aa93174a43bcb9cf) Importer(2089858483,0ecaa5967403d082aa24f35e1b516d23)
Start importing Assets/Prefabs/Teacup BaseRide/TeaCupRide_Animation_Controller.controller using Guid(beb370263ac30864aa93174a43bcb9cf) Importer(2089858483,0ecaa5967403d082aa24f35e1b516d23)  -> (artifact id: 'b91fcfb4f560bede0ef329d13d4a89c1') in 0.015092 seconds
Number of updated asset objects reloaded before import = 0
Number of asset objects unloaded after import = 4
========================================================================
Received Import Request.
  Time since last request: 0.000037 seconds.
  path: Assets/Prefabs/Rubble 1/RUBBLE 1_Material_Metallic.1001.png
  artifactKey: Guid(0c1f0a9cd1f88fb4b9b0f77c8ea56b73) Importer(2089858483,0ecaa5967403d082aa24f35e1b516d23)
Start importing Assets/Prefabs/Rubble 1/RUBBLE 1_Material_Metallic.1001.png using Guid(0c1f0a9cd1f88fb4b9b0f77c8ea56b73) Importer(2089858483,0ecaa5967403d082aa24f35e1b516d23)  -> (artifact id: '4b2be99647c26911a561b35b7335d064') in 0.107863 seconds
Number of updated asset objects reloaded before import = 0
Number of asset objects unloaded after import = 1
========================================================================
Received Import Request.
  Time since last request: 0.000027 seconds.
  path: Assets/Prefabs/Sunfish_Model_Animation/Sunfish_DefaultMaterial_Emissive.1001.png
  artifactKey: Guid(7eba3aefd29954f4297d0b30ae5faa90) Importer(2089858483,0ecaa5967403d082aa24f35e1b516d23)
Start importing Assets/Prefabs/Sunfish_Model_Animation/Sunfish_DefaultMaterial_Emissive.1001.png using Guid(7eba3aefd29954f4297d0b30ae5faa90) Importer(2089858483,0ecaa5967403d082aa24f35e1b516d23)  -> (artifact id: 'aeb0967e83272543997d405884c99e8e') in 0.039905 seconds
Number of updated asset objects reloaded before import = 0
Number of asset objects unloaded after import = 1
========================================================================
Received Import Request.
  Time since last request: 0.000023 seconds.
  path: Assets/Prefabs/Sunfish_Model_Animation/Sunfish_DefaultMaterial_AlbedoTransparency.1001.png
  artifactKey: Guid(1b4c170855a7ce347a4144006251567d) Importer(2089858483,0ecaa5967403d082aa24f35e1b516d23)
Start importing Assets/Prefabs/Sunfish_Model_Animation/Sunfish_DefaultMaterial_AlbedoTransparency.1001.png using Guid(1b4c170855a7ce347a4144006251567d) Importer(2089858483,0ecaa5967403d082aa24f35e1b516d23)  -> (artifact id: '4e7ddbf7cd1bfd3efae07bacbde8bc03') in 0.022505 seconds
Number of updated asset objects reloaded before import = 0
Number of asset objects unloaded after import = 1
========================================================================
Received Import Request.
  Time since last request: 0.000033 seconds.
  path: Assets/Prefabs/Teacup BaseRide/Tea_Ride_Base_NoTextures_DefaultMaterial_SpecularSmoothness.1001.png
  artifactKey: Guid(5ecf2d17fee50e64dbd38acf2f630c9e) Importer(2089858483,0ecaa5967403d082aa24f35e1b516d23)
Start importing Assets/Prefabs/Teacup BaseRide/Tea_Ride_Base_NoTextures_DefaultMaterial_SpecularSmoothness.1001.png using Guid(5ecf2d17fee50e64dbd38acf2f630c9e) Importer(2089858483,0ecaa5967403d082aa24f35e1b516d23)  -> (artifact id: '66d3510b684eb4cbec70a5211f64fc11') in 0.025422 seconds
Number of updated asset objects reloaded before import = 0
Number of asset objects unloaded after import = 1
========================================================================
Received Import Request.
  Time since last request: 0.000018 seconds.
  path: Assets/Prefabs/Tentacle/Tentacle_Animation_Tentacle_Normal.png
  artifactKey: Guid(33e2b89a4922aaf419fc6787594eecf1) Importer(2089858483,0ecaa5967403d082aa24f35e1b516d23)
Start importing Assets/Prefabs/Tentacle/Tentacle_Animation_Tentacle_Normal.png using Guid(33e2b89a4922aaf419fc6787594eecf1) Importer(2089858483,0ecaa5967403d082aa24f35e1b516d23)  -> (artifact id: '88f633ded956bf77c865557f8893ae00') in 0.024921 seconds
Number of updated asset objects reloaded before import = 0
Number of asset objects unloaded after import = 1
========================================================================
Received Import Request.
  Time since last request: 0.000026 seconds.
  path: Assets/Prefabs/Tentacle/Tentacle_Animation_Controller.controller
  artifactKey: Guid(1e7f788134ac5f7488df755c07774aca) Importer(2089858483,0ecaa5967403d082aa24f35e1b516d23)
Start importing Assets/Prefabs/Tentacle/Tentacle_Animation_Controller.controller using Guid(1e7f788134ac5f7488df755c07774aca) Importer(2089858483,0ecaa5967403d082aa24f35e1b516d23)  -> (artifact id: '65311a229a3874b8cc2a972a46a4ee79') in 0.102559 seconds
Number of updated asset objects reloaded before import = 0
Number of asset objects unloaded after import = 19
========================================================================
Received Import Request.
  Time since last request: 0.000022 seconds.
  path: Assets/Prefabs/Testing/Aquarium Lab (better work).fbx
  artifactKey: Guid(4ac2b40b0c8af4a4e88237d90d3545ed) Importer(2089858483,0ecaa5967403d082aa24f35e1b516d23)
Start importing Assets/Prefabs/Testing/Aquarium Lab (better work).fbx using Guid(4ac2b40b0c8af4a4e88237d90d3545ed) Importer(2089858483,0ecaa5967403d082aa24f35e1b516d23)  -> (artifact id: 'eb834882461de3b2c85e9c6c9998fada') in 0.075666 seconds
Number of updated asset objects reloaded before import = 0
Number of asset objects unloaded after import = 226
========================================================================
Received Import Request.
  Time since last request: 0.000029 seconds.
  path: Assets/Prefabs/Testing/trying ieprj room 1.fbx
  artifactKey: Guid(bf3d454a3b11142439966e0329a27825) Importer(2089858483,0ecaa5967403d082aa24f35e1b516d23)
Start importing Assets/Prefabs/Testing/trying ieprj room 1.fbx using Guid(bf3d454a3b11142439966e0329a27825) Importer(2089858483,0ecaa5967403d082aa24f35e1b516d23)  -> (artifact id: '698e71abdc71ca1ec2848bde0b0ec6a4') in 0.039748 seconds
Number of updated asset objects reloaded before import = 0
Number of asset objects unloaded after import = 31
========================================================================
Received Import Request.
  Time since last request: 0.000020 seconds.
  path: Assets/Prefabs/Testing/IEPRJ_LVL1_MAP_LAYOUT.fbx
  artifactKey: Guid(279a0ac357574384eb449192d9316c42) Importer(2089858483,0ecaa5967403d082aa24f35e1b516d23)
Start importing Assets/Prefabs/Testing/IEPRJ_LVL1_MAP_LAYOUT.fbx using Guid(279a0ac357574384eb449192d9316c42) Importer(2089858483,0ecaa5967403d082aa24f35e1b516d23)  -> (artifact id: '2484e24872a6fb620601e8b1856e6fd3') in 0.297365 seconds
Number of updated asset objects reloaded before import = 0
Number of asset objects unloaded after import = 109
========================================================================
Received Import Request.
  Time since last request: 0.000019 seconds.
  path: Assets/Prefabs/Testing/Aquarium Lab (FR).fbx
  artifactKey: Guid(e4c707266e2573d4389f6c7ca595e351) Importer(2089858483,0ecaa5967403d082aa24f35e1b516d23)
Start importing Assets/Prefabs/Testing/Aquarium Lab (FR).fbx using Guid(e4c707266e2573d4389f6c7ca595e351) Importer(2089858483,0ecaa5967403d082aa24f35e1b516d23)  -> (artifact id: '7dbf61dd30fef4c7bbfe1fcf1918aafe') in 0.415609 seconds
Number of updated asset objects reloaded before import = 0
Number of asset objects unloaded after import = 176
========================================================================
Received Import Request.
  Time since last request: 0.000023 seconds.
  path: Assets/Prefabs/Viking Ride/Viking Ride_Fixed UV_Material.038_Emission.1001.png
  artifactKey: Guid(fc8ab58462fe8e548801f431c0dd21e4) Importer(2089858483,0ecaa5967403d082aa24f35e1b516d23)
Start importing Assets/Prefabs/Viking Ride/Viking Ride_Fixed UV_Material.038_Emission.1001.png using Guid(fc8ab58462fe8e548801f431c0dd21e4) Importer(2089858483,0ecaa5967403d082aa24f35e1b516d23)  -> (artifact id: 'd2d6629a3f5040ecd456afb828dd712f') in 0.025646 seconds
Number of updated asset objects reloaded before import = 0
Number of asset objects unloaded after import = 1
========================================================================
Received Import Request.
  Time since last request: 0.000018 seconds.
  path: Assets/Prefabs/Viking Ride/New Material.mat
  artifactKey: Guid(c22a88b1c82b9c3468d9e84c2df931f5) Importer(2089858483,0ecaa5967403d082aa24f35e1b516d23)
Start importing Assets/Prefabs/Viking Ride/New Material.mat using Guid(c22a88b1c82b9c3468d9e84c2df931f5) Importer(2089858483,0ecaa5967403d082aa24f35e1b516d23)  -> (artifact id: 'aaf9d95595b766b190e366970f70679a') in 0.033269 seconds
Number of updated asset objects reloaded before import = 0
Number of asset objects unloaded after import = 4
========================================================================
Received Import Request.
  Time since last request: 0.000017 seconds.
  path: Assets/Prefabs/Wooden Dock/Dock_Wood.prefab
  artifactKey: Guid(7c1a8306c3a522e4fb8407af3622462c) Importer(2089858483,0ecaa5967403d082aa24f35e1b516d23)
Start importing Assets/Prefabs/Wooden Dock/Dock_Wood.prefab using Guid(7c1a8306c3a522e4fb8407af3622462c) Importer(2089858483,0ecaa5967403d082aa24f35e1b516d23)  -> (artifact id: '8db65b6d5be779ab575e5abc97e84e4b') in 0.015042 seconds
Number of updated asset objects reloaded before import = 0
Number of asset objects unloaded after import = 8
========================================================================
Received Import Request.
  Time since last request: 0.000015 seconds.
  path: Assets/Prefabs/Wooden Dock/Dock_Wood_Material.006_Normal.1001.png
  artifactKey: Guid(29625db3bfbc56e4c85ce69a5320ba29) Importer(2089858483,0ecaa5967403d082aa24f35e1b516d23)
Start importing Assets/Prefabs/Wooden Dock/Dock_Wood_Material.006_Normal.1001.png using Guid(29625db3bfbc56e4c85ce69a5320ba29) Importer(2089858483,0ecaa5967403d082aa24f35e1b516d23)  -> (artifact id: '9ba18570df88d760e7cb59919f3ada5a') in 0.024284 seconds
Number of updated asset objects reloaded before import = 0
Number of asset objects unloaded after import = 1
========================================================================
Received Import Request.
  Time since last request: 0.000020 seconds.
  path: Assets/Prefabs/Wisteria_Glitchy/Wisteria_Glitchy_Animation.prefab
  artifactKey: Guid(f4173e208d349f54d8de5052df549ebc) Importer(2089858483,0ecaa5967403d082aa24f35e1b516d23)
Start importing Assets/Prefabs/Wisteria_Glitchy/Wisteria_Glitchy_Animation.prefab using Guid(f4173e208d349f54d8de5052df549ebc) Importer(2089858483,0ecaa5967403d082aa24f35e1b516d23)  -> (artifact id: '89496da49fc1e9c679605371f1ac24ad') in 0.055273 seconds
Number of updated asset objects reloaded before import = 0
Number of asset objects unloaded after import = 120
========================================================================
Received Import Request.
  Time since last request: 0.000029 seconds.
  path: Assets/Prefabs/Wooden Dock/Dock_Wood.fbx
  artifactKey: Guid(3a94f714331b5a948aa3c21000b75fa6) Importer(2089858483,0ecaa5967403d082aa24f35e1b516d23)
Start importing Assets/Prefabs/Wooden Dock/Dock_Wood.fbx using Guid(3a94f714331b5a948aa3c21000b75fa6) Importer(2089858483,0ecaa5967403d082aa24f35e1b516d23)  -> (artifact id: '06a454373d4938cb252eb7bd50c88272') in 0.368923 seconds
Number of updated asset objects reloaded before import = 0
Number of asset objects unloaded after import = 8
========================================================================
Received Import Request.
  Time since last request: 0.000019 seconds.
  path: Assets/Prefabs/Wood_Plank/Wood_Plank_Material.090_BaseColor.1001.png
  artifactKey: Guid(e5b35d301686373499aa0ac46066d0d3) Importer(2089858483,0ecaa5967403d082aa24f35e1b516d23)
Start importing Assets/Prefabs/Wood_Plank/Wood_Plank_Material.090_BaseColor.1001.png using Guid(e5b35d301686373499aa0ac46066d0d3) Importer(2089858483,0ecaa5967403d082aa24f35e1b516d23)  -> (artifact id: '21bfb4602109e601787fdac0a92647c4') in 0.019842 seconds
Number of updated asset objects reloaded before import = 0
Number of asset objects unloaded after import = 1
========================================================================
Received Import Request.
  Time since last request: 0.000041 seconds.
  path: Assets/Prefabs/Wood_Plank/Wood_Plank.fbx
  artifactKey: Guid(0428887f4ee13bd479b7d80f108c224f) Importer(2089858483,0ecaa5967403d082aa24f35e1b516d23)
Start importing Assets/Prefabs/Wood_Plank/Wood_Plank.fbx using Guid(0428887f4ee13bd479b7d80f108c224f) Importer(2089858483,0ecaa5967403d082aa24f35e1b516d23)  -> (artifact id: 'f2978b2d9a0a5aff27d3c85c9a7b81be') in 0.024231 seconds
Number of updated asset objects reloaded before import = 0
Number of asset objects unloaded after import = 8
========================================================================
Received Import Request.
  Time since last request: 0.000030 seconds.
  path: Assets/Prefabs/Viking Ride/Viking Ride_Fixed UV_Viking Ship_Emission.1001.png
  artifactKey: Guid(9c164e55e4c43ab4c96c681f73b2f76e) Importer(2089858483,0ecaa5967403d082aa24f35e1b516d23)
Start importing Assets/Prefabs/Viking Ride/Viking Ride_Fixed UV_Viking Ship_Emission.1001.png using Guid(9c164e55e4c43ab4c96c681f73b2f76e) Importer(2089858483,0ecaa5967403d082aa24f35e1b516d23)  -> (artifact id: 'd5e8cf21ce8a888c8c74c0bab2fb4ce0') in 0.021771 seconds
Number of updated asset objects reloaded before import = 0
Number of asset objects unloaded after import = 1
========================================================================
Received Import Request.
  Time since last request: 0.000024 seconds.
  path: Assets/Prefabs/Teacup BaseRide/Tea_Cups_NoTextures_DefaultMaterial_SpecularSmoothness.1001 1.png
  artifactKey: Guid(3c4530c5fa791604bae4786391451e1d) Importer(2089858483,0ecaa5967403d082aa24f35e1b516d23)
Start importing Assets/Prefabs/Teacup BaseRide/Tea_Cups_NoTextures_DefaultMaterial_SpecularSmoothness.1001 1.png using Guid(3c4530c5fa791604bae4786391451e1d) Importer(2089858483,0ecaa5967403d082aa24f35e1b516d23)  -> (artifact id: '26e3061130451ad1e7114195172ab9f1') in 0.022484 seconds
Number of updated asset objects reloaded before import = 0
Number of asset objects unloaded after import = 1
========================================================================
Received Import Request.
  Time since last request: 0.000118 seconds.
  path: Assets/Prefabs/Wood_Plank/Wood_Plank_Material.090_Emissive.1001.png
  artifactKey: Guid(eaac285f45d08024eb40c281e72091de) Importer(2089858483,0ecaa5967403d082aa24f35e1b516d23)
Start importing Assets/Prefabs/Wood_Plank/Wood_Plank_Material.090_Emissive.1001.png using Guid(eaac285f45d08024eb40c281e72091de) Importer(2089858483,0ecaa5967403d082aa24f35e1b516d23)  -> (artifact id: '003c04c2372a4eb71e1b065681655166') in 0.032734 seconds
Number of updated asset objects reloaded before import = 0
Number of asset objects unloaded after import = 1
========================================================================
Received Import Request.
  Time since last request: 0.000019 seconds.
  path: Assets/Prefabs/Teacup BaseRide/Tea_Ride_Base_NoTextures_DefaultMaterial_Emission.1001.png
  artifactKey: Guid(d0a445ff952a2fb419bd83f419aee2a5) Importer(2089858483,0ecaa5967403d082aa24f35e1b516d23)
Start importing Assets/Prefabs/Teacup BaseRide/Tea_Ride_Base_NoTextures_DefaultMaterial_Emission.1001.png using Guid(d0a445ff952a2fb419bd83f419aee2a5) Importer(2089858483,0ecaa5967403d082aa24f35e1b516d23)  -> (artifact id: 'fa0d689e9fcf590dd99f5f6f91986f41') in 0.031381 seconds
Number of updated asset objects reloaded before import = 0
Number of asset objects unloaded after import = 1
========================================================================
Received Import Request.
  Time since last request: 0.000019 seconds.
  path: Assets/Prefabs/Wood_Plank/Wood_Plank_Material.090_Height.1001.png
  artifactKey: Guid(ac586a4dcc675024e98e6466df61e66d) Importer(2089858483,0ecaa5967403d082aa24f35e1b516d23)
Start importing Assets/Prefabs/Wood_Plank/Wood_Plank_Material.090_Height.1001.png using Guid(ac586a4dcc675024e98e6466df61e66d) Importer(2089858483,0ecaa5967403d082aa24f35e1b516d23)  -> (artifact id: '9351a13a5e1aad666558c98e5ceec73f') in 0.017247 seconds
Number of updated asset objects reloaded before import = 0
Number of asset objects unloaded after import = 1
========================================================================
Received Import Request.
  Time since last request: 0.000031 seconds.
  path: Assets/Prefabs/Wood_Signage/Wood_Signage_Material.091_BaseColor.1001.png
  artifactKey: Guid(fd92e2dddc9bb134cb00332a877141f2) Importer(2089858483,0ecaa5967403d082aa24f35e1b516d23)
Start importing Assets/Prefabs/Wood_Signage/Wood_Signage_Material.091_BaseColor.1001.png using Guid(fd92e2dddc9bb134cb00332a877141f2) Importer(2089858483,0ecaa5967403d082aa24f35e1b516d23)  -> (artifact id: '24eb382dfd52aff9e6b306403a9ddca4') in 0.021587 seconds
Number of updated asset objects reloaded before import = 0
Number of asset objects unloaded after import = 1
========================================================================
Received Import Request.
  Time since last request: 0.000041 seconds.
  path: Assets/Scenes/Level1/NavMesh-NavMesh Surface.asset
  artifactKey: Guid(9e0b50e386870584aa71ae373e9ea83b) Importer(2089858483,0ecaa5967403d082aa24f35e1b516d23)
Start importing Assets/Scenes/Level1/NavMesh-NavMesh Surface.asset using Guid(9e0b50e386870584aa71ae373e9ea83b) Importer(2089858483,0ecaa5967403d082aa24f35e1b516d23)  -> (artifact id: 'bc91eb4e3718d42531109372a7a081c6') in 0.241608 seconds
Number of updated asset objects reloaded before import = 0
Number of asset objects unloaded after import = 1
========================================================================
Received Import Request.
  Time since last request: 0.000020 seconds.
  path: Assets/Scenes/Level1/LightingData.asset
  artifactKey: Guid(8af784170e2b95246806fe19714019ea) Importer(2089858483,0ecaa5967403d082aa24f35e1b516d23)
Start importing Assets/Scenes/Level1/LightingData.asset using Guid(8af784170e2b95246806fe19714019ea) Importer(2089858483,0ecaa5967403d082aa24f35e1b516d23)  -> (artifact id: '6405ffad4ae92d40d8d1a8583b8d652b') in 0.066108 seconds
Number of updated asset objects reloaded before import = 0
Number of asset objects unloaded after import = 2
========================================================================
Received Import Request.
  Time since last request: 0.000024 seconds.
  path: Assets/Prefabs/Wood_Signage/Wood_Signage_Material.091_Height.1001.png
  artifactKey: Guid(723119865d7f738489ed117ccea3188f) Importer(2089858483,0ecaa5967403d082aa24f35e1b516d23)
Start importing Assets/Prefabs/Wood_Signage/Wood_Signage_Material.091_Height.1001.png using Guid(723119865d7f738489ed117ccea3188f) Importer(2089858483,0ecaa5967403d082aa24f35e1b516d23)  -> (artifact id: '6a99221026b57ec6a51c604f94af6a6a') in 0.020795 seconds
Number of updated asset objects reloaded before import = 0
Number of asset objects unloaded after import = 1
========================================================================
Received Import Request.
  Time since last request: 0.000019 seconds.
  path: Assets/Prefabs/Wood_Signage/Wood_Signage_Material.091_Normal.1001.png
  artifactKey: Guid(1b0fb336f1ea5864fa458ab7d5a220a4) Importer(2089858483,0ecaa5967403d082aa24f35e1b516d23)
Start importing Assets/Prefabs/Wood_Signage/Wood_Signage_Material.091_Normal.1001.png using Guid(1b0fb336f1ea5864fa458ab7d5a220a4) Importer(2089858483,0ecaa5967403d082aa24f35e1b516d23)  -> (artifact id: 'be7b450c2bf0c626a1779aa0c2dd5c15') in 0.021450 seconds
Number of updated asset objects reloaded before import = 0
Number of asset objects unloaded after import = 1
========================================================================
Received Import Request.
  Time since last request: 0.000018 seconds.
  path: Assets/TextMesh Pro/Resources/LineBreaking Leading Characters.txt
  artifactKey: Guid(d82c1b31c7e74239bff1220585707d2b) Importer(2089858483,0ecaa5967403d082aa24f35e1b516d23)
Start importing Assets/TextMesh Pro/Resources/LineBreaking Leading Characters.txt using Guid(d82c1b31c7e74239bff1220585707d2b) Importer(2089858483,0ecaa5967403d082aa24f35e1b516d23)  -> (artifact id: '3150836b179fbfed6baddf427547b133') in 0.111933 seconds
Number of updated asset objects reloaded before import = 0
Number of asset objects unloaded after import = 1
========================================================================
Received Import Request.
  Time since last request: 0.000021 seconds.
  path: Assets/Materials/Materials/Private dock.mat
  artifactKey: Guid(132ab8be6f3a1574189aaf0487897a1f) Importer(815301076,1909f56bfc062723c751e8b465ee728b)
Start importing Assets/Materials/Materials/Private dock.mat using Guid(132ab8be6f3a1574189aaf0487897a1f) Importer(815301076,1909f56bfc062723c751e8b465ee728b)  -> (artifact id: '29799c809e0951489f612b53fde699fd') in 0.303308 seconds
Number of updated asset objects reloaded before import = 0
Number of asset objects unloaded after import = 3
========================================================================
Received Import Request.
  Time since last request: 0.000026 seconds.
  path: Assets/Materials/Materials/generators guide.mat
  artifactKey: Guid(ee7112a8f16b4a749baa0186139000c1) Importer(815301076,1909f56bfc062723c751e8b465ee728b)
Start importing Assets/Materials/Materials/generators guide.mat using Guid(ee7112a8f16b4a749baa0186139000c1) Importer(815301076,1909f56bfc062723c751e8b465ee728b)  -> (artifact id: 'ad57400fbaa204d85878be2c12e4dc67') in 0.023501 seconds
Number of updated asset objects reloaded before import = 0
Number of asset objects unloaded after import = 3
========================================================================
Received Import Request.
  Time since last request: 0.000017 seconds.
  path: Assets/TextMesh Pro/Shaders/TMPro_Surface.cginc
  artifactKey: Guid(d930090c0cd643c7b55f19a38538c162) Importer(2089858483,0ecaa5967403d082aa24f35e1b516d23)
Start importing Assets/TextMesh Pro/Shaders/TMPro_Surface.cginc using Guid(d930090c0cd643c7b55f19a38538c162) Importer(2089858483,0ecaa5967403d082aa24f35e1b516d23)  -> (artifact id: '78a95faf39a907423ff9d2c87c0ce72a') in 0.037699 seconds
Number of updated asset objects reloaded before import = 0
Number of asset objects unloaded after import = 1
========================================================================
Received Import Request.
  Time since last request: 0.000023 seconds.
  path: Assets/Scenes/MainMenu_Profiles/MainMenuPostProcess.asset
  artifactKey: Guid(d3d2e15ea534e1b4fba3548d7bb68e1b) Importer(2089858483,0ecaa5967403d082aa24f35e1b516d23)
Start importing Assets/Scenes/MainMenu_Profiles/MainMenuPostProcess.asset using Guid(d3d2e15ea534e1b4fba3548d7bb68e1b) Importer(2089858483,0ecaa5967403d082aa24f35e1b516d23)  -> (artifact id: '8dc8984ceca3f1b586edd8d3edd5804b') in 0.023875 seconds
Number of updated asset objects reloaded before import = 0
Number of asset objects unloaded after import = 2
========================================================================
Received Import Request.
  Time since last request: 0.000026 seconds.
  path: Assets/TextMesh Pro/Shaders/TMPro_Mobile.cginc
  artifactKey: Guid(c334973cef89a9840b0b0c507e0377ab) Importer(2089858483,0ecaa5967403d082aa24f35e1b516d23)
Start importing Assets/TextMesh Pro/Shaders/TMPro_Mobile.cginc using Guid(c334973cef89a9840b0b0c507e0377ab) Importer(2089858483,0ecaa5967403d082aa24f35e1b516d23)  -> (artifact id: '251ff58895339eb6e3bbf99061a15013') in 0.081897 seconds
Number of updated asset objects reloaded before import = 0
Number of asset objects unloaded after import = 1
========================================================================
Received Import Request.
  Time since last request: 0.000029 seconds.
  path: Assets/Materials/Materials/graffiti lights off.mat
  artifactKey: Guid(bb7c2ad108c22bc42b79363b10fbfea9) Importer(815301076,1909f56bfc062723c751e8b465ee728b)
Start importing Assets/Materials/Materials/graffiti lights off.mat using Guid(bb7c2ad108c22bc42b79363b10fbfea9) Importer(815301076,1909f56bfc062723c751e8b465ee728b)  -> (artifact id: '2ea168f17c56f0046540f07be2302652') in 0.297818 seconds
Number of updated asset objects reloaded before import = 0
Number of asset objects unloaded after import = 3
========================================================================
Received Import Request.
  Time since last request: 0.000030 seconds.
  path: Assets/TextMesh Pro/Shaders/TMP_SDF SSD.shader
  artifactKey: Guid(14eb328de4b8eb245bb7cea29e4ac00b) Importer(2089858483,0ecaa5967403d082aa24f35e1b516d23)
Start importing Assets/TextMesh Pro/Shaders/TMP_SDF SSD.shader using Guid(14eb328de4b8eb245bb7cea29e4ac00b) Importer(2089858483,0ecaa5967403d082aa24f35e1b516d23)  -> (artifact id: 'ab01961b7e63fa0538d6fab8e901653b') in 0.021738 seconds
Number of updated asset objects reloaded before import = 0
Number of asset objects unloaded after import = 1
========================================================================
Received Import Request.
  Time since last request: 0.000031 seconds.
  path: Assets/Materials/Materials
  artifactKey: Guid(c5276805be2931747ab9f1ad5296bd76) Importer(815301076,1909f56bfc062723c751e8b465ee728b)
Start importing Assets/Materials/Materials using Guid(c5276805be2931747ab9f1ad5296bd76) Importer(815301076,1909f56bfc062723c751e8b465ee728b)  -> (artifact id: '3c35d2d34a087776d8004c4432d9c0ae') in 0.000563 seconds
Number of updated asset objects reloaded before import = 0
Number of asset objects unloaded after import = 0
========================================================================
Received Import Request.
  Time since last request: 0.000020 seconds.
  path: Assets/Scenes/Level2abbi/LightingData.asset
  artifactKey: Guid(de9d1f194117c504e8ae134bb5dbb435) Importer(2089858483,0ecaa5967403d082aa24f35e1b516d23)
Start importing Assets/Scenes/Level2abbi/LightingData.asset using Guid(de9d1f194117c504e8ae134bb5dbb435) Importer(2089858483,0ecaa5967403d082aa24f35e1b516d23)  -> (artifact id: '47aac483cb023f569b3185251cf437f8') in 0.058418 seconds
Number of updated asset objects reloaded before import = 0
Number of asset objects unloaded after import = 2
========================================================================
Received Import Request.
  Time since last request: 0.000019 seconds.
  path: Assets/Textures/Entity/RobotWheelTexture.png
  artifactKey: Guid(50302d26b733ecd4596bc0630bf2dda0) Importer(2089858483,0ecaa5967403d082aa24f35e1b516d23)
Start importing Assets/Textures/Entity/RobotWheelTexture.png using Guid(50302d26b733ecd4596bc0630bf2dda0) Importer(2089858483,0ecaa5967403d082aa24f35e1b516d23)  -> (artifact id: 'd4754ff035ad61b6b17b74278d7edaff') in 0.027052 seconds
Number of updated asset objects reloaded before import = 0
Number of asset objects unloaded after import = 1
========================================================================
Received Import Request.
  Time since last request: 0.000028 seconds.
  path: Assets/TextMesh Pro/Shaders/TMP_SDF-Surface.shader
  artifactKey: Guid(f7ada0af4f174f0694ca6a487b8f543d) Importer(2089858483,0ecaa5967403d082aa24f35e1b516d23)
Start importing Assets/TextMesh Pro/Shaders/TMP_SDF-Surface.shader using Guid(f7ada0af4f174f0694ca6a487b8f543d) Importer(2089858483,0ecaa5967403d082aa24f35e1b516d23)  -> (artifact id: 'e204ceab97244277fe7bebd7f91c3502') in 0.012601 seconds
Number of updated asset objects reloaded before import = 0
Number of asset objects unloaded after import = 1
========================================================================
Received Import Request.
  Time since last request: 0.000035 seconds.
  path: Assets/TextMesh Pro/Sprites/EmojiOne.json
  artifactKey: Guid(8f05276190cf498a8153f6cbe761d4e6) Importer(2089858483,0ecaa5967403d082aa24f35e1b516d23)
Start importing Assets/TextMesh Pro/Sprites/EmojiOne.json using Guid(8f05276190cf498a8153f6cbe761d4e6) Importer(2089858483,0ecaa5967403d082aa24f35e1b516d23)  -> (artifact id: '06c5c6ce4f9c916eb7d1c194b8a54134') in 0.037440 seconds
Number of updated asset objects reloaded before import = 0
Number of asset objects unloaded after import = 1
========================================================================
Received Import Request.
  Time since last request: 0.000017 seconds.
  path: Assets/TextMesh Pro/Shaders/TMP_SDF-Mobile SSD.shader
  artifactKey: Guid(c8d12adcee749c344b8117cf7c7eb912) Importer(2089858483,0ecaa5967403d082aa24f35e1b516d23)
Start importing Assets/TextMesh Pro/Shaders/TMP_SDF-Mobile SSD.shader using Guid(c8d12adcee749c344b8117cf7c7eb912) Importer(2089858483,0ecaa5967403d082aa24f35e1b516d23)  -> (artifact id: 'fb833631a157ddb7e3605bb87312bb02') in 0.014261 seconds
Number of updated asset objects reloaded before import = 0
Number of asset objects unloaded after import = 1
========================================================================
Received Import Request.
  Time since last request: 0.000021 seconds.
  path: Assets/TextMesh Pro/Resources/LineBreaking Following Characters.txt
  artifactKey: Guid(fade42e8bc714b018fac513c043d323b) Importer(2089858483,0ecaa5967403d082aa24f35e1b516d23)
Start importing Assets/TextMesh Pro/Resources/LineBreaking Following Characters.txt using Guid(fade42e8bc714b018fac513c043d323b) Importer(2089858483,0ecaa5967403d082aa24f35e1b516d23)  -> (artifact id: 'a5addd5085edbe6fed6ba14ca964af7d') in 0.012153 seconds
Number of updated asset objects reloaded before import = 0
Number of asset objects unloaded after import = 1
========================================================================
Received Import Request.
  Time since last request: 0.000035 seconds.
  path: Assets/Fish/Body/Fish_Body_Unwrapped_Fish_Body_Emission.1001.png
  artifactKey: Guid(e87de24a91e8afe4cbd34e679c1caed2) Importer(2089858483,0ecaa5967403d082aa24f35e1b516d23)
Start importing Assets/Fish/Body/Fish_Body_Unwrapped_Fish_Body_Emission.1001.png using Guid(e87de24a91e8afe4cbd34e679c1caed2) Importer(2089858483,0ecaa5967403d082aa24f35e1b516d23)  -> (artifact id: '742ae7b5ad01a54f4771946ccca7e125') in 0.119204 seconds
Number of updated asset objects reloaded before import = 0
Number of asset objects unloaded after import = 1
========================================================================
Received Import Request.
  Time since last request: 0.000019 seconds.
  path: Assets/Prefabs/Coral Golem/Coral_Golem_Texturin_Material.001_Normal.png
  artifactKey: Guid(056a61ba344bf7b40bb7f7aae28effec) Importer(2089858483,0ecaa5967403d082aa24f35e1b516d23)
Start importing Assets/Prefabs/Coral Golem/Coral_Golem_Texturin_Material.001_Normal.png using Guid(056a61ba344bf7b40bb7f7aae28effec) Importer(2089858483,0ecaa5967403d082aa24f35e1b516d23)  -> (artifact id: '43c95a5c7a93228ec9c74399c1713f11') in 0.221163 seconds
Number of updated asset objects reloaded before import = 0
Number of asset objects unloaded after import = 1
========================================================================
Received Import Request.
  Time since last request: 0.000021 seconds.
  path: Assets/Assets/Bathtub/Materials/Bathtub_Material.012_AlbedoTransparency.1001.mat
  artifactKey: Guid(2d9b1cf52a6f25348aa7c69d50e491a1) Importer(2089858483,0ecaa5967403d082aa24f35e1b516d23)
Start importing Assets/Assets/Bathtub/Materials/Bathtub_Material.012_AlbedoTransparency.1001.mat using Guid(2d9b1cf52a6f25348aa7c69d50e491a1) Importer(2089858483,0ecaa5967403d082aa24f35e1b516d23)  -> (artifact id: 'f535ae7eae4893eeaef21e69449d75ac') in 0.655326 seconds
Number of updated asset objects reloaded before import = 0
Number of asset objects unloaded after import = 5
========================================================================
Received Import Request.
  Time since last request: 0.000031 seconds.
  path: Assets/Assets/Kitchen_Fridge/Materials/Kitchen_Fridge_Material.053_AlbedoTransparency.mat
  artifactKey: Guid(f25bafd911cd9414b88ad649b677fbb9) Importer(2089858483,0ecaa5967403d082aa24f35e1b516d23)
Start importing Assets/Assets/Kitchen_Fridge/Materials/Kitchen_Fridge_Material.053_AlbedoTransparency.mat using Guid(f25bafd911cd9414b88ad649b677fbb9) Importer(2089858483,0ecaa5967403d082aa24f35e1b516d23)  -> (artifact id: 'ffcb46fabb7487d74aa88362600d070a') in 0.144750 seconds
Number of updated asset objects reloaded before import = 0
Number of asset objects unloaded after import = 6
========================================================================
Received Import Request.
  Time since last request: 0.000023 seconds.
  path: Assets/Assets/Laboratory_Table/Materials/Laboratory_Table_Material.023_AlbedoTransparency.mat
  artifactKey: Guid(d3c4dd68290a8204790017b2cdbe385c) Importer(2089858483,0ecaa5967403d082aa24f35e1b516d23)
Start importing Assets/Assets/Laboratory_Table/Materials/Laboratory_Table_Material.023_AlbedoTransparency.mat using Guid(d3c4dd68290a8204790017b2cdbe385c) Importer(2089858483,0ecaa5967403d082aa24f35e1b516d23)  -> (artifact id: '346fcb42f1b8d150bf1b3e8345e97c01') in 0.025720 seconds
Number of updated asset objects reloaded before import = 0
Number of asset objects unloaded after import = 6
========================================================================
Received Import Request.
  Time since last request: 0.000026 seconds.
  path: Assets/Assets/Kitchen_Fridge/Materials/Kitchen_Fridge_Material.052_AlbedoTransparency.mat
  artifactKey: Guid(cc0cadec971e68e47aeb08992417b79d) Importer(2089858483,0ecaa5967403d082aa24f35e1b516d23)
Start importing Assets/Assets/Kitchen_Fridge/Materials/Kitchen_Fridge_Material.052_AlbedoTransparency.mat using Guid(cc0cadec971e68e47aeb08992417b79d) Importer(2089858483,0ecaa5967403d082aa24f35e1b516d23)  -> (artifact id: '9710e6b1e27f056354b8c0a619c63e3e') in 0.068880 seconds
Number of updated asset objects reloaded before import = 0
Number of asset objects unloaded after import = 6
========================================================================
Received Import Request.
  Time since last request: 0.000025 seconds.
  path: Assets/Assets/Hospital_Curtain/Materials/Hospital_Curtains_Material.060_AlbedoTransparency.mat
  artifactKey: Guid(28235c05d37182f4e94d71d9841d2db1) Importer(2089858483,0ecaa5967403d082aa24f35e1b516d23)
Start importing Assets/Assets/Hospital_Curtain/Materials/Hospital_Curtains_Material.060_AlbedoTransparency.mat using Guid(28235c05d37182f4e94d71d9841d2db1) Importer(2089858483,0ecaa5967403d082aa24f35e1b516d23)  -> (artifact id: '7c02f44d0b50e64ccfa2b5b28ca55cce') in 0.033930 seconds
Number of updated asset objects reloaded before import = 0
Number of asset objects unloaded after import = 6
========================================================================
Received Import Request.
  Time since last request: 0.000018 seconds.
  path: Assets/Assets/Door/Materials/Door_Material.016_AlbedoTransparency.mat
  artifactKey: Guid(118a40a53ee5a1a49a8fa224fd4073f9) Importer(2089858483,0ecaa5967403d082aa24f35e1b516d23)
Start importing Assets/Assets/Door/Materials/Door_Material.016_AlbedoTransparency.mat using Guid(118a40a53ee5a1a49a8fa224fd4073f9) Importer(2089858483,0ecaa5967403d082aa24f35e1b516d23)  -> (artifact id: '4b40ec0305d8c57452db14caa36a10f9') in 0.035223 seconds
Number of updated asset objects reloaded before import = 0
Number of asset objects unloaded after import = 6
========================================================================
Received Import Request.
  Time since last request: 0.000021 seconds.
  path: Assets/Assets/Storage_Locker_2/Materials/Storage_Lockers_2_Material.035_AlbedoTransparency 1.mat
  artifactKey: Guid(68e7cfc58bd2bdf4097be562967f0a01) Importer(2089858483,0ecaa5967403d082aa24f35e1b516d23)
Start importing Assets/Assets/Storage_Locker_2/Materials/Storage_Lockers_2_Material.035_AlbedoTransparency 1.mat using Guid(68e7cfc58bd2bdf4097be562967f0a01) Importer(2089858483,0ecaa5967403d082aa24f35e1b516d23)  -> (artifact id: 'f33f6dbc946ddb88cd605ccae025611e') in 0.025441 seconds
Number of updated asset objects reloaded before import = 0
Number of asset objects unloaded after import = 6
========================================================================
Received Import Request.
  Time since last request: 0.000024 seconds.
  path: Assets/Assets/Oxygen_Tank/Materials/Oxygen_Tank_Material.062_AlbedoTransparency.mat
  artifactKey: Guid(0df33122dc64d5a41a5c959f32988ffd) Importer(2089858483,0ecaa5967403d082aa24f35e1b516d23)
Start importing Assets/Assets/Oxygen_Tank/Materials/Oxygen_Tank_Material.062_AlbedoTransparency.mat using Guid(0df33122dc64d5a41a5c959f32988ffd) Importer(2089858483,0ecaa5967403d082aa24f35e1b516d23)  -> (artifact id: '46545be70faa72918e865eba1cf21172') in 0.022822 seconds
Number of updated asset objects reloaded before import = 0
Number of asset objects unloaded after import = 6
========================================================================
Received Import Request.
  Time since last request: 0.000038 seconds.
  path: Assets/_Scripts/Systems/Systems.cs
  artifactKey: Guid(43d77f66bed06434aa69ab044787ae7b) Importer(2089858483,0ecaa5967403d082aa24f35e1b516d23)
Start importing Assets/_Scripts/Systems/Systems.cs using Guid(43d77f66bed06434aa69ab044787ae7b) Importer(2089858483,0ecaa5967403d082aa24f35e1b516d23)  -> (artifact id: '54a2260b680a1ffb3694fa7b3858cd5f') in 0.012708 seconds
Number of updated asset objects reloaded before import = 0
Number of asset objects unloaded after import = 1
========================================================================
Received Import Request.
  Time since last request: 0.000028 seconds.
  path: Assets/Assets/Storage_Locker_3/Materials/Storage_Lockers_3_Material.037_AlbedoTransparency 1.mat
  artifactKey: Guid(e2d50035d6be39d4ea7ce6954cba638b) Importer(2089858483,0ecaa5967403d082aa24f35e1b516d23)
Start importing Assets/Assets/Storage_Locker_3/Materials/Storage_Lockers_3_Material.037_AlbedoTransparency 1.mat using Guid(e2d50035d6be39d4ea7ce6954cba638b) Importer(2089858483,0ecaa5967403d082aa24f35e1b516d23)  -> (artifact id: '943684f1f146dbbef708fcd033f5ea8c') in 0.031503 seconds
Number of updated asset objects reloaded before import = 0
Number of asset objects unloaded after import = 6
========================================================================
Received Import Request.
  Time since last request: 0.000029 seconds.
  path: Assets/Assets/Storage_Locker_3/Materials/Storage_Lockers_3_Material.039_AlbedoTransparency 1.mat
  artifactKey: Guid(a1f13fb014d530942a5c25ae4e1b2879) Importer(2089858483,0ecaa5967403d082aa24f35e1b516d23)
Start importing Assets/Assets/Storage_Locker_3/Materials/Storage_Lockers_3_Material.039_AlbedoTransparency 1.mat using Guid(a1f13fb014d530942a5c25ae4e1b2879) Importer(2089858483,0ecaa5967403d082aa24f35e1b516d23)  -> (artifact id: '4d6ee3f530b30a27e5b55bcfb4a16748') in 0.322138 seconds
Number of updated asset objects reloaded before import = 0
Number of asset objects unloaded after import = 6
========================================================================
Received Import Request.
  Time since last request: 0.000025 seconds.
  path: Assets/IgniteCoders/Simple Water Shader/Prefabs/WaterReflectionCamera.prefab
  artifactKey: Guid(838c0bef810bfe94d8e33947c3cba7c6) Importer(2089858483,0ecaa5967403d082aa24f35e1b516d23)
Start importing Assets/IgniteCoders/Simple Water Shader/Prefabs/WaterReflectionCamera.prefab using Guid(838c0bef810bfe94d8e33947c3cba7c6) Importer(2089858483,0ecaa5967403d082aa24f35e1b516d23)  -> (artifact id: '72ba2db684986fb5be4f2a1ab73fc5cf') in 0.104411 seconds
Number of updated asset objects reloaded before import = 0
Number of asset objects unloaded after import = 8
========================================================================
Received Import Request.
  Time since last request: 0.000042 seconds.
  path: Assets/Assets/Wall_Security_Camera 1/Materials/Security_Wall_Camera_Material.029_AlbedoTransparency.mat
  artifactKey: Guid(3d9795542af3a1143a4284c8197b9df0) Importer(2089858483,0ecaa5967403d082aa24f35e1b516d23)
Start importing Assets/Assets/Wall_Security_Camera 1/Materials/Security_Wall_Camera_Material.029_AlbedoTransparency.mat using Guid(3d9795542af3a1143a4284c8197b9df0) Importer(2089858483,0ecaa5967403d082aa24f35e1b516d23)  -> (artifact id: 'ff041071a2a3c3aa6d00441463f60c10') in 0.028374 seconds
Number of updated asset objects reloaded before import = 0
Number of asset objects unloaded after import = 6
========================================================================
Received Import Request.
  Time since last request: 0.000017 seconds.
  path: Assets/IgniteCoders/Simple Water Shader/Prefabs/WaterBlock_50m.prefab
  artifactKey: Guid(7097ba7ba649e1f41bba232312bdcbd8) Importer(2089858483,0ecaa5967403d082aa24f35e1b516d23)
Start importing Assets/IgniteCoders/Simple Water Shader/Prefabs/WaterBlock_50m.prefab using Guid(7097ba7ba649e1f41bba232312bdcbd8) Importer(2089858483,0ecaa5967403d082aa24f35e1b516d23)  -> (artifact id: 'f5f349d78221d4756aa4afaa16521825') in 0.055209 seconds
Number of updated asset objects reloaded before import = 0
Number of asset objects unloaded after import = 7
========================================================================
Received Import Request.
  Time since last request: 0.000020 seconds.
  path: Assets/Prefabs/Ferry/ferry_Material_Height.1001.png
  artifactKey: Guid(dae9f33822651f848b738b664ed8a7d1) Importer(2089858483,0ecaa5967403d082aa24f35e1b516d23)
Start importing Assets/Prefabs/Ferry/ferry_Material_Height.1001.png using Guid(dae9f33822651f848b738b664ed8a7d1) Importer(2089858483,0ecaa5967403d082aa24f35e1b516d23)  -> (artifact id: 'fdf4badcc86a132db6f989265942092b') in 0.017512 seconds
Number of updated asset objects reloaded before import = 0
Number of asset objects unloaded after import = 1
========================================================================
Received Import Request.
  Time since last request: 0.000025 seconds.
  path: Assets/Prefabs/Wooden Dock/Dock_Wood_Material.006_AlbedoTransparency.1001.png
  artifactKey: Guid(b2031326da89c244ebbb598da6a40d3b) Importer(2089858483,0ecaa5967403d082aa24f35e1b516d23)
Start importing Assets/Prefabs/Wooden Dock/Dock_Wood_Material.006_AlbedoTransparency.1001.png using Guid(b2031326da89c244ebbb598da6a40d3b) Importer(2089858483,0ecaa5967403d082aa24f35e1b516d23)  -> (artifact id: 'ef2fddb4eedb6ead76ea4e51a577217e') in 0.020974 seconds
Number of updated asset objects reloaded before import = 0
Number of asset objects unloaded after import = 1
========================================================================
Received Import Request.
  Time since last request: 0.000018 seconds.
  path: Assets/Assets/Ceiling_Security_Camera/Security_Ceiling_Camera.fbx
  artifactKey: Guid(e1f894f9d3f99ac4598fdc863b40441a) Importer(2089858483,0ecaa5967403d082aa24f35e1b516d23)
Start importing Assets/Assets/Ceiling_Security_Camera/Security_Ceiling_Camera.fbx using Guid(e1f894f9d3f99ac4598fdc863b40441a) Importer(2089858483,0ecaa5967403d082aa24f35e1b516d23)  -> (artifact id: 'c2f0b04031883fd3519f2757f638a8f6') in 0.020180 seconds
Number of updated asset objects reloaded before import = 0
Number of asset objects unloaded after import = 7
========================================================================
Received Import Request.
  Time since last request: 0.000029 seconds.
  path: Assets/Prefabs/Sunfish_Model_Animation/Sunfish_DefaultMaterial_Emission.1001.png
  artifactKey: Guid(d0286ee72ce380b4d84b4c0ca6a08929) Importer(2089858483,0ecaa5967403d082aa24f35e1b516d23)
Start importing Assets/Prefabs/Sunfish_Model_Animation/Sunfish_DefaultMaterial_Emission.1001.png using Guid(d0286ee72ce380b4d84b4c0ca6a08929) Importer(2089858483,0ecaa5967403d082aa24f35e1b516d23)  -> (artifact id: '37cfa973f53244618bffa664adb1d8ab') in 0.022639 seconds
Number of updated asset objects reloaded before import = 0
Number of asset objects unloaded after import = 1
========================================================================
Received Import Request.
  Time since last request: 0.000017 seconds.
  path: Assets/Signals/LeverInteract.signal
  artifactKey: Guid(0f1da26c67063e14baa2174223f337f1) Importer(2089858483,0ecaa5967403d082aa24f35e1b516d23)
Start importing Assets/Signals/LeverInteract.signal using Guid(0f1da26c67063e14baa2174223f337f1) Importer(2089858483,0ecaa5967403d082aa24f35e1b516d23)  -> (artifact id: 'f0b77270fa7abda3ff37d1c8cf004075') in 0.011438 seconds
Number of updated asset objects reloaded before import = 0
Number of asset objects unloaded after import = 1
========================================================================
Received Import Request.
  Time since last request: 0.000019 seconds.
  path: Assets/Prefabs/Sunfish_Model_Animation/Sunfish_DefaultMaterial_Normal.1001.png
  artifactKey: Guid(b030937bb1da7eb4eb0f5785b8c73ded) Importer(2089858483,0ecaa5967403d082aa24f35e1b516d23)
Start importing Assets/Prefabs/Sunfish_Model_Animation/Sunfish_DefaultMaterial_Normal.1001.png using Guid(b030937bb1da7eb4eb0f5785b8c73ded) Importer(2089858483,0ecaa5967403d082aa24f35e1b516d23)  -> (artifact id: 'f02e0877c629e7b8fee667a0608b18b5') in 0.028450 seconds
Number of updated asset objects reloaded before import = 0
Number of asset objects unloaded after import = 1
========================================================================
Received Import Request.
  Time since last request: 0.000025 seconds.
  path: Assets/Assets/Rectangle_Tank_2/Materials/Rectangle_Tank_2_Material.065_AlbedoTransparency.mat
  artifactKey: Guid(7a46673dc8e95ae42b65f5318427fa14) Importer(2089858483,0ecaa5967403d082aa24f35e1b516d23)
Start importing Assets/Assets/Rectangle_Tank_2/Materials/Rectangle_Tank_2_Material.065_AlbedoTransparency.mat using Guid(7a46673dc8e95ae42b65f5318427fa14) Importer(2089858483,0ecaa5967403d082aa24f35e1b516d23)  -> (artifact id: 'b36eecb40d77831b3bd07c90bf76586b') in 0.024185 seconds
Number of updated asset objects reloaded before import = 0
Number of asset objects unloaded after import = 6
========================================================================
Received Import Request.
  Time since last request: 0.000023 seconds.
  path: Assets/Media/Audio/Music/Monitor Level 1.wav
  artifactKey: Guid(ab05a299a744eb041ab7b1ed36098546) Importer(2089858483,0ecaa5967403d082aa24f35e1b516d23)
Start importing Assets/Media/Audio/Music/Monitor Level 1.wav using Guid(ab05a299a744eb041ab7b1ed36098546) Importer(2089858483,0ecaa5967403d082aa24f35e1b516d23)  -> (artifact id: '33cd86c917a8ef7c6205886604583d44') in 0.046693 seconds
Number of updated asset objects reloaded before import = 0
Number of asset objects unloaded after import = 1
========================================================================
Received Import Request.
  Time since last request: 0.000021 seconds.
  path: Assets/IgniteCoders/Simple Water Shader/Resources/WaterReflection.renderTexture
  artifactKey: Guid(4ae8ae7350b67b44785d874c413a2e03) Importer(2089858483,0ecaa5967403d082aa24f35e1b516d23)
Start importing Assets/IgniteCoders/Simple Water Shader/Resources/WaterReflection.renderTexture using Guid(4ae8ae7350b67b44785d874c413a2e03) Importer(2089858483,0ecaa5967403d082aa24f35e1b516d23)  -> (artifact id: 'f6829962af0dd441a419573788e58ae4') in 0.070370 seconds
Number of updated asset objects reloaded before import = 0
Number of asset objects unloaded after import = 1
========================================================================
Received Import Request.
  Time since last request: 0.000034 seconds.
  path: Assets/IgniteCoders/Simple Water Shader/Resources/WaterReflection.cs
  artifactKey: Guid(dfbe97460f8acd1488a82178305cdf59) Importer(2089858483,0ecaa5967403d082aa24f35e1b516d23)
Start importing Assets/IgniteCoders/Simple Water Shader/Resources/WaterReflection.cs using Guid(dfbe97460f8acd1488a82178305cdf59) Importer(2089858483,0ecaa5967403d082aa24f35e1b516d23)  -> (artifact id: '3d1cdc3b037a11bc85cc885c388e0aac') in 0.014961 seconds
Number of updated asset objects reloaded before import = 0
Number of asset objects unloaded after import = 1
========================================================================
Received Import Request.
  Time since last request: 0.000017 seconds.
  path: Assets/IgniteCoders/Simple Water Shader/Resources/Water_mat_01.mat
  artifactKey: Guid(141d9d6ca43b6c843965491604c6deff) Importer(2089858483,0ecaa5967403d082aa24f35e1b516d23)
Start importing Assets/IgniteCoders/Simple Water Shader/Resources/Water_mat_01.mat using Guid(141d9d6ca43b6c843965491604c6deff) Importer(2089858483,0ecaa5967403d082aa24f35e1b516d23)  -> (artifact id: 'baeeb49cc6940048b6ccc6fa4f48aee0') in 0.017447 seconds
Number of updated asset objects reloaded before import = 0
Number of asset objects unloaded after import = 4
========================================================================
Received Import Request.
  Time since last request: 0.000019 seconds.
  path: Assets/Level_1_Assets_Prefab/Storage_Door/Materials 1/Storage_Lockers_Separeted_Doors_Material.005_AlbedoTransparency.mat
  artifactKey: Guid(29da0ab5e82a73d4b9df942ed591578e) Importer(2089858483,0ecaa5967403d082aa24f35e1b516d23)
Start importing Assets/Level_1_Assets_Prefab/Storage_Door/Materials 1/Storage_Lockers_Separeted_Doors_Material.005_AlbedoTransparency.mat using Guid(29da0ab5e82a73d4b9df942ed591578e) Importer(2089858483,0ecaa5967403d082aa24f35e1b516d23)  -> (artifact id: 'f8425a5d916654549cbef9751d510f03') in 0.020560 seconds
Number of updated asset objects reloaded before import = 0
Number of asset objects unloaded after import = 6
========================================================================
Received Import Request.
  Time since last request: 0.000019 seconds.
  path: Assets/Media/Audio/Music/Monitor Main Menu OST.wav
  artifactKey: Guid(2ddfcdab65147e840b4434e9bb810048) Importer(2089858483,0ecaa5967403d082aa24f35e1b516d23)
Start importing Assets/Media/Audio/Music/Monitor Main Menu OST.wav using Guid(2ddfcdab65147e840b4434e9bb810048) Importer(2089858483,0ecaa5967403d082aa24f35e1b516d23)  -> (artifact id: 'e5d3c014548dea421b2b5102cc627a22') in 0.041840 seconds
Number of updated asset objects reloaded before import = 0
Number of asset objects unloaded after import = 1
========================================================================
Received Import Request.
  Time since last request: 0.000024 seconds.
  path: Assets/Media/Audio/Music/Monitor Level 2.wav
  artifactKey: Guid(d2c2760f01e2b3a418a96accf0b2c3ad) Importer(2089858483,0ecaa5967403d082aa24f35e1b516d23)
Start importing Assets/Media/Audio/Music/Monitor Level 2.wav using Guid(d2c2760f01e2b3a418a96accf0b2c3ad) Importer(2089858483,0ecaa5967403d082aa24f35e1b516d23)  -> (artifact id: '42ce03b5ea6e49d8ef451d2f8a3821f2') in 0.035169 seconds
Number of updated asset objects reloaded before import = 0
Number of asset objects unloaded after import = 1
========================================================================
Received Import Request.
  Time since last request: 0.000026 seconds.
  path: Assets/Media/UI/UI/image_2025-05-23_153241300-removebg-preview.png
  artifactKey: Guid(13992bb79d6c3ec408255d2803a6480c) Importer(2089858483,0ecaa5967403d082aa24f35e1b516d23)
Start importing Assets/Media/UI/UI/image_2025-05-23_153241300-removebg-preview.png using Guid(13992bb79d6c3ec408255d2803a6480c) Importer(2089858483,0ecaa5967403d082aa24f35e1b516d23)  -> (artifact id: 'ab8d3efc37200747cb6631a4c06b6190') in 0.022468 seconds
Number of updated asset objects reloaded before import = 0
Number of asset objects unloaded after import = 3
========================================================================
Received Import Request.
  Time since last request: 0.000019 seconds.
  path: Assets/Media/Audio/Music/Monitor Level 4.wav
  artifactKey: Guid(e255cbab04fe00042b316bfa24b7ada4) Importer(2089858483,0ecaa5967403d082aa24f35e1b516d23)
Start importing Assets/Media/Audio/Music/Monitor Level 4.wav using Guid(e255cbab04fe00042b316bfa24b7ada4) Importer(2089858483,0ecaa5967403d082aa24f35e1b516d23)  -> (artifact id: 'eee751957fa19dae3ff77d12b8b0072e') in 0.037491 seconds
Number of updated asset objects reloaded before import = 0
Number of asset objects unloaded after import = 1
========================================================================
Received Import Request.
  Time since last request: 0.000024 seconds.
  path: Assets/Media/UI/UI/IMG_0725.png
  artifactKey: Guid(10669895576189e4aa5c1b1c901a2ea1) Importer(2089858483,0ecaa5967403d082aa24f35e1b516d23)
Start importing Assets/Media/UI/UI/IMG_0725.png using Guid(10669895576189e4aa5c1b1c901a2ea1) Importer(2089858483,0ecaa5967403d082aa24f35e1b516d23)  -> (artifact id: '9d9136f5114523d56795b2b49327dcfd') in 0.214925 seconds
Number of updated asset objects reloaded before import = 0
Number of asset objects unloaded after import = 3
========================================================================
Received Import Request.
  Time since last request: 0.000020 seconds.
  path: Assets/Media/UI/UI/settings_ui_bg-1.png
  artifactKey: Guid(a10a34a45e8a289458a94900f44611d2) Importer(2089858483,0ecaa5967403d082aa24f35e1b516d23)
Start importing Assets/Media/UI/UI/settings_ui_bg-1.png using Guid(a10a34a45e8a289458a94900f44611d2) Importer(2089858483,0ecaa5967403d082aa24f35e1b516d23)  -> (artifact id: '38b290b496cfdde37ab32a9ba82e6cfa') in 0.021132 seconds
Number of updated asset objects reloaded before import = 0
Number of asset objects unloaded after import = 3
========================================================================
Received Import Request.
  Time since last request: 0.000030 seconds.
  path: Assets/Media/UI/UI/IMG_2322.png
  artifactKey: Guid(7f24b3caf108cd34d98330fbca2d1ad7) Importer(2089858483,0ecaa5967403d082aa24f35e1b516d23)
Start importing Assets/Media/UI/UI/IMG_2322.png using Guid(7f24b3caf108cd34d98330fbca2d1ad7) Importer(2089858483,0ecaa5967403d082aa24f35e1b516d23)  -> (artifact id: 'e19a1eb81ceab1e94fed35a9c950acf0') in 0.544447 seconds
Number of updated asset objects reloaded before import = 0
Number of asset objects unloaded after import = 3
========================================================================
Received Import Request.
  Time since last request: 0.000023 seconds.
  path: Assets/Media/UI/UI/blue_green_square.png
  artifactKey: Guid(4c56530194e6f5d44b66443395c94d0b) Importer(2089858483,0ecaa5967403d082aa24f35e1b516d23)
Start importing Assets/Media/UI/UI/blue_green_square.png using Guid(4c56530194e6f5d44b66443395c94d0b) Importer(2089858483,0ecaa5967403d082aa24f35e1b516d23)  -> (artifact id: '407d5aad46d53c26ee756defde78b6bb') in 0.038863 seconds
Number of updated asset objects reloaded before import = 0
Number of asset objects unloaded after import = 3
========================================================================
Received Import Request.
  Time since last request: 0.000029 seconds.
  path: Assets/Level_1_Assets_Prefab/Storage_Door/Materials 1/Storage_Lockers_Separeted_Doors_Material.033_AlbedoTransparency.mat
  artifactKey: Guid(1426e366417c0da4e8fde34dc8bc05b4) Importer(2089858483,0ecaa5967403d082aa24f35e1b516d23)
Start importing Assets/Level_1_Assets_Prefab/Storage_Door/Materials 1/Storage_Lockers_Separeted_Doors_Material.033_AlbedoTransparency.mat using Guid(1426e366417c0da4e8fde34dc8bc05b4) Importer(2089858483,0ecaa5967403d082aa24f35e1b516d23)  -> (artifact id: 'd9081e6177badf0de1b79c265f88310e') in 0.276617 seconds
Number of updated asset objects reloaded before import = 0
Number of asset objects unloaded after import = 6
========================================================================
Received Import Request.
  Time since last request: 0.000018 seconds.
  path: Assets/Plugins/Demigiant/DOTween/DOTween.XML
  artifactKey: Guid(34192c5e0d14aee43a0e86cc4823268a) Importer(2089858483,0ecaa5967403d082aa24f35e1b516d23)
Start importing Assets/Plugins/Demigiant/DOTween/DOTween.XML using Guid(34192c5e0d14aee43a0e86cc4823268a) Importer(2089858483,0ecaa5967403d082aa24f35e1b516d23)  -> (artifact id: '2c46a17e730e9e96d17edfd3700d03fe') in 0.226237 seconds
Number of updated asset objects reloaded before import = 0
Number of asset objects unloaded after import = 1
========================================================================
Received Import Request.
  Time since last request: 0.000036 seconds.
  path: Assets/IgniteCoders/Simple Water Shader/Resources/Water_mat_03.mat
  artifactKey: Guid(19ac4fcfcf42b4344a6c7d97a5cd61fc) Importer(2089858483,0ecaa5967403d082aa24f35e1b516d23)
Start importing Assets/IgniteCoders/Simple Water Shader/Resources/Water_mat_03.mat using Guid(19ac4fcfcf42b4344a6c7d97a5cd61fc) Importer(2089858483,0ecaa5967403d082aa24f35e1b516d23)  -> (artifact id: '01ec73bf4a67ef2bd3e4af16c018c6ba') in 0.021047 seconds
Number of updated asset objects reloaded before import = 0
Number of asset objects unloaded after import = 5
========================================================================
Received Import Request.
  Time since last request: 0.000018 seconds.
  path: Assets/Media/UI/UI/HUD overlay.png
  artifactKey: Guid(228cec8c0c741e644ad957f48ee6244b) Importer(2089858483,0ecaa5967403d082aa24f35e1b516d23)
Start importing Assets/Media/UI/UI/HUD overlay.png using Guid(228cec8c0c741e644ad957f48ee6244b) Importer(2089858483,0ecaa5967403d082aa24f35e1b516d23)  -> (artifact id: '35f07d6a093e4ad972264e70e619f957') in 0.032884 seconds
Number of updated asset objects reloaded before import = 0
Number of asset objects unloaded after import = 3
========================================================================
Received Import Request.
  Time since last request: 0.000024 seconds.
  path: Assets/Prefabs/Fish/Whole/Fish_Whole_Unwrapped_Fish_Whole_AlbedoTransparency.1001.png
  artifactKey: Guid(4b137469b36aeff44a58227271418790) Importer(2089858483,0ecaa5967403d082aa24f35e1b516d23)
Start importing Assets/Prefabs/Fish/Whole/Fish_Whole_Unwrapped_Fish_Whole_AlbedoTransparency.1001.png using Guid(4b137469b36aeff44a58227271418790) Importer(2089858483,0ecaa5967403d082aa24f35e1b516d23)  -> (artifact id: 'e90e319027a7797b6e06a9a86eacd847') in 0.368481 seconds
Number of updated asset objects reloaded before import = 0
Number of asset objects unloaded after import = 1
========================================================================
Received Import Request.
  Time since last request: 0.000036 seconds.
  path: Assets/Media/UI/UI/IMG_0754.png
  artifactKey: Guid(33ef102646696304ba52f06a4b91da0b) Importer(2089858483,0ecaa5967403d082aa24f35e1b516d23)
Start importing Assets/Media/UI/UI/IMG_0754.png using Guid(33ef102646696304ba52f06a4b91da0b) Importer(2089858483,0ecaa5967403d082aa24f35e1b516d23)  -> (artifact id: '632abe8ff6f9a96c0cd16807a0914433') in 0.381294 seconds
Number of updated asset objects reloaded before import = 0
Number of asset objects unloaded after import = 3
========================================================================
Received Import Request.
  Time since last request: 0.000030 seconds.
  path: Assets/Prefabs/Gwangju_3D asset/Scenes/28_SamhuiRestaurant.unity
  artifactKey: Guid(0dc6b8f1d51227c419fec413b0655880) Importer(2089858483,0ecaa5967403d082aa24f35e1b516d23)
Start importing Assets/Prefabs/Gwangju_3D asset/Scenes/28_SamhuiRestaurant.unity using Guid(0dc6b8f1d51227c419fec413b0655880) Importer(2089858483,0ecaa5967403d082aa24f35e1b516d23)  -> (artifact id: 'd9c06768c9c4e268663804c94f6bc1a5') in 0.011626 seconds
Number of updated asset objects reloaded before import = 0
Number of asset objects unloaded after import = 1
========================================================================
Received Import Request.
  Time since last request: 0.000038 seconds.
  path: Assets/Prefabs/Level 2 Prefabs/Lever/Lever_Animated_Updated.fbx
  artifactKey: Guid(29959da3ac756b14d93daceef65cdd6b) Importer(2089858483,0ecaa5967403d082aa24f35e1b516d23)
Start importing Assets/Prefabs/Level 2 Prefabs/Lever/Lever_Animated_Updated.fbx using Guid(29959da3ac756b14d93daceef65cdd6b) Importer(2089858483,0ecaa5967403d082aa24f35e1b516d23)  -> (artifact id: '75130c4e570b74185fac715b80d61a82') in 0.047251 seconds
Number of updated asset objects reloaded before import = 0
Number of asset objects unloaded after import = 17
========================================================================
Received Import Request.
  Time since last request: 0.000023 seconds.
  path: Assets/Prefabs/Lever_Final/Materials/Lever_Unwrapped_Lever_Base_AlbedoTransparency.1001.mat
  artifactKey: Guid(0acdf7d67dad8e6469cb9d58178ac301) Importer(2089858483,0ecaa5967403d082aa24f35e1b516d23)
Start importing Assets/Prefabs/Lever_Final/Materials/Lever_Unwrapped_Lever_Base_AlbedoTransparency.1001.mat using Guid(0acdf7d67dad8e6469cb9d58178ac301) Importer(2089858483,0ecaa5967403d082aa24f35e1b516d23)  -> (artifact id: 'e6265700d81b2869adabf353bc810a69') in 0.022128 seconds
Number of updated asset objects reloaded before import = 0
Number of asset objects unloaded after import = 4
========================================================================
Received Import Request.
  Time since last request: 0.000022 seconds.
  path: Assets/Media/UI/UI/crosshair.png
  artifactKey: Guid(4efda3c005bae98458d59dda24eef213) Importer(2089858483,0ecaa5967403d082aa24f35e1b516d23)
Start importing Assets/Media/UI/UI/crosshair.png using Guid(4efda3c005bae98458d59dda24eef213) Importer(2089858483,0ecaa5967403d082aa24f35e1b516d23)  -> (artifact id: '09ebd2f7b7f9eb32d2b55be52b22d983') in 0.097135 seconds
Number of updated asset objects reloaded before import = 0
Number of asset objects unloaded after import = 3
========================================================================
Received Import Request.
  Time since last request: 0.000020 seconds.
  path: Assets/Prefabs/Ferry/Materials/ferry_Material_BaseColor.1001.mat
  artifactKey: Guid(b0e92d0525ae468419f94043b13457fe) Importer(2089858483,0ecaa5967403d082aa24f35e1b516d23)
Start importing Assets/Prefabs/Ferry/Materials/ferry_Material_BaseColor.1001.mat using Guid(b0e92d0525ae468419f94043b13457fe) Importer(2089858483,0ecaa5967403d082aa24f35e1b516d23)  -> (artifact id: '08a7fe84efbdffa1460b49726213f5e7') in 0.025156 seconds
Number of updated asset objects reloaded before import = 0
Number of asset objects unloaded after import = 6
========================================================================
Received Import Request.
  Time since last request: 0.000029 seconds.
  path: Assets/IgniteCoders/Simple Water Shader/Resources/WaterBlock_50m.mesh
  artifactKey: Guid(3da23cdf512599b42881988944f3918c) Importer(2089858483,0ecaa5967403d082aa24f35e1b516d23)
Start importing Assets/IgniteCoders/Simple Water Shader/Resources/WaterBlock_50m.mesh using Guid(3da23cdf512599b42881988944f3918c) Importer(2089858483,0ecaa5967403d082aa24f35e1b516d23)  -> (artifact id: 'c2c4019a03ce5601cf09c2322f1fdc35') in 0.039428 seconds
Number of updated asset objects reloaded before import = 0
Number of asset objects unloaded after import = 1
========================================================================
Received Import Request.
  Time since last request: 0.000023 seconds.
  path: Assets/Prefabs/Monsters/Frog/phrog_DefaultMaterial_SpecularSmoothness.1001.png
  artifactKey: Guid(ccbe671ffd319ba47aae27f16f267974) Importer(2089858483,0ecaa5967403d082aa24f35e1b516d23)
Start importing Assets/Prefabs/Monsters/Frog/phrog_DefaultMaterial_SpecularSmoothness.1001.png using Guid(ccbe671ffd319ba47aae27f16f267974) Importer(2089858483,0ecaa5967403d082aa24f35e1b516d23)  -> (artifact id: '2c1429eacdbe3cf34ed7dd64b06d39c1') in 0.022450 seconds
Number of updated asset objects reloaded before import = 0
Number of asset objects unloaded after import = 1
========================================================================
Received Import Request.
  Time since last request: 0.000027 seconds.
  path: Assets/Prefabs/Monsters/Frog/phrog_DefaultMaterial_AlbedoTransparency.1001.png
  artifactKey: Guid(09fb5327cc61dab4d86ea59cf433614c) Importer(2089858483,0ecaa5967403d082aa24f35e1b516d23)
Start importing Assets/Prefabs/Monsters/Frog/phrog_DefaultMaterial_AlbedoTransparency.1001.png using Guid(09fb5327cc61dab4d86ea59cf433614c) Importer(2089858483,0ecaa5967403d082aa24f35e1b516d23)  -> (artifact id: 'bed0e32020603795f89e169e68e39716') in 0.019489 seconds
Number of updated asset objects reloaded before import = 0
Number of asset objects unloaded after import = 1
========================================================================
Received Import Request.
  Time since last request: 0.000021 seconds.
  path: Assets/Prefabs/Lever_Final/Materials/Lever_Unwrapped_Lever_Pole_AlbedoTransparency.1001.mat
  artifactKey: Guid(bae544ccdea05b847b5130602e9ede60) Importer(2089858483,0ecaa5967403d082aa24f35e1b516d23)
Start importing Assets/Prefabs/Lever_Final/Materials/Lever_Unwrapped_Lever_Pole_AlbedoTransparency.1001.mat using Guid(bae544ccdea05b847b5130602e9ede60) Importer(2089858483,0ecaa5967403d082aa24f35e1b516d23)  -> (artifact id: '6b1d4c6df4ad29b539f27d08db6df1a3') in 0.022330 seconds
Number of updated asset objects reloaded before import = 0
Number of asset objects unloaded after import = 4
========================================================================
Received Import Request.
  Time since last request: 0.000019 seconds.
  path: Assets/Prefabs/Shipment Containers/Rectangle/Container_Rectangle.fbx
  artifactKey: Guid(a4c2cc03e36be53468421b2c44ce76b7) Importer(2089858483,0ecaa5967403d082aa24f35e1b516d23)
Start importing Assets/Prefabs/Shipment Containers/Rectangle/Container_Rectangle.fbx using Guid(a4c2cc03e36be53468421b2c44ce76b7) Importer(2089858483,0ecaa5967403d082aa24f35e1b516d23)  -> (artifact id: '5a0957fdd17730be687da3d1014994c6') in 0.018906 seconds
Number of updated asset objects reloaded before import = 0
Number of asset objects unloaded after import = 7
========================================================================
Received Import Request.
  Time since last request: 0.000021 seconds.
  path: Assets/Prefabs/Monsters/Frog/Frog_Animation_Controller.controller
  artifactKey: Guid(0948ced55c3328e43b9b483403a5740d) Importer(2089858483,0ecaa5967403d082aa24f35e1b516d23)
Start importing Assets/Prefabs/Monsters/Frog/Frog_Animation_Controller.controller using Guid(0948ced55c3328e43b9b483403a5740d) Importer(2089858483,0ecaa5967403d082aa24f35e1b516d23)  -> (artifact id: '1699ae185da94d71ecc9346a249f8353') in 0.015811 seconds
Number of updated asset objects reloaded before import = 0
Number of asset objects unloaded after import = 4
========================================================================
Received Import Request.
  Time since last request: 0.000031 seconds.
  path: Assets/Prefabs/MonstersTextures/CoralGolem/Coral_Golem.prefab
  artifactKey: Guid(dc135fb53d9407d459e65e4973bdc8c8) Importer(2089858483,0ecaa5967403d082aa24f35e1b516d23)
Start importing Assets/Prefabs/MonstersTextures/CoralGolem/Coral_Golem.prefab using Guid(dc135fb53d9407d459e65e4973bdc8c8) Importer(2089858483,0ecaa5967403d082aa24f35e1b516d23)  -> (artifact id: 'd19c897a93607f3c79b1828e82161a43') in 0.064708 seconds
Number of updated asset objects reloaded before import = 0
Number of asset objects unloaded after import = 13
========================================================================
Received Import Request.
  Time since last request: 0.000035 seconds.
  path: Assets/Prefabs/Carousel/Materials/Crousel_NoTextures_Material.066_AlbedoTransparency.1001.mat
  artifactKey: Guid(f315a87246c8adb44b0f992dc78fb04d) Importer(2089858483,0ecaa5967403d082aa24f35e1b516d23)
Start importing Assets/Prefabs/Carousel/Materials/Crousel_NoTextures_Material.066_AlbedoTransparency.1001.mat using Guid(f315a87246c8adb44b0f992dc78fb04d) Importer(2089858483,0ecaa5967403d082aa24f35e1b516d23)  -> (artifact id: '53f6a468d27c67e96f3fb85b4a18223e') in 0.024425 seconds
Number of updated asset objects reloaded before import = 0
Number of asset objects unloaded after import = 4
========================================================================
Received Import Request.
  Time since last request: 0.000023 seconds.
  path: Assets/Prefabs/Fish/Whole/New Material.mat
  artifactKey: Guid(cd1afb012e6247b4a8512ea8a61c40b1) Importer(2089858483,0ecaa5967403d082aa24f35e1b516d23)
Start importing Assets/Prefabs/Fish/Whole/New Material.mat using Guid(cd1afb012e6247b4a8512ea8a61c40b1) Importer(2089858483,0ecaa5967403d082aa24f35e1b516d23)  -> (artifact id: '69501e8c7260fcc680a28cc83e2c6c09') in 0.039591 seconds
Number of updated asset objects reloaded before import = 0
Number of asset objects unloaded after import = 3
========================================================================
Received Import Request.
  Time since last request: 0.000021 seconds.
  path: Assets/Level_1_Assets_Prefab/Storage_Door/Materials 1/Storage_Lockers_Separeted_Doors_Material.004_AlbedoTransparency.mat
  artifactKey: Guid(e5a4563166456fd4d83e76f434260443) Importer(2089858483,0ecaa5967403d082aa24f35e1b516d23)
Start importing Assets/Level_1_Assets_Prefab/Storage_Door/Materials 1/Storage_Lockers_Separeted_Doors_Material.004_AlbedoTransparency.mat using Guid(e5a4563166456fd4d83e76f434260443) Importer(2089858483,0ecaa5967403d082aa24f35e1b516d23)  -> (artifact id: '6d0b1798edc4fceeef299856a1a02b99') in 0.022970 seconds
Number of updated asset objects reloaded before import = 0
Number of asset objects unloaded after import = 6
========================================================================
Received Import Request.
  Time since last request: 0.000021 seconds.
  path: Assets/Level_1_Assets_Prefab/Storage_Door/Materials 1/Storage_Lockers_Separeted_Doors_Material.032_AlbedoTransparency.mat
  artifactKey: Guid(be0f0a97a52243645b30b01069ba4bed) Importer(2089858483,0ecaa5967403d082aa24f35e1b516d23)
Start importing Assets/Level_1_Assets_Prefab/Storage_Door/Materials 1/Storage_Lockers_Separeted_Doors_Material.032_AlbedoTransparency.mat using Guid(be0f0a97a52243645b30b01069ba4bed) Importer(2089858483,0ecaa5967403d082aa24f35e1b516d23)  -> (artifact id: 'b771d2c96192174b5a6d2f6ca75e2648') in 0.021801 seconds
Number of updated asset objects reloaded before import = 0
Number of asset objects unloaded after import = 6
========================================================================
Received Import Request.
  Time since last request: 0.000024 seconds.
  path: Assets/Media/UI/UI/settings_ui_bg.png
  artifactKey: Guid(cb7a937e50a6fd743bebdce727901d46) Importer(2089858483,0ecaa5967403d082aa24f35e1b516d23)
Start importing Assets/Media/UI/UI/settings_ui_bg.png using Guid(cb7a937e50a6fd743bebdce727901d46) Importer(2089858483,0ecaa5967403d082aa24f35e1b516d23)  -> (artifact id: 'bc6521ffcc410793e4ff06f11ced2edb') in 0.021598 seconds
Number of updated asset objects reloaded before import = 0
Number of asset objects unloaded after import = 3
========================================================================
Received Import Request.
  Time since last request: 0.000040 seconds.
  path: Assets/Prefabs/Water/Underwater Effects/UnderwaterFog.shadergraph
  artifactKey: Guid(f0dd1c240da15734192504a10e43dd36) Importer(2089858483,0ecaa5967403d082aa24f35e1b516d23)
Start importing Assets/Prefabs/Water/Underwater Effects/UnderwaterFog.shadergraph using Guid(f0dd1c240da15734192504a10e43dd36) Importer(2089858483,0ecaa5967403d082aa24f35e1b516d23)  -> (artifact id: '8ee1a2c7257323f1d84652f7f8ea1384') in 0.050772 seconds
Number of updated asset objects reloaded before import = 0
Number of asset objects unloaded after import = 3
========================================================================
Received Import Request.
  Time since last request: 0.000040 seconds.
  path: Assets/QuickOutline/Resources/Materials/OutlineMask.mat
  artifactKey: Guid(106f3ff43a17d4967a2b64c7a92e49ec) Importer(2089858483,0ecaa5967403d082aa24f35e1b516d23)
Start importing Assets/QuickOutline/Resources/Materials/OutlineMask.mat using Guid(106f3ff43a17d4967a2b64c7a92e49ec) Importer(2089858483,0ecaa5967403d082aa24f35e1b516d23)  -> (artifact id: 'dc20d1e16812e7db4e2802562e077327') in 0.211426 seconds
Number of updated asset objects reloaded before import = 0
Number of asset objects unloaded after import = 1
========================================================================
Received Import Request.
  Time since last request: 0.000027 seconds.
  path: Assets/QuickOutline/Resources/Materials/OutlineFill.mat
  artifactKey: Guid(311313efa011949e98b6761d652ad13c) Importer(2089858483,0ecaa5967403d082aa24f35e1b516d23)
Start importing Assets/QuickOutline/Resources/Materials/OutlineFill.mat using Guid(311313efa011949e98b6761d652ad13c) Importer(2089858483,0ecaa5967403d082aa24f35e1b516d23)  -> (artifact id: 'ef4a046c06c4d9f2bc56146f940408be') in 0.015922 seconds
Number of updated asset objects reloaded before import = 0
Number of asset objects unloaded after import = 1
========================================================================
Received Import Request.
  Time since last request: 0.000029 seconds.
  path: Assets/Prefabs/Viking Ride/Materials/Viking Ride_Fixed UV_Material.038_AlbedoTransparency.1006.mat
  artifactKey: Guid(04e66678933e8a141a12bce3edeceeb8) Importer(2089858483,0ecaa5967403d082aa24f35e1b516d23)
Start importing Assets/Prefabs/Viking Ride/Materials/Viking Ride_Fixed UV_Material.038_AlbedoTransparency.1006.mat using Guid(04e66678933e8a141a12bce3edeceeb8) Importer(2089858483,0ecaa5967403d082aa24f35e1b516d23)  -> (artifact id: 'eea05a690d24feac8b757646d087dfa4') in 0.021173 seconds
Number of updated asset objects reloaded before import = 0
Number of asset objects unloaded after import = 5
========================================================================
Received Import Request.
  Time since last request: 0.000017 seconds.
  path: Assets/Prefabs/Water/Underwater Effects/Underwater.cs
  artifactKey: Guid(1da1f5b1f37e9b34da4c29c89838dc59) Importer(2089858483,0ecaa5967403d082aa24f35e1b516d23)
Start importing Assets/Prefabs/Water/Underwater Effects/Underwater.cs using Guid(1da1f5b1f37e9b34da4c29c89838dc59) Importer(2089858483,0ecaa5967403d082aa24f35e1b516d23)  -> (artifact id: 'd89218bebebeb1241fbd6b3cbfcc8d7e') in 0.015186 seconds
Number of updated asset objects reloaded before import = 0
Number of asset objects unloaded after import = 1
========================================================================
Received Import Request.
  Time since last request: 0.000096 seconds.
  path: Assets/Prefabs/Shipment Containers/Square/Container_Square.fbx
  artifactKey: Guid(4b1a1b8c30b0d2340920822b7a65f19e) Importer(2089858483,0ecaa5967403d082aa24f35e1b516d23)
Start importing Assets/Prefabs/Shipment Containers/Square/Container_Square.fbx using Guid(4b1a1b8c30b0d2340920822b7a65f19e) Importer(2089858483,0ecaa5967403d082aa24f35e1b516d23)  -> (artifact id: 'fdb77e83364eb83589ca8648323c0807') in 0.020513 seconds
Number of updated asset objects reloaded before import = 0
Number of asset objects unloaded after import = 7
========================================================================
Received Import Request.
  Time since last request: 0.000015 seconds.
  path: Assets/TutorialInfo/Scripts/Editor/ReadmeEditor.cs
  artifactKey: Guid(476cc7d7cd9874016adc216baab94a0a) Importer(2089858483,0ecaa5967403d082aa24f35e1b516d23)
Start importing Assets/TutorialInfo/Scripts/Editor/ReadmeEditor.cs using Guid(476cc7d7cd9874016adc216baab94a0a) Importer(2089858483,0ecaa5967403d082aa24f35e1b516d23)  -> (artifact id: '01e2b0529168927a5a0750adcc065dee') in 0.016836 seconds
Number of updated asset objects reloaded before import = 0
Number of asset objects unloaded after import = 1
========================================================================
Received Import Request.
  Time since last request: 0.000027 seconds.
  path: Assets/_Scripts/Core/Utilities/Helpers.cs
  artifactKey: Guid(251eb58e00857ba469586e1692ac0067) Importer(2089858483,0ecaa5967403d082aa24f35e1b516d23)
Start importing Assets/_Scripts/Core/Utilities/Helpers.cs using Guid(251eb58e00857ba469586e1692ac0067) Importer(2089858483,0ecaa5967403d082aa24f35e1b516d23)  -> (artifact id: 'b20910ab068ced8567a0536dbbea77f8') in 0.013253 seconds
Number of updated asset objects reloaded before import = 0
Number of asset objects unloaded after import = 1
========================================================================
Received Import Request.
  Time since last request: 0.000034 seconds.
  path: Assets/QuickOutline/Resources/Shaders/OutlineMask.shader
  artifactKey: Guid(341b058cd7dee4f5cba5cc59a513619e) Importer(2089858483,0ecaa5967403d082aa24f35e1b516d23)
Start importing Assets/QuickOutline/Resources/Shaders/OutlineMask.shader using Guid(341b058cd7dee4f5cba5cc59a513619e) Importer(2089858483,0ecaa5967403d082aa24f35e1b516d23)  -> (artifact id: '18a6ffe2123586261033999e7035159a') in 0.012589 seconds
Number of updated asset objects reloaded before import = 0
Number of asset objects unloaded after import = 1
========================================================================
Received Import Request.
  Time since last request: 0.000026 seconds.
  path: Assets/QuickOutline/Samples/Materials/Plane.mat
  artifactKey: Guid(f58cf65ea995c4b45be95713bdea8134) Importer(2089858483,0ecaa5967403d082aa24f35e1b516d23)
Start importing Assets/QuickOutline/Samples/Materials/Plane.mat using Guid(f58cf65ea995c4b45be95713bdea8134) Importer(2089858483,0ecaa5967403d082aa24f35e1b516d23)  -> (artifact id: '2cafa2c9274d681c403a0816e006ff95') in 0.145141 seconds
Number of updated asset objects reloaded before import = 0
Number of asset objects unloaded after import = 1
========================================================================
Received Import Request.
  Time since last request: 0.000018 seconds.
  path: Assets/_Scripts/Player/JumpScare/JumpscareMechanic.cs
  artifactKey: Guid(ce46469103b8ccb4bbf32d9ffdd9a8dc) Importer(2089858483,0ecaa5967403d082aa24f35e1b516d23)
Start importing Assets/_Scripts/Player/JumpScare/JumpscareMechanic.cs using Guid(ce46469103b8ccb4bbf32d9ffdd9a8dc) Importer(2089858483,0ecaa5967403d082aa24f35e1b516d23)  -> (artifact id: '7ada43fafd1ed826135c8d68a804d7a8') in 0.014187 seconds
Number of updated asset objects reloaded before import = 0
Number of asset objects unloaded after import = 1
========================================================================
Received Import Request.
  Time since last request: 0.000030 seconds.
  path: Assets/TextMesh Pro/Resources/Fonts & Materials/LiberationSans SDF - Drop Shadow.mat
  artifactKey: Guid(e73a58f6e2794ae7b1b7e50b7fb811b0) Importer(2089858483,0ecaa5967403d082aa24f35e1b516d23)
Start importing Assets/TextMesh Pro/Resources/Fonts & Materials/LiberationSans SDF - Drop Shadow.mat using Guid(e73a58f6e2794ae7b1b7e50b7fb811b0) Importer(2089858483,0ecaa5967403d082aa24f35e1b516d23)  -> (artifact id: '5ecdee15ab97455bf581d76108550875') in 0.086268 seconds
Number of updated asset objects reloaded before import = 0
Number of asset objects unloaded after import = 2
========================================================================
Received Import Request.
  Time since last request: 0.000027 seconds.
  path: Assets/_Scripts/Systems/Dialogue/DialogueManager.cs
  artifactKey: Guid(97bd00a18e9422c4c9cb4bfb16ba8fe6) Importer(2089858483,0ecaa5967403d082aa24f35e1b516d23)
Start importing Assets/_Scripts/Systems/Dialogue/DialogueManager.cs using Guid(97bd00a18e9422c4c9cb4bfb16ba8fe6) Importer(2089858483,0ecaa5967403d082aa24f35e1b516d23)  -> (artifact id: 'd66f6f2c3047662cc89f303f3e2614df') in 0.013499 seconds
Number of updated asset objects reloaded before import = 0
Number of asset objects unloaded after import = 1
========================================================================
Received Import Request.
  Time since last request: 0.000026 seconds.
  path: Assets/_Scripts/Systems/Audio/AudioExtensions.cs
  artifactKey: Guid(150fe40b5f5e44b5b9b1ed22b9cfec0e) Importer(2089858483,0ecaa5967403d082aa24f35e1b516d23)
Start importing Assets/_Scripts/Systems/Audio/AudioExtensions.cs using Guid(150fe40b5f5e44b5b9b1ed22b9cfec0e) Importer(2089858483,0ecaa5967403d082aa24f35e1b516d23)  -> (artifact id: 'b7e5a1f7e0713d491b561a0da743eebf') in 0.011890 seconds
Number of updated asset objects reloaded before import = 0
Number of asset objects unloaded after import = 1
========================================================================
Received Import Request.
  Time since last request: 0.000030 seconds.
  path: Assets/_Scripts/Systems/GameCore/ChangeSceneTrigger.cs
  artifactKey: Guid(4c42f2c1bdfff0348b0174f1b34b9371) Importer(2089858483,0ecaa5967403d082aa24f35e1b516d23)
Start importing Assets/_Scripts/Systems/GameCore/ChangeSceneTrigger.cs using Guid(4c42f2c1bdfff0348b0174f1b34b9371) Importer(2089858483,0ecaa5967403d082aa24f35e1b516d23)  -> (artifact id: '4f56609c7e3135a0f61d6c979f3113b0') in 0.014730 seconds
Number of updated asset objects reloaded before import = 0
Number of asset objects unloaded after import = 1
========================================================================
Received Import Request.
  Time since last request: 0.000029 seconds.
  path: Assets/_Scripts/Systems/Dialogue/DialogueTrigger.cs
  artifactKey: Guid(42a46ddaa783b754f9be75cef88ac630) Importer(2089858483,0ecaa5967403d082aa24f35e1b516d23)
Start importing Assets/_Scripts/Systems/Dialogue/DialogueTrigger.cs using Guid(42a46ddaa783b754f9be75cef88ac630) Importer(2089858483,0ecaa5967403d082aa24f35e1b516d23)  -> (artifact id: 'a2cfa0d201000bd7f88c90950322e7a9') in 0.013311 seconds
Number of updated asset objects reloaded before import = 0
Number of asset objects unloaded after import = 1
========================================================================
Received Import Request.
  Time since last request: 0.000026 seconds.
  path: Assets/_Scripts/Player/PlayerInteraction/Interactable.cs
  artifactKey: Guid(55b10e0913fe7fc4aa50b9693542229a) Importer(2089858483,0ecaa5967403d082aa24f35e1b516d23)
Start importing Assets/_Scripts/Player/PlayerInteraction/Interactable.cs using Guid(55b10e0913fe7fc4aa50b9693542229a) Importer(2089858483,0ecaa5967403d082aa24f35e1b516d23)  -> (artifact id: 'c2bf4175a8aaf8e3b9d6eb5e6510db2c') in 0.015015 seconds
Number of updated asset objects reloaded before import = 0
Number of asset objects unloaded after import = 1
========================================================================
Received Import Request.
  Time since last request: 0.000025 seconds.
  path: Assets/_Scripts/Systems/GameCore/GameManager.cs
  artifactKey: Guid(60ed1ef1fe73c5d46ac1f0d764c64bd2) Importer(2089858483,0ecaa5967403d082aa24f35e1b516d23)
Start importing Assets/_Scripts/Systems/GameCore/GameManager.cs using Guid(60ed1ef1fe73c5d46ac1f0d764c64bd2) Importer(2089858483,0ecaa5967403d082aa24f35e1b516d23)  -> (artifact id: '202e95834619fb56c888ed01538ad15a') in 0.015102 seconds
Number of updated asset objects reloaded before import = 0
Number of asset objects unloaded after import = 1
========================================================================
Received Import Request.
  Time since last request: 0.000025 seconds.
  path: Assets/_Scripts/Player/PlayerInteraction/PlayerInteraction.cs
  artifactKey: Guid(d6fa83446bcdecc4991f3c25c4fc56bf) Importer(2089858483,0ecaa5967403d082aa24f35e1b516d23)
Start importing Assets/_Scripts/Player/PlayerInteraction/PlayerInteraction.cs using Guid(d6fa83446bcdecc4991f3c25c4fc56bf) Importer(2089858483,0ecaa5967403d082aa24f35e1b516d23)  -> (artifact id: '36e314dbcd03f239f53efb6900e9de1a') in 0.011769 seconds
Number of updated asset objects reloaded before import = 0
Number of asset objects unloaded after import = 1
========================================================================
Received Import Request.
  Time since last request: 0.000025 seconds.
  path: Assets/TextMesh Pro/Resources/Fonts & Materials/LiberationSans SDF - Fallback.asset
  artifactKey: Guid(2e498d1c8094910479dc3e1b768306a4) Importer(2089858483,0ecaa5967403d082aa24f35e1b516d23)
Start importing Assets/TextMesh Pro/Resources/Fonts & Materials/LiberationSans SDF - Fallback.asset using Guid(2e498d1c8094910479dc3e1b768306a4) Importer(2089858483,0ecaa5967403d082aa24f35e1b516d23)  -> (artifact id: 'd164d90edc3393d83de0acca563a36c6') in 0.105886 seconds
Number of updated asset objects reloaded before import = 0
Number of asset objects unloaded after import = 5
========================================================================
Received Import Request.
  Time since last request: 0.000028 seconds.
  path: Assets/Media/UI/UI/Dialogue_Background.png
  artifactKey: Guid(a3652971a9be18c45810835abba1075b) Importer(2089858483,0ecaa5967403d082aa24f35e1b516d23)
Start importing Assets/Media/UI/UI/Dialogue_Background.png using Guid(a3652971a9be18c45810835abba1075b) Importer(2089858483,0ecaa5967403d082aa24f35e1b516d23)  -> (artifact id: '8d19fc0b53fe59ac74de644b39f7d647') in 0.037352 seconds
Number of updated asset objects reloaded before import = 0
Number of asset objects unloaded after import = 3
========================================================================
Received Import Request.
  Time since last request: 0.000023 seconds.
  path: Assets/_Scripts/Systems/PauseSystem/BaseMenuUI.cs
  artifactKey: Guid(12845fdbcd6002d4b98cb2e80adb0cac) Importer(2089858483,0ecaa5967403d082aa24f35e1b516d23)
Start importing Assets/_Scripts/Systems/PauseSystem/BaseMenuUI.cs using Guid(12845fdbcd6002d4b98cb2e80adb0cac) Importer(2089858483,0ecaa5967403d082aa24f35e1b516d23)  -> (artifact id: 'a835cc82ff398f3e25cb0e60ee821b44') in 0.012972 seconds
Number of updated asset objects reloaded before import = 0
Number of asset objects unloaded after import = 1
========================================================================
Received Import Request.
  Time since last request: 0.000034 seconds.
  path: Assets/_Scripts/Systems/InterAction/PickableInteractable.cs
  artifactKey: Guid(c275e40f94dc17344b657aaa2d1817f1) Importer(2089858483,0ecaa5967403d082aa24f35e1b516d23)
Start importing Assets/_Scripts/Systems/InterAction/PickableInteractable.cs using Guid(c275e40f94dc17344b657aaa2d1817f1) Importer(2089858483,0ecaa5967403d082aa24f35e1b516d23)  -> (artifact id: 'ddf7fe59cccc9f59b05012f773d213b7') in 0.023816 seconds
Number of updated asset objects reloaded before import = 0
Number of asset objects unloaded after import = 1
========================================================================
Received Import Request.
  Time since last request: 0.001307 seconds.
  path: Assets/_Scripts/Systems/InterAction/LockedDoorInteractable.cs
  artifactKey: Guid(e443c93b32b72aa4a828f66e7817d300) Importer(2089858483,0ecaa5967403d082aa24f35e1b516d23)
Start importing Assets/_Scripts/Systems/InterAction/LockedDoorInteractable.cs using Guid(e443c93b32b72aa4a828f66e7817d300) Importer(2089858483,0ecaa5967403d082aa24f35e1b516d23)  -> (artifact id: '33a3089b91e4cbdcec291dad437e869e') in 0.020960 seconds
Number of updated asset objects reloaded before import = 0
Number of asset objects unloaded after import = 1
========================================================================
Received Import Request.
  Time since last request: 0.000022 seconds.
  path: Assets/_Scripts/Systems/Input/GameInputManager.cs
  artifactKey: Guid(da7e308e4448c2a41b374a32595d7fd7) Importer(2089858483,0ecaa5967403d082aa24f35e1b516d23)
Start importing Assets/_Scripts/Systems/Input/GameInputManager.cs using Guid(da7e308e4448c2a41b374a32595d7fd7) Importer(2089858483,0ecaa5967403d082aa24f35e1b516d23)  -> (artifact id: 'cac52568d176d828e5247c0a56d77d20') in 0.012887 seconds
Number of updated asset objects reloaded before import = 0
Number of asset objects unloaded after import = 1
========================================================================
Received Import Request.
  Time since last request: 0.000026 seconds.
  path: Assets/_Scripts/Systems/MonsterSpawner/MonsterCleanup.cs
  artifactKey: Guid(51b8cf02eab53f74ab42a455c3d3ff2a) Importer(2089858483,0ecaa5967403d082aa24f35e1b516d23)
Start importing Assets/_Scripts/Systems/MonsterSpawner/MonsterCleanup.cs using Guid(51b8cf02eab53f74ab42a455c3d3ff2a) Importer(2089858483,0ecaa5967403d082aa24f35e1b516d23)  -> (artifact id: '2be06b056e4c8a14d7da1100720222d3') in 0.012894 seconds
Number of updated asset objects reloaded before import = 0
Number of asset objects unloaded after import = 1
========================================================================
Received Import Request.
  Time since last request: 0.000026 seconds.
  path: Assets/_Scripts/Systems/InterAction/GeneratorInteraction.cs
  artifactKey: Guid(9130af82fdf50604895429e57b69323a) Importer(2089858483,0ecaa5967403d082aa24f35e1b516d23)
Start importing Assets/_Scripts/Systems/InterAction/GeneratorInteraction.cs using Guid(9130af82fdf50604895429e57b69323a) Importer(2089858483,0ecaa5967403d082aa24f35e1b516d23)  -> (artifact id: 'fb43636836e25a16d4dca3bfd019ea63') in 0.010966 seconds
Number of updated asset objects reloaded before import = 0
Number of asset objects unloaded after import = 1
========================================================================
Received Import Request.
  Time since last request: 0.000021 seconds.
  path: Assets/_Scripts/Systems/Hint System/HintTrigger.cs
  artifactKey: Guid(45004e08b0fb3744ab9095029af8fd30) Importer(2089858483,0ecaa5967403d082aa24f35e1b516d23)
Start importing Assets/_Scripts/Systems/Hint System/HintTrigger.cs using Guid(45004e08b0fb3744ab9095029af8fd30) Importer(2089858483,0ecaa5967403d082aa24f35e1b516d23)  -> (artifact id: 'b034858a40d3826fa1909a743d3ad72f') in 0.011497 seconds
Number of updated asset objects reloaded before import = 0
Number of asset objects unloaded after import = 1
========================================================================
Received Import Request.
  Time since last request: 0.000025 seconds.
  path: Assets/_Scripts/Systems/Scriptables/MusicConfiiguration.cs
  artifactKey: Guid(46945052c9bb636479171f66bb4913a5) Importer(2089858483,0ecaa5967403d082aa24f35e1b516d23)
Start importing Assets/_Scripts/Systems/Scriptables/MusicConfiiguration.cs using Guid(46945052c9bb636479171f66bb4913a5) Importer(2089858483,0ecaa5967403d082aa24f35e1b516d23)  -> (artifact id: '24e66e79a2d86136937d510f0b889a20') in 0.013542 seconds
Number of updated asset objects reloaded before import = 0
Number of asset objects unloaded after import = 1
========================================================================
Received Import Request.
  Time since last request: 0.000018 seconds.
  path: Assets/_Scripts/Systems/MonsterSpawner/FrogMonster.cs
  artifactKey: Guid(07def49555926fe498a4455dc3875d70) Importer(2089858483,0ecaa5967403d082aa24f35e1b516d23)
Start importing Assets/_Scripts/Systems/MonsterSpawner/FrogMonster.cs using Guid(07def49555926fe498a4455dc3875d70) Importer(2089858483,0ecaa5967403d082aa24f35e1b516d23)  -> (artifact id: 'bb19b183c5b3cb01e26a09b9c48b4709') in 0.011620 seconds
Number of updated asset objects reloaded before import = 0
Number of asset objects unloaded after import = 1
========================================================================
Received Import Request.
  Time since last request: 0.000028 seconds.
  path: Assets/_Scripts/Systems/InterAction/DoorController.cs
  artifactKey: Guid(3cd25f356ecccc44a9fd6a3a3515a0be) Importer(2089858483,0ecaa5967403d082aa24f35e1b516d23)
Start importing Assets/_Scripts/Systems/InterAction/DoorController.cs using Guid(3cd25f356ecccc44a9fd6a3a3515a0be) Importer(2089858483,0ecaa5967403d082aa24f35e1b516d23)  -> (artifact id: '7a67800f30d94f6c2f873643132b1558') in 0.012327 seconds
Number of updated asset objects reloaded before import = 0
Number of asset objects unloaded after import = 1
========================================================================
Received Import Request.
  Time since last request: 0.000025 seconds.
  path: Assets/Media/Audio/Dialogue/Fish (edited)/Line 8_so you dont forget i hope my blood stains.mp3
  artifactKey: Guid(5f0bd8b2db457264bb8727fc4a23fb02) Importer(2089858483,0ecaa5967403d082aa24f35e1b516d23)
Start importing Assets/Media/Audio/Dialogue/Fish (edited)/Line 8_so you dont forget i hope my blood stains.mp3 using Guid(5f0bd8b2db457264bb8727fc4a23fb02) Importer(2089858483,0ecaa5967403d082aa24f35e1b516d23)  -> (artifact id: '5306ab2ca56f284f4f8d5334e9796494') in 0.040051 seconds
Number of updated asset objects reloaded before import = 0
Number of asset objects unloaded after import = 1
========================================================================
Received Import Request.
  Time since last request: 0.000020 seconds.
  path: Assets/Media/Audio/Dialogue/Fish (edited)/Line 4_do you remember.mp3
  artifactKey: Guid(fc285c7cabc5db845b7dad4d6cc4b686) Importer(2089858483,0ecaa5967403d082aa24f35e1b516d23)
Start importing Assets/Media/Audio/Dialogue/Fish (edited)/Line 4_do you remember.mp3 using Guid(fc285c7cabc5db845b7dad4d6cc4b686) Importer(2089858483,0ecaa5967403d082aa24f35e1b516d23)  -> (artifact id: 'cb097ad08fb9ee7fd1e52f0ef303f32f') in 0.040766 seconds
Number of updated asset objects reloaded before import = 0
Number of asset objects unloaded after import = 1
========================================================================
Received Import Request.
  Time since last request: 0.000034 seconds.
  path: Assets/_Scripts/Systems/Tutorial/ITutorialStep.cs
  artifactKey: Guid(5329e1e529d0a3c4a939cece281df52e) Importer(2089858483,0ecaa5967403d082aa24f35e1b516d23)
Start importing Assets/_Scripts/Systems/Tutorial/ITutorialStep.cs using Guid(5329e1e529d0a3c4a939cece281df52e) Importer(2089858483,0ecaa5967403d082aa24f35e1b516d23)  -> (artifact id: 'e9305abcf3bd4690d5d4028674790b7e') in 0.013089 seconds
Number of updated asset objects reloaded before import = 0
Number of asset objects unloaded after import = 1
========================================================================
Received Import Request.
  Time since last request: 0.000022 seconds.
  path: Assets/_Scripts/Systems/Tutorial/TutorialData.cs
  artifactKey: Guid(0456b5b68b85fe442a2c1f756a203d33) Importer(2089858483,0ecaa5967403d082aa24f35e1b516d23)
Start importing Assets/_Scripts/Systems/Tutorial/TutorialData.cs using Guid(0456b5b68b85fe442a2c1f756a203d33) Importer(2089858483,0ecaa5967403d082aa24f35e1b516d23)  -> (artifact id: 'f7fc3880a52c99c319ffd5a4ddbda195') in 0.012319 seconds
Number of updated asset objects reloaded before import = 0
Number of asset objects unloaded after import = 1
========================================================================
Received Import Request.
  Time since last request: 0.000023 seconds.
  path: Assets/_Scripts/UI/Menu/UIEvents.cs
  artifactKey: Guid(bf54a039ca5d7d446bdc4a0496b0a2e4) Importer(2089858483,0ecaa5967403d082aa24f35e1b516d23)
Start importing Assets/_Scripts/UI/Menu/UIEvents.cs using Guid(bf54a039ca5d7d446bdc4a0496b0a2e4) Importer(2089858483,0ecaa5967403d082aa24f35e1b516d23)  -> (artifact id: '391f17ed6aa4d408d98ed545b250420d') in 0.013865 seconds
Number of updated asset objects reloaded before import = 0
Number of asset objects unloaded after import = 1
========================================================================
Received Import Request.
  Time since last request: 0.000025 seconds.
  path: Assets/_Scripts/UI/Menu/MainMenuCameraEventHandler.cs
  artifactKey: Guid(6ad0785ce0332c34ca2dbcebcf6413aa) Importer(2089858483,0ecaa5967403d082aa24f35e1b516d23)
Start importing Assets/_Scripts/UI/Menu/MainMenuCameraEventHandler.cs using Guid(6ad0785ce0332c34ca2dbcebcf6413aa) Importer(2089858483,0ecaa5967403d082aa24f35e1b516d23)  -> (artifact id: '007d1ae6da0a57c61ee9f4c55dc02035') in 0.012634 seconds
Number of updated asset objects reloaded before import = 0
Number of asset objects unloaded after import = 1
========================================================================
Received Import Request.
  Time since last request: 0.000020 seconds.
  path: Assets/Media/Audio/Dialogue/Fish (edited)/Line 6_long monologue thing.mp3
  artifactKey: Guid(c696baed970d2ad4a8b984c2b11fafc8) Importer(2089858483,0ecaa5967403d082aa24f35e1b516d23)
Start importing Assets/Media/Audio/Dialogue/Fish (edited)/Line 6_long monologue thing.mp3 using Guid(c696baed970d2ad4a8b984c2b11fafc8) Importer(2089858483,0ecaa5967403d082aa24f35e1b516d23)  -> (artifact id: 'e52210e0735c9da8e81e06a8ee409849') in 0.136853 seconds
Number of updated asset objects reloaded before import = 0
Number of asset objects unloaded after import = 1
========================================================================
Received Import Request.
  Time since last request: 0.000035 seconds.
  path: Assets/_Scripts/UI/Menu/RobotMenuController.cs
  artifactKey: Guid(beaa9b574d72e39439c647e1e4300551) Importer(2089858483,0ecaa5967403d082aa24f35e1b516d23)
Start importing Assets/_Scripts/UI/Menu/RobotMenuController.cs using Guid(beaa9b574d72e39439c647e1e4300551) Importer(2089858483,0ecaa5967403d082aa24f35e1b516d23)  -> (artifact id: 'ad901bb70327cba54be9f0cc13400f79') in 0.014449 seconds
Number of updated asset objects reloaded before import = 0
Number of asset objects unloaded after import = 1
========================================================================
Received Import Request.
  Time since last request: 0.000040 seconds.
  path: Assets/_Scripts/UI/Menu/ScaleChangeMenuHandler.cs
  artifactKey: Guid(7c337e4479afc7b4b8027b047c25b9c6) Importer(2089858483,0ecaa5967403d082aa24f35e1b516d23)
Start importing Assets/_Scripts/UI/Menu/ScaleChangeMenuHandler.cs using Guid(7c337e4479afc7b4b8027b047c25b9c6) Importer(2089858483,0ecaa5967403d082aa24f35e1b516d23)  -> (artifact id: '2ea27b4142239228e43816a449f638be') in 0.016404 seconds
Number of updated asset objects reloaded before import = 0
Number of asset objects unloaded after import = 1
========================================================================
Received Import Request.
  Time since last request: 0.000019 seconds.
  path: Assets/Media/Audio/Dialogue/Fish (edited)/Line 2.mp3
  artifactKey: Guid(deb567527830f654f986f5f288872c83) Importer(2089858483,0ecaa5967403d082aa24f35e1b516d23)
Start importing Assets/Media/Audio/Dialogue/Fish (edited)/Line 2.mp3 using Guid(deb567527830f654f986f5f288872c83) Importer(2089858483,0ecaa5967403d082aa24f35e1b516d23)  -> (artifact id: '5e0cd46b2fc911878d2ed0afbaa09fac') in 0.036936 seconds
Number of updated asset objects reloaded before import = 0
Number of asset objects unloaded after import = 1
========================================================================
Received Import Request.
  Time since last request: 0.000019 seconds.
  path: Assets/Media/Audio/SFX/Game SFX/locker.ogg
  artifactKey: Guid(5d5632da40f88ab44a6ad6baab964c82) Importer(2089858483,0ecaa5967403d082aa24f35e1b516d23)
Start importing Assets/Media/Audio/SFX/Game SFX/locker.ogg using Guid(5d5632da40f88ab44a6ad6baab964c82) Importer(2089858483,0ecaa5967403d082aa24f35e1b516d23)  -> (artifact id: '8cc3adaf9352a222040a1bdee4341736') in 0.029433 seconds
Number of updated asset objects reloaded before import = 0
Number of asset objects unloaded after import = 1
========================================================================
Received Import Request.
  Time since last request: 0.000023 seconds.
  path: Assets/Media/Audio/SFX/Game SFX/footsteps.wav
  artifactKey: Guid(6dfdcbf1a68b76145adc3eea9d08d3b8) Importer(2089858483,0ecaa5967403d082aa24f35e1b516d23)
Start importing Assets/Media/Audio/SFX/Game SFX/footsteps.wav using Guid(6dfdcbf1a68b76145adc3eea9d08d3b8) Importer(2089858483,0ecaa5967403d082aa24f35e1b516d23)  -> (artifact id: '7993587035584e309e56b513706d0225') in 0.038444 seconds
Number of updated asset objects reloaded before import = 0
Number of asset objects unloaded after import = 1
========================================================================
Received Import Request.
  Time since last request: 0.000022 seconds.
  path: Assets/Media/Audio/SFX/Game SFX/door opening.mp3
  artifactKey: Guid(e47235691b921574e985d020f2d4e774) Importer(2089858483,0ecaa5967403d082aa24f35e1b516d23)
Start importing Assets/Media/Audio/SFX/Game SFX/door opening.mp3 using Guid(e47235691b921574e985d020f2d4e774) Importer(2089858483,0ecaa5967403d082aa24f35e1b516d23)  -> (artifact id: '1cb222020f7fb0a705bc27b9ffbf6a29') in 0.029079 seconds
Number of updated asset objects reloaded before import = 0
Number of asset objects unloaded after import = 1
========================================================================
Received Import Request.
  Time since last request: 0.000068 seconds.
  path: Assets/Media/Audio/SFX/Game SFX/interact button click.wav
  artifactKey: Guid(deacdb69166df6d4dbc6a94f7aeb31fe) Importer(2089858483,0ecaa5967403d082aa24f35e1b516d23)
Start importing Assets/Media/Audio/SFX/Game SFX/interact button click.wav using Guid(deacdb69166df6d4dbc6a94f7aeb31fe) Importer(2089858483,0ecaa5967403d082aa24f35e1b516d23)  -> (artifact id: '9d7a1fbca764d7887085841009136b1d') in 0.038919 seconds
Number of updated asset objects reloaded before import = 0
Number of asset objects unloaded after import = 1
========================================================================
Received Import Request.
  Time since last request: 0.000023 seconds.
  path: Assets/Media/Audio/Dialogue/Pier A Wisteria (edited)/the piloting system mustve fogged up your memory_01.wav
  artifactKey: Guid(01493a98892a77b4a89b79d931c69805) Importer(2089858483,0ecaa5967403d082aa24f35e1b516d23)
Start importing Assets/Media/Audio/Dialogue/Pier A Wisteria (edited)/the piloting system mustve fogged up your memory_01.wav using Guid(01493a98892a77b4a89b79d931c69805) Importer(2089858483,0ecaa5967403d082aa24f35e1b516d23)  -> (artifact id: 'bae86c8ce1689a4457ceae2161fb6238') in 0.039393 seconds
Number of updated asset objects reloaded before import = 0
Number of asset objects unloaded after import = 1
========================================================================
Received Import Request.
  Time since last request: 0.000017 seconds.
  path: Assets/Media/Audio/SFX/Game SFX/locked scanner door.wav
  artifactKey: Guid(defff1bb727f7244e967ab1fb9ae5702) Importer(2089858483,0ecaa5967403d082aa24f35e1b516d23)
Start importing Assets/Media/Audio/SFX/Game SFX/locked scanner door.wav using Guid(defff1bb727f7244e967ab1fb9ae5702) Importer(2089858483,0ecaa5967403d082aa24f35e1b516d23)  -> (artifact id: 'd1ab8dde89eea20248822028587b3d07') in 0.027574 seconds
Number of updated asset objects reloaded before import = 0
Number of asset objects unloaded after import = 1
========================================================================
Received Import Request.
  Time since last request: 0.000019 seconds.
  path: Assets/Media/Audio/Dialogue/Pier A Plume  (edited)/first paragraph.wav
  artifactKey: Guid(d7b3f5f632f7a014f9d253c794d1b6bb) Importer(2089858483,0ecaa5967403d082aa24f35e1b516d23)
Start importing Assets/Media/Audio/Dialogue/Pier A Plume  (edited)/first paragraph.wav using Guid(d7b3f5f632f7a014f9d253c794d1b6bb) Importer(2089858483,0ecaa5967403d082aa24f35e1b516d23)  -> (artifact id: 'e9fae7eee0cb6ecdfcec03be075f4788') in 0.055760 seconds
Number of updated asset objects reloaded before import = 0
Number of asset objects unloaded after import = 1
========================================================================
Received Import Request.
  Time since last request: 0.000022 seconds.
  path: Assets/Media/Audio/SFX/Game SFX/robot footsteps.mp3
  artifactKey: Guid(64d09927d1585474ead4382a29299b2f) Importer(2089858483,0ecaa5967403d082aa24f35e1b516d23)
Start importing Assets/Media/Audio/SFX/Game SFX/robot footsteps.mp3 using Guid(64d09927d1585474ead4382a29299b2f) Importer(2089858483,0ecaa5967403d082aa24f35e1b516d23)  -> (artifact id: '5583165565c64095afe9e4264a6827ed') in 0.026326 seconds
Number of updated asset objects reloaded before import = 0
Number of asset objects unloaded after import = 1
========================================================================
Received Import Request.
  Time since last request: 0.000039 seconds.
  path: Assets/Media/Audio/SFX/Game SFX/monster footsteps.wav
  artifactKey: Guid(d58cae831092fe242aad32ad0cc9a7e5) Importer(2089858483,0ecaa5967403d082aa24f35e1b516d23)
Start importing Assets/Media/Audio/SFX/Game SFX/monster footsteps.wav using Guid(d58cae831092fe242aad32ad0cc9a7e5) Importer(2089858483,0ecaa5967403d082aa24f35e1b516d23)  -> (artifact id: 'fe7b8bc61ecb4b0fb877bad72e197f2c') in 0.035112 seconds
Number of updated asset objects reloaded before import = 0
Number of asset objects unloaded after import = 1
========================================================================
Received Import Request.
  Time since last request: 0.000019 seconds.
  path: Assets/Plugins/Demigiant/DOTween/Editor/DOTweenEditor.dll.mdb
  artifactKey: Guid(8f46310a8b0a8f04a92993c37c713243) Importer(2089858483,0ecaa5967403d082aa24f35e1b516d23)
Start importing Assets/Plugins/Demigiant/DOTween/Editor/DOTweenEditor.dll.mdb using Guid(8f46310a8b0a8f04a92993c37c713243) Importer(2089858483,0ecaa5967403d082aa24f35e1b516d23)  -> (artifact id: '7682207a2b7247d852b44bc858ef6ead') in 0.011490 seconds
Number of updated asset objects reloaded before import = 0
Number of asset objects unloaded after import = 1
========================================================================
Received Import Request.
  Time since last request: 0.000031 seconds.
  path: Assets/Media/Audio/SFX/MenuSFX/menuClick.wav
  artifactKey: Guid(6706de422a49c4c4e8f75011c290ce53) Importer(2089858483,0ecaa5967403d082aa24f35e1b516d23)
Start importing Assets/Media/Audio/SFX/MenuSFX/menuClick.wav using Guid(6706de422a49c4c4e8f75011c290ce53) Importer(2089858483,0ecaa5967403d082aa24f35e1b516d23)  -> (artifact id: 'a798fe3b6e3db69e81e51fc36f17c41b') in 0.227577 seconds
Number of updated asset objects reloaded before import = 0
Number of asset objects unloaded after import = 1
========================================================================
Received Import Request.
  Time since last request: 0.000021 seconds.
  path: Assets/Plugins/Demigiant/DOTween/Modules/DOTweenModuleAudio.cs
  artifactKey: Guid(b766d08851589514b97afb23c6f30a70) Importer(2089858483,0ecaa5967403d082aa24f35e1b516d23)
Start importing Assets/Plugins/Demigiant/DOTween/Modules/DOTweenModuleAudio.cs using Guid(b766d08851589514b97afb23c6f30a70) Importer(2089858483,0ecaa5967403d082aa24f35e1b516d23)  -> (artifact id: '6b49d5d4c01f534e43fe77dcc3317f55') in 0.012435 seconds
Number of updated asset objects reloaded before import = 0
Number of asset objects unloaded after import = 1
========================================================================
Received Import Request.
  Time since last request: 0.000037 seconds.
  path: Assets/Media/Audio/SFX/MenuSFX/Thunder3.mp3
  artifactKey: Guid(faea30ede5556b349a230054ae82ef12) Importer(2089858483,0ecaa5967403d082aa24f35e1b516d23)
Start importing Assets/Media/Audio/SFX/MenuSFX/Thunder3.mp3 using Guid(faea30ede5556b349a230054ae82ef12) Importer(2089858483,0ecaa5967403d082aa24f35e1b516d23)  -> (artifact id: '0f3017be7b5353f1555557dae9bfba73') in 0.694633 seconds
Number of updated asset objects reloaded before import = 0
Number of asset objects unloaded after import = 1
========================================================================
Received Import Request.
  Time since last request: 0.000033 seconds.
  path: Assets/Prefabs/Gwangju_3D asset/28_SamhuiRestaurant/Meshes/SamhuiRestaurant_Diorama.fbx
  artifactKey: Guid(ac6ad1b297400784896978f69ecdc7f4) Importer(2089858483,0ecaa5967403d082aa24f35e1b516d23)
Start importing Assets/Prefabs/Gwangju_3D asset/28_SamhuiRestaurant/Meshes/SamhuiRestaurant_Diorama.fbx using Guid(ac6ad1b297400784896978f69ecdc7f4) Importer(2089858483,0ecaa5967403d082aa24f35e1b516d23)  -> (artifact id: '542bf4be93577a3522d7c251a1449c7e') in 0.048691 seconds
Number of updated asset objects reloaded before import = 0
Number of asset objects unloaded after import = 19
========================================================================
Received Import Request.
  Time since last request: 0.000044 seconds.
  path: Assets/Prefabs/Gwangju_3D asset/28_SamhuiRestaurant/Prefabs/SamhuiRestaurant.prefab
  artifactKey: Guid(30832e25d451c954e9a5dcfa7f12c865) Importer(2089858483,0ecaa5967403d082aa24f35e1b516d23)
Start importing Assets/Prefabs/Gwangju_3D asset/28_SamhuiRestaurant/Prefabs/SamhuiRestaurant.prefab using Guid(30832e25d451c954e9a5dcfa7f12c865) Importer(2089858483,0ecaa5967403d082aa24f35e1b516d23)  -> (artifact id: '9fe3b8194a67383f689d1b7d962fe9c4') in 0.014738 seconds
Number of updated asset objects reloaded before import = 0
Number of asset objects unloaded after import = 74
========================================================================
Received Import Request.
  Time since last request: 0.000019 seconds.
  path: Assets/Plugins/Demigiant/DOTween/Modules/DOTweenModuleUI.cs
  artifactKey: Guid(a060394c03331a64392db53a10e7f2d1) Importer(2089858483,0ecaa5967403d082aa24f35e1b516d23)
Start importing Assets/Plugins/Demigiant/DOTween/Modules/DOTweenModuleUI.cs using Guid(a060394c03331a64392db53a10e7f2d1) Importer(2089858483,0ecaa5967403d082aa24f35e1b516d23)  -> (artifact id: '5d38261a4a685acea2deeb52e84fa38b') in 0.014939 seconds
Number of updated asset objects reloaded before import = 0
Number of asset objects unloaded after import = 1
========================================================================
Received Import Request.
  Time since last request: 0.000031 seconds.
  path: Assets/Plugins/Demigiant/DOTween/Modules/DOTweenModuleUtils.cs
  artifactKey: Guid(7bcaf917d9cf5b84090421a5a2abe42e) Importer(2089858483,0ecaa5967403d082aa24f35e1b516d23)
Start importing Assets/Plugins/Demigiant/DOTween/Modules/DOTweenModuleUtils.cs using Guid(7bcaf917d9cf5b84090421a5a2abe42e) Importer(2089858483,0ecaa5967403d082aa24f35e1b516d23)  -> (artifact id: 'd29256845fe82c2efee8a2e4e57100dd') in 0.014449 seconds
Number of updated asset objects reloaded before import = 0
Number of asset objects unloaded after import = 1
========================================================================
Received Import Request.
  Time since last request: 0.000021 seconds.
  path: Assets/Prefabs/Gwangju_3D asset/28_SamhuiRestaurant/Textures/SamhuiRestaurant_Diorama_MaskMap.png
  artifactKey: Guid(7a87cc976eb372a4babf4de76f557862) Importer(2089858483,0ecaa5967403d082aa24f35e1b516d23)
Start importing Assets/Prefabs/Gwangju_3D asset/28_SamhuiRestaurant/Textures/SamhuiRestaurant_Diorama_MaskMap.png using Guid(7a87cc976eb372a4babf4de76f557862) Importer(2089858483,0ecaa5967403d082aa24f35e1b516d23)  -> (artifact id: '2506b99133acc0875154ebe02ba1794a') in 0.220939 seconds
Number of updated asset objects reloaded before import = 0
Number of asset objects unloaded after import = 1
========================================================================
Received Import Request.
  Time since last request: 0.000025 seconds.
  path: Assets/Prefabs/Gwangju_3D asset/Common_Assets/Bg_Preset/Ground.fbx
  artifactKey: Guid(1b89229eb37aced40b4a8ec08ca33bc1) Importer(2089858483,0ecaa5967403d082aa24f35e1b516d23)
Start importing Assets/Prefabs/Gwangju_3D asset/Common_Assets/Bg_Preset/Ground.fbx using Guid(1b89229eb37aced40b4a8ec08ca33bc1) Importer(2089858483,0ecaa5967403d082aa24f35e1b516d23)  -> (artifact id: '2067253ee2b0624b4fdf24aa3975a5f8') in 0.026976 seconds
Number of updated asset objects reloaded before import = 0
Number of asset objects unloaded after import = 7
========================================================================
Received Import Request.
  Time since last request: 0.000033 seconds.
  path: Assets/Prefabs/Gwangju_3D asset/28_SamhuiRestaurant/Textures/SamhuiRestaurant_Trim_Wall_MaskMap.png
  artifactKey: Guid(51d49fe428d99664aa74782663a6af13) Importer(2089858483,0ecaa5967403d082aa24f35e1b516d23)
Start importing Assets/Prefabs/Gwangju_3D asset/28_SamhuiRestaurant/Textures/SamhuiRestaurant_Trim_Wall_MaskMap.png using Guid(51d49fe428d99664aa74782663a6af13) Importer(2089858483,0ecaa5967403d082aa24f35e1b516d23)  -> (artifact id: '6e195a434c06334b8660b9851f7e477f') in 0.022010 seconds
Number of updated asset objects reloaded before import = 0
Number of asset objects unloaded after import = 1
========================================================================
Received Import Request.
  Time since last request: 0.000017 seconds.
  path: Assets/Prefabs/Gwangju_3D asset/Common_Assets/Bg_Preset/Ground_Checker.mat
  artifactKey: Guid(9a9f92dd4acf6bd48ad56b6223ccadea) Importer(2089858483,0ecaa5967403d082aa24f35e1b516d23)
Start importing Assets/Prefabs/Gwangju_3D asset/Common_Assets/Bg_Preset/Ground_Checker.mat using Guid(9a9f92dd4acf6bd48ad56b6223ccadea) Importer(2089858483,0ecaa5967403d082aa24f35e1b516d23)  -> (artifact id: '7106df7e7a2131698fb732c28ff4757d') in 0.575135 seconds
Number of updated asset objects reloaded before import = 0
Number of asset objects unloaded after import = 2
========================================================================
Received Import Request.
  Time since last request: 0.000022 seconds.
  path: Assets/Prefabs/Gwangju_3D asset/Scenes/28_SamhuiRestaurant/Lightmap-0_comp_light.exr
  artifactKey: Guid(46af56fd258fb364cad6f225de522cc8) Importer(2089858483,0ecaa5967403d082aa24f35e1b516d23)
Start importing Assets/Prefabs/Gwangju_3D asset/Scenes/28_SamhuiRestaurant/Lightmap-0_comp_light.exr using Guid(46af56fd258fb364cad6f225de522cc8) Importer(2089858483,0ecaa5967403d082aa24f35e1b516d23)  -> (artifact id: '6b53911793b77f12994c3c86ff469f4d') in 0.173747 seconds
Number of updated asset objects reloaded before import = 0
Number of asset objects unloaded after import = 1
========================================================================
Received Import Request.
  Time since last request: 0.000025 seconds.
  path: Assets/Prefabs/Gwangju_3D asset/Scenes/Volume/28_SamhuiRestaurant_SceneProfile.asset
  artifactKey: Guid(1cf7939c38076fc4ba3e0e3ce10c82f9) Importer(2089858483,0ecaa5967403d082aa24f35e1b516d23)
Start importing Assets/Prefabs/Gwangju_3D asset/Scenes/Volume/28_SamhuiRestaurant_SceneProfile.asset using Guid(1cf7939c38076fc4ba3e0e3ce10c82f9) Importer(2089858483,0ecaa5967403d082aa24f35e1b516d23)  -> (artifact id: 'edc36ce46b8d09fbbdb1db64834ed3f9') in 0.294679 seconds
Number of updated asset objects reloaded before import = 0
Number of asset objects unloaded after import = 5
========================================================================
Received Import Request.
  Time since last request: 0.000027 seconds.
  path: Assets/Prefabs/Gwangju_3D asset/Scenes/28_SamhuiRestaurant/ReflectionProbe-1.exr
  artifactKey: Guid(40efd52de1f94d34eb8e4588f90c3026) Importer(2089858483,0ecaa5967403d082aa24f35e1b516d23)
Start importing Assets/Prefabs/Gwangju_3D asset/Scenes/28_SamhuiRestaurant/ReflectionProbe-1.exr using Guid(40efd52de1f94d34eb8e4588f90c3026) Importer(2089858483,0ecaa5967403d082aa24f35e1b516d23)  -> (artifact id: 'c29b835cfff15612c6d6971e073df44b') in 0.066497 seconds
Number of updated asset objects reloaded before import = 0
Number of asset objects unloaded after import = 1
========================================================================
Received Import Request.
  Time since last request: 0.000028 seconds.
  path: Assets/Prefabs/Gwangju_3D asset/Common_Assets/Bg_Preset/SkyColor.png
  artifactKey: Guid(5278d7860f6cb6744a17aba626e6ddfe) Importer(2089858483,0ecaa5967403d082aa24f35e1b516d23)
Start importing Assets/Prefabs/Gwangju_3D asset/Common_Assets/Bg_Preset/SkyColor.png using Guid(5278d7860f6cb6744a17aba626e6ddfe) Importer(2089858483,0ecaa5967403d082aa24f35e1b516d23)  -> (artifact id: 'fc1ddc992021377bb20a485320972253') in 0.074628 seconds
Number of updated asset objects reloaded before import = 0
Number of asset objects unloaded after import = 1
========================================================================
Received Import Request.
  Time since last request: 0.000026 seconds.
  path: Assets/Prefabs/MonstersTextures/CoralGolem/Coral_Golem/Coral_Golem_Material.001_MetallicSmoothness.png
  artifactKey: Guid(138086b5f6653624794a10599b13ef10) Importer(2089858483,0ecaa5967403d082aa24f35e1b516d23)
Start importing Assets/Prefabs/MonstersTextures/CoralGolem/Coral_Golem/Coral_Golem_Material.001_MetallicSmoothness.png using Guid(138086b5f6653624794a10599b13ef10) Importer(2089858483,0ecaa5967403d082aa24f35e1b516d23)  -> (artifact id: 'b74a04f0f7dfccf37f13d84cbc4eb2e1') in 0.078009 seconds
Number of updated asset objects reloaded before import = 0
Number of asset objects unloaded after import = 1
========================================================================
Received Import Request.
  Time since last request: 0.000021 seconds.
  path: Assets/Prefabs/MonstersTextures/CoralGolem/Coral_Golem/Coral_Golem_Material.001_Normal.png
  artifactKey: Guid(6f590727bbfdf114fa01d6fe5fe41151) Importer(2089858483,0ecaa5967403d082aa24f35e1b516d23)
Start importing Assets/Prefabs/MonstersTextures/CoralGolem/Coral_Golem/Coral_Golem_Material.001_Normal.png using Guid(6f590727bbfdf114fa01d6fe5fe41151) Importer(2089858483,0ecaa5967403d082aa24f35e1b516d23)  -> (artifact id: '0441999f228cdb048bd098c40d8b9807') in 0.062913 seconds
Number of updated asset objects reloaded before import = 0
Number of asset objects unloaded after import = 1
========================================================================
Received Import Request.
  Time since last request: 0.000023 seconds.
  path: Assets/Prefabs/MonstersTextures/CoralGolem/Coral_Golem/Coral_Golem_Material.001_AlbedoTransparency.png
  artifactKey: Guid(50b499e170c1a6341b9dcdfd92763c95) Importer(2089858483,0ecaa5967403d082aa24f35e1b516d23)
Start importing Assets/Prefabs/MonstersTextures/CoralGolem/Coral_Golem/Coral_Golem_Material.001_AlbedoTransparency.png using Guid(50b499e170c1a6341b9dcdfd92763c95) Importer(2089858483,0ecaa5967403d082aa24f35e1b516d23)  -> (artifact id: '32bb7b3f990a04344c4ae9ab0577cd15') in 0.064364 seconds
Number of updated asset objects reloaded before import = 0
Number of asset objects unloaded after import = 1
========================================================================
Received Import Request.
  Time since last request: 0.000028 seconds.
  path: Assets/Media/Audio/Dialogue/Pier A Wisteria (edited)/do you remember who you are_01.wav
  artifactKey: Guid(bb9745c1989e0bf499bb3ce1ff033778) Importer(2089858483,0ecaa5967403d082aa24f35e1b516d23)
Start importing Assets/Media/Audio/Dialogue/Pier A Wisteria (edited)/do you remember who you are_01.wav using Guid(bb9745c1989e0bf499bb3ce1ff033778) Importer(2089858483,0ecaa5967403d082aa24f35e1b516d23)  -> (artifact id: '143863ba46492ba4446a85b0b0f580a0') in 0.072111 seconds
Number of updated asset objects reloaded before import = 0
Number of asset objects unloaded after import = 1
========================================================================
Received Import Request.
  Time since last request: 0.000021 seconds.
  path: Assets/Prefabs/Gwangju_3D asset/Scenes/28_SamhuiRestaurant/ReflectionProbe-0.exr
  artifactKey: Guid(2a8b3e365b65a9148ada94112224c0b1) Importer(2089858483,0ecaa5967403d082aa24f35e1b516d23)
Start importing Assets/Prefabs/Gwangju_3D asset/Scenes/28_SamhuiRestaurant/ReflectionProbe-0.exr using Guid(2a8b3e365b65a9148ada94112224c0b1) Importer(2089858483,0ecaa5967403d082aa24f35e1b516d23)  -> (artifact id: 'd6592f77dd40e152ebc544b3ba2ca88d') in 0.138140 seconds
Number of updated asset objects reloaded before import = 0
Number of asset objects unloaded after import = 1
========================================================================
Received Import Request.
  Time since last request: 0.000020 seconds.
  path: Assets/Media/Audio/Dialogue/Fish (edited)/group fish/group fish 8.wav
  artifactKey: Guid(4023b35768c6c854e932ee042fbb8806) Importer(2089858483,0ecaa5967403d082aa24f35e1b516d23)
Start importing Assets/Media/Audio/Dialogue/Fish (edited)/group fish/group fish 8.wav using Guid(4023b35768c6c854e932ee042fbb8806) Importer(2089858483,0ecaa5967403d082aa24f35e1b516d23)  -> (artifact id: '4913621ffc835d3c37e7768c2c7f3dc6') in 0.047754 seconds
Number of updated asset objects reloaded before import = 0
Number of asset objects unloaded after import = 1
========================================================================
Received Import Request.
  Time since last request: 0.000073 seconds.
  path: Assets/Plugins/Demigiant/DOTween/Editor/Imgs/Footer_dark.png
  artifactKey: Guid(519694efe2bb2914788b151fbd8c01f4) Importer(2089858483,0ecaa5967403d082aa24f35e1b516d23)
Start importing Assets/Plugins/Demigiant/DOTween/Editor/Imgs/Footer_dark.png using Guid(519694efe2bb2914788b151fbd8c01f4) Importer(2089858483,0ecaa5967403d082aa24f35e1b516d23)  -> (artifact id: '528c2420d28808596eaf139d756f5b6f') in 0.311099 seconds
Number of updated asset objects reloaded before import = 0
Number of asset objects unloaded after import = 1
========================================================================
Received Import Request.
  Time since last request: 0.000021 seconds.
  path: Assets/Media/Audio/Dialogue/Fish (edited)/group fish/group fish 9.wav
  artifactKey: Guid(c5f58fa6203509d4b86d0927d567d57e) Importer(2089858483,0ecaa5967403d082aa24f35e1b516d23)
Start importing Assets/Media/Audio/Dialogue/Fish (edited)/group fish/group fish 9.wav using Guid(c5f58fa6203509d4b86d0927d567d57e) Importer(2089858483,0ecaa5967403d082aa24f35e1b516d23)  -> (artifact id: '8a5b480dc40c4e14caacc562151e9cb9') in 0.038444 seconds
Number of updated asset objects reloaded before import = 0
Number of asset objects unloaded after import = 1
========================================================================
Received Import Request.
  Time since last request: 0.000025 seconds.
  path: Assets/Media/Audio/Dialogue/Fish (edited)/group fish/group fish 6.wav
  artifactKey: Guid(91014550dc2f17f458c54060ab5d7da4) Importer(2089858483,0ecaa5967403d082aa24f35e1b516d23)
Start importing Assets/Media/Audio/Dialogue/Fish (edited)/group fish/group fish 6.wav using Guid(91014550dc2f17f458c54060ab5d7da4) Importer(2089858483,0ecaa5967403d082aa24f35e1b516d23)  -> (artifact id: '999f36a99217bd3e5beeed01319f1a66') in 0.037301 seconds
Number of updated asset objects reloaded before import = 0
Number of asset objects unloaded after import = 1
========================================================================
Received Import Request.
  Time since last request: 0.000044 seconds.
  path: Assets/Media/Audio/Dialogue/Fish (edited)/group fish/group fish 11.wav
  artifactKey: Guid(f711717ed36161c419b1bd973671aa87) Importer(2089858483,0ecaa5967403d082aa24f35e1b516d23)
Start importing Assets/Media/Audio/Dialogue/Fish (edited)/group fish/group fish 11.wav using Guid(f711717ed36161c419b1bd973671aa87) Importer(2089858483,0ecaa5967403d082aa24f35e1b516d23)  -> (artifact id: '9eaea78f0d15fc894bae147abbb57a6a') in 0.041140 seconds
Number of updated asset objects reloaded before import = 0
Number of asset objects unloaded after import = 1
========================================================================
Received Import Request.
  Time since last request: 0.000039 seconds.
  path: Assets/_Scripts/Systems/Management/FrogManager.cs
  artifactKey: Guid(adf84ee49719b8046a1db7ff7c3c119c) Importer(2089858483,0ecaa5967403d082aa24f35e1b516d23)
Start importing Assets/_Scripts/Systems/Management/FrogManager.cs using Guid(adf84ee49719b8046a1db7ff7c3c119c) Importer(2089858483,0ecaa5967403d082aa24f35e1b516d23)  -> (artifact id: '71d49d848bda0c60d5f11887048d4b7c') in 0.015201 seconds
Number of updated asset objects reloaded before import = 0
Number of asset objects unloaded after import = 1
========================================================================
Received Import Request.
  Time since last request: 0.000029 seconds.
  path: Assets/_Scripts/Systems/MonsterSpawner/MonsterModeTrigger.cs
  artifactKey: Guid(7a8807ec031666848a548d6f0e0f79b4) Importer(2089858483,0ecaa5967403d082aa24f35e1b516d23)
Start importing Assets/_Scripts/Systems/MonsterSpawner/MonsterModeTrigger.cs using Guid(7a8807ec031666848a548d6f0e0f79b4) Importer(2089858483,0ecaa5967403d082aa24f35e1b516d23)  -> (artifact id: '4b752588e541da5a75b9753e6fdbca19') in 0.012059 seconds
Number of updated asset objects reloaded before import = 0
Number of asset objects unloaded after import = 1
========================================================================
Received Import Request.
  Time since last request: 0.000021 seconds.
  path: Assets/Prefabs/Carnival Stall/carnival stall.obj
  artifactKey: Guid(4671751246433db439485feb34f24024) Importer(2089858483,0ecaa5967403d082aa24f35e1b516d23)
Start importing Assets/Prefabs/Carnival Stall/carnival stall.obj using Guid(4671751246433db439485feb34f24024) Importer(2089858483,0ecaa5967403d082aa24f35e1b516d23)  -> (artifact id: '10ed635388cb32c4f08cc9b037a0d5eb') in 0.020255 seconds
Number of updated asset objects reloaded before import = 0
Number of asset objects unloaded after import = 10
========================================================================
Received Import Request.
  Time since last request: 0.000016 seconds.
  path: Assets/Materials/Coral_Golem_Texturin_Material.001_AlbedoTransparency.mat
  artifactKey: Guid(2aef9a283c0b6604e8f06a96398029b8) Importer(2089858483,0ecaa5967403d082aa24f35e1b516d23)
Start importing Assets/Materials/Coral_Golem_Texturin_Material.001_AlbedoTransparency.mat using Guid(2aef9a283c0b6604e8f06a96398029b8) Importer(2089858483,0ecaa5967403d082aa24f35e1b516d23)  -> (artifact id: '09e21ea8e2cbafcbc2042ce64bf72fd1') in 0.023416 seconds
Number of updated asset objects reloaded before import = 0
Number of asset objects unloaded after import = 5
========================================================================
Received Import Request.
  Time since last request: 0.000018 seconds.
  path: Assets/Assets/Storage_Locker_3/Storage_Lockers_3_Material.039_Emission.png
  artifactKey: Guid(8cd4ee6549860484bb7d4fd0379a4768) Importer(2089858483,0ecaa5967403d082aa24f35e1b516d23)
Start importing Assets/Assets/Storage_Locker_3/Storage_Lockers_3_Material.039_Emission.png using Guid(8cd4ee6549860484bb7d4fd0379a4768) Importer(2089858483,0ecaa5967403d082aa24f35e1b516d23)  -> (artifact id: '9e7ca288237b5f964a2baab20229bae8') in 0.018674 seconds
Number of updated asset objects reloaded before import = 0
Number of asset objects unloaded after import = 1
========================================================================
Received Import Request.
  Time since last request: 0.000021 seconds.
  path: Assets/LEVEL_2_3 MAP TEXTURE/LEVEL 2 AND 3 V2_DefaultMaterial_AlbedoTransparency.1001.png
  artifactKey: Guid(25901b6b6e1956f4c86e5fa0a0976bd2) Importer(2089858483,0ecaa5967403d082aa24f35e1b516d23)
Start importing Assets/LEVEL_2_3 MAP TEXTURE/LEVEL 2 AND 3 V2_DefaultMaterial_AlbedoTransparency.1001.png using Guid(25901b6b6e1956f4c86e5fa0a0976bd2) Importer(2089858483,0ecaa5967403d082aa24f35e1b516d23)  -> (artifact id: '57579d6bf50cea6d047eb4a9eb5231eb') in 0.020726 seconds
Number of updated asset objects reloaded before import = 0
Number of asset objects unloaded after import = 1
========================================================================
Received Import Request.
  Time since last request: 0.000048 seconds.
  path: Assets/Media/Videos/MainMenuStaticVideo.mp4
  artifactKey: Guid(894851140f141f0499ff1877c6b3efbb) Importer(2089858483,0ecaa5967403d082aa24f35e1b516d23)
Start importing Assets/Media/Videos/MainMenuStaticVideo.mp4 using Guid(894851140f141f0499ff1877c6b3efbb) Importer(2089858483,0ecaa5967403d082aa24f35e1b516d23)  -> (artifact id: '47dc2e2f4fd758f606996b65212b2c5e') in 0.045451 seconds
Number of updated asset objects reloaded before import = 0
Number of asset objects unloaded after import = 1
========================================================================
Received Import Request.
  Time since last request: 0.000044 seconds.
  path: Assets/Prefabs/Carousel/Crousel_NoTextures_Material.066_SpecularSmoothness.1001.png
  artifactKey: Guid(3ec11b5f5debbfb4886b7c01b2f67ba8) Importer(2089858483,0ecaa5967403d082aa24f35e1b516d23)
Start importing Assets/Prefabs/Carousel/Crousel_NoTextures_Material.066_SpecularSmoothness.1001.png using Guid(3ec11b5f5debbfb4886b7c01b2f67ba8) Importer(2089858483,0ecaa5967403d082aa24f35e1b516d23)  -> (artifact id: '9795d08f0e1228496454752e9a0bc56f') in 0.078765 seconds
Number of updated asset objects reloaded before import = 0
Number of asset objects unloaded after import = 1
========================================================================
Received Import Request.
  Time since last request: 0.000023 seconds.
  path: Assets/Prefabs/MainMenu/LetterPrefabCarousel.prefab
  artifactKey: Guid(0174af7876b5cd0488c178b770765cb4) Importer(2089858483,0ecaa5967403d082aa24f35e1b516d23)
Start importing Assets/Prefabs/MainMenu/LetterPrefabCarousel.prefab using Guid(0174af7876b5cd0488c178b770765cb4) Importer(2089858483,0ecaa5967403d082aa24f35e1b516d23)  -> (artifact id: '0db745c50bc93af8018dcb682f3ba701') in 0.285582 seconds
Number of updated asset objects reloaded before import = 0
Number of asset objects unloaded after import = 11
========================================================================
Received Import Request.
  Time since last request: 0.000019 seconds.
  path: Assets/Signals/StartDialogue.signal
  artifactKey: Guid(3f1ae2b3e6ac9d74ab05e5e96561aeef) Importer(2089858483,0ecaa5967403d082aa24f35e1b516d23)
Start importing Assets/Signals/StartDialogue.signal using Guid(3f1ae2b3e6ac9d74ab05e5e96561aeef) Importer(2089858483,0ecaa5967403d082aa24f35e1b516d23)  -> (artifact id: '0d8bfc5e0eaf53610684cdf4797c93c2') in 0.013229 seconds
Number of updated asset objects reloaded before import = 0
Number of asset objects unloaded after import = 1
========================================================================
Received Import Request.
  Time since last request: 0.000027 seconds.
  path: Assets/Fish/Body/Fish_Body_Unwrapped_Fish_Body_SpecularSmoothness.1001.png
  artifactKey: Guid(c8fb9c3e3e7aad1459f923a38df0a0b3) Importer(2089858483,0ecaa5967403d082aa24f35e1b516d23)
Start importing Assets/Fish/Body/Fish_Body_Unwrapped_Fish_Body_SpecularSmoothness.1001.png using Guid(c8fb9c3e3e7aad1459f923a38df0a0b3) Importer(2089858483,0ecaa5967403d082aa24f35e1b516d23)  -> (artifact id: '3606fd38242b0a6c87efe31ce22f448e') in 0.025692 seconds
Number of updated asset objects reloaded before import = 0
Number of asset objects unloaded after import = 1
========================================================================
Received Import Request.
  Time since last request: 0.000019 seconds.
  path: Assets/Prefabs/Generator/IEPRJ2 Lever Generator Thingy.prefab
  artifactKey: Guid(5c8f60cf5df2c9b4eb873f2c76d51d08) Importer(2089858483,0ecaa5967403d082aa24f35e1b516d23)
Start importing Assets/Prefabs/Generator/IEPRJ2 Lever Generator Thingy.prefab using Guid(5c8f60cf5df2c9b4eb873f2c76d51d08) Importer(2089858483,0ecaa5967403d082aa24f35e1b516d23)  -> (artifact id: 'c1b4db137ead01ad317fce002fbab3c0') in 0.018346 seconds
Number of updated asset objects reloaded before import = 0
Number of asset objects unloaded after import = 19
========================================================================
Received Import Request.
  Time since last request: 0.000019 seconds.
  path: Assets/Prefabs/Rubble 1/RUBBLE 1_Material_Emissive.1001.png
  artifactKey: Guid(f890374eb58697c41a658913c4fb72d3) Importer(2089858483,0ecaa5967403d082aa24f35e1b516d23)
Start importing Assets/Prefabs/Rubble 1/RUBBLE 1_Material_Emissive.1001.png using Guid(f890374eb58697c41a658913c4fb72d3) Importer(2089858483,0ecaa5967403d082aa24f35e1b516d23)  -> (artifact id: 'fe0ac11c78ecdfb9b21a1c188e0486b7') in 0.274524 seconds
Number of updated asset objects reloaded before import = 0
Number of asset objects unloaded after import = 1
========================================================================
Received Import Request.
  Time since last request: 0.000021 seconds.
  path: Assets/Prefabs/DeathScreen 1.prefab
  artifactKey: Guid(a96814092ed9b1446b7dea03d4ce13bc) Importer(2089858483,0ecaa5967403d082aa24f35e1b516d23)
Start importing Assets/Prefabs/DeathScreen 1.prefab using Guid(a96814092ed9b1446b7dea03d4ce13bc) Importer(2089858483,0ecaa5967403d082aa24f35e1b516d23)  -> (artifact id: '4a74c2e2460df28eeb876d5a3e41e479') in 0.046988 seconds
Number of updated asset objects reloaded before import = 0
Number of asset objects unloaded after import = 54
========================================================================
Received Import Request.
  Time since last request: 0.000038 seconds.
  path: Assets/Assets/Table_N_Chair/Table_N_Chair_Material.046_Normal.png
  artifactKey: Guid(1f1dfafc93cd8a14f80d957e315dbd03) Importer(2089858483,0ecaa5967403d082aa24f35e1b516d23)
Start importing Assets/Assets/Table_N_Chair/Table_N_Chair_Material.046_Normal.png using Guid(1f1dfafc93cd8a14f80d957e315dbd03) Importer(2089858483,0ecaa5967403d082aa24f35e1b516d23)  -> (artifact id: '02149052b736f80488d1b43461c6dbc4') in 0.023100 seconds
Number of updated asset objects reloaded before import = 0
Number of asset objects unloaded after import = 1
========================================================================
Received Import Request.
  Time since last request: 0.000022 seconds.
  path: Assets/Prefabs/Lever_Final/Lever_Final.prefab
  artifactKey: Guid(59cce074280e4b6489c4549c3f65f522) Importer(2089858483,0ecaa5967403d082aa24f35e1b516d23)
Start importing Assets/Prefabs/Lever_Final/Lever_Final.prefab using Guid(59cce074280e4b6489c4549c3f65f522) Importer(2089858483,0ecaa5967403d082aa24f35e1b516d23)  -> (artifact id: '8b74d08815a505ad2378196963902783') in 0.266890 seconds
Number of updated asset objects reloaded before import = 0
Number of asset objects unloaded after import = 35
========================================================================
Received Import Request.
  Time since last request: 0.000025 seconds.
  path: Assets/FX/Blood VFX.vfx
  artifactKey: Guid(410e75fdfb55cbd4691cf86d7664a9df) Importer(2089858483,0ecaa5967403d082aa24f35e1b516d23)
Start importing Assets/FX/Blood VFX.vfx using Guid(410e75fdfb55cbd4691cf86d7664a9df) Importer(2089858483,0ecaa5967403d082aa24f35e1b516d23)  -> (artifact id: '0d29f5699374c6ab552fdbc557abb36c') in 0.019032 seconds
Number of updated asset objects reloaded before import = 0
Number of asset objects unloaded after import = 7
========================================================================
Received Import Request.
  Time since last request: 0.000029 seconds.
  path: Assets/TextMesh Pro/Fonts/LiberationSans - OFL.txt
  artifactKey: Guid(6e59c59b81ab47f9b6ec5781fa725d2c) Importer(2089858483,0ecaa5967403d082aa24f35e1b516d23)
Start importing Assets/TextMesh Pro/Fonts/LiberationSans - OFL.txt using Guid(6e59c59b81ab47f9b6ec5781fa725d2c) Importer(2089858483,0ecaa5967403d082aa24f35e1b516d23)  -> (artifact id: '79b4d8664311fe671d7173a9828bb3a6') in 0.040848 seconds
Number of updated asset objects reloaded before import = 0
Number of asset objects unloaded after import = 1
========================================================================
Received Import Request.
  Time since last request: 0.000035 seconds.
  path: Assets/Assets/Rectangle_Tank_2/Rectangle_Tank_2_Material.065_Normal.png
  artifactKey: Guid(d35d990c33fa4f24ab8d3b5d4b0433d0) Importer(2089858483,0ecaa5967403d082aa24f35e1b516d23)
Start importing Assets/Assets/Rectangle_Tank_2/Rectangle_Tank_2_Material.065_Normal.png using Guid(d35d990c33fa4f24ab8d3b5d4b0433d0) Importer(2089858483,0ecaa5967403d082aa24f35e1b516d23)  -> (artifact id: 'eaa4b12a6eaa779d57f7aba088f09074') in 0.020121 seconds
Number of updated asset objects reloaded before import = 0
Number of asset objects unloaded after import = 1
========================================================================
Received Import Request.
  Time since last request: 0.000028 seconds.
  path: Assets/Assets/Wall_Security_Camera 1/Security_Wall_Camera_Material.029_AmbientOcclusion.png
  artifactKey: Guid(db7dbea4b4c5b6b4bb7125c94ef65c42) Importer(2089858483,0ecaa5967403d082aa24f35e1b516d23)
Start importing Assets/Assets/Wall_Security_Camera 1/Security_Wall_Camera_Material.029_AmbientOcclusion.png using Guid(db7dbea4b4c5b6b4bb7125c94ef65c42) Importer(2089858483,0ecaa5967403d082aa24f35e1b516d23)  -> (artifact id: 'e6c3084049e959518d2aee9284c9b9ef') in 0.020402 seconds
Number of updated asset objects reloaded before import = 0
Number of asset objects unloaded after import = 1
========================================================================
Received Import Request.
  Time since last request: 0.000024 seconds.
  path: Assets/Assets/Storage_Locker_1/Storage_Lockers_1_Material.033_Normal.png
  artifactKey: Guid(67b2a12853f9fde4694d547403556a22) Importer(2089858483,0ecaa5967403d082aa24f35e1b516d23)
Start importing Assets/Assets/Storage_Locker_1/Storage_Lockers_1_Material.033_Normal.png using Guid(67b2a12853f9fde4694d547403556a22) Importer(2089858483,0ecaa5967403d082aa24f35e1b516d23)  -> (artifact id: 'd17c90459c9ad113adfc6c2a943e426e') in 0.022944 seconds
Number of updated asset objects reloaded before import = 0
Number of asset objects unloaded after import = 1
========================================================================
Received Import Request.
  Time since last request: 38.401720 seconds.
  path: Assets/Media/UI/UI/image.png
  artifactKey: Guid(6e18eec421b183148a8200f409a496f2) Importer(815301076,1909f56bfc062723c751e8b465ee728b)
Start importing Assets/Media/UI/UI/image.png using Guid(6e18eec421b183148a8200f409a496f2) Importer(815301076,1909f56bfc062723c751e8b465ee728b)  -> (artifact id: '5565034f0ce588d32679ae63b8f7b694') in 0.031105 seconds
Number of updated asset objects reloaded before import = 0
Number of asset objects unloaded after import = 3
========================================================================
Received Import Request.
  Time since last request: 0.000027 seconds.
  path: Assets/Media/UI/UI/settings_ui_bg-2.png
  artifactKey: Guid(c76fa868edce86a48a620891f2af7ecb) Importer(815301076,1909f56bfc062723c751e8b465ee728b)
Start importing Assets/Media/UI/UI/settings_ui_bg-2.png using Guid(c76fa868edce86a48a620891f2af7ecb) Importer(815301076,1909f56bfc062723c751e8b465ee728b)  -> (artifact id: 'a06f3b3db9d90fe4672527d616dcd395') in 0.020783 seconds
Number of updated asset objects reloaded before import = 0
Number of asset objects unloaded after import = 3
========================================================================
Received Import Request.
  Time since last request: 0.000023 seconds.
  path: Assets/Media/UI/UI/IMG_0721.png
  artifactKey: Guid(130574dfc8d03724599a6664158f4dc6) Importer(815301076,1909f56bfc062723c751e8b465ee728b)
Start importing Assets/Media/UI/UI/IMG_0721.png using Guid(130574dfc8d03724599a6664158f4dc6) Importer(815301076,1909f56bfc062723c751e8b465ee728b)  -> (artifact id: '3b0ffec5dd5e9a89b823ad6746fec387') in 0.034010 seconds
Number of updated asset objects reloaded before import = 0
Number of asset objects unloaded after import = 3
========================================================================
Received Import Request.
  Time since last request: 0.000024 seconds.
  path: Assets/Media/UI/UI/settings_ui_handle 1.png
  artifactKey: Guid(033ca5c94ea983445a68279be91993eb) Importer(815301076,1909f56bfc062723c751e8b465ee728b)
Start importing Assets/Media/UI/UI/settings_ui_handle 1.png using Guid(033ca5c94ea983445a68279be91993eb) Importer(815301076,1909f56bfc062723c751e8b465ee728b)  -> (artifact id: '85bd0a39ecc48820e8c78923d4f267ca') in 0.017308 seconds
Number of updated asset objects reloaded before import = 0
Number of asset objects unloaded after import = 3
========================================================================
Received Import Request.
  Time since last request: 0.000030 seconds.
  path: Assets/Media/UI/UI/IMG_0784.png
  artifactKey: Guid(a49dbc57a365f5f428af0f3d7c4bb6af) Importer(815301076,1909f56bfc062723c751e8b465ee728b)
Start importing Assets/Media/UI/UI/IMG_0784.png using Guid(a49dbc57a365f5f428af0f3d7c4bb6af) Importer(815301076,1909f56bfc062723c751e8b465ee728b)  -> (artifact id: '6feec6a149ba1c4917eeeadbb928798c') in 0.016283 seconds
Number of updated asset objects reloaded before import = 0
Number of asset objects unloaded after import = 3
========================================================================
Received Import Request.
  Time since last request: 0.000034 seconds.
  path: Assets/Media/UI/UI/settings icon.png
  artifactKey: Guid(6cb4653f96240ee4785f60466a8c8d82) Importer(815301076,1909f56bfc062723c751e8b465ee728b)
Start importing Assets/Media/UI/UI/settings icon.png using Guid(6cb4653f96240ee4785f60466a8c8d82) Importer(815301076,1909f56bfc062723c751e8b465ee728b)  -> (artifact id: '8753cb94a5e87e70c5656c05da6fd933') in 0.020309 seconds
Number of updated asset objects reloaded before import = 0
Number of asset objects unloaded after import = 3
========================================================================
Received Import Request.
  Time since last request: 0.000051 seconds.
  path: Assets/Media/UI/UI/settings_ui_bg-1.png
  artifactKey: Guid(a10a34a45e8a289458a94900f44611d2) Importer(815301076,1909f56bfc062723c751e8b465ee728b)
Start importing Assets/Media/UI/UI/settings_ui_bg-1.png using Guid(a10a34a45e8a289458a94900f44611d2) Importer(815301076,1909f56bfc062723c751e8b465ee728b)  -> (artifact id: '346246adfea1c420f13f4da0a941be92') in 0.020673 seconds
Number of updated asset objects reloaded before import = 0
Number of asset objects unloaded after import = 3
========================================================================
Received Import Request.
  Time since last request: 0.000021 seconds.
  path: Assets/Media/UI/UI/triangle warning 1.png
  artifactKey: Guid(26e0a2bea14a1ee46ac2200d81665f5e) Importer(815301076,1909f56bfc062723c751e8b465ee728b)
Start importing Assets/Media/UI/UI/triangle warning 1.png using Guid(26e0a2bea14a1ee46ac2200d81665f5e) Importer(815301076,1909f56bfc062723c751e8b465ee728b)  -> (artifact id: '32ff0d462fccd157baedd13aa423f675') in 0.017438 seconds
Number of updated asset objects reloaded before import = 0
Number of asset objects unloaded after import = 3
========================================================================
Received Import Request.
  Time since last request: 434.504544 seconds.
  path: Assets/Scenes/Level2.unity
  artifactKey: Guid(35b9774def0653844b9cce41e1523a12) Importer(2089858483,0ecaa5967403d082aa24f35e1b516d23)
Start importing Assets/Scenes/Level2.unity using Guid(35b9774def0653844b9cce41e1523a12) Importer(2089858483,0ecaa5967403d082aa24f35e1b516d23)  -> (artifact id: '9aee8b87426db4d96862546bfaac0d0a') in 0.013829 seconds
Number of updated asset objects reloaded before import = 0
Number of asset objects unloaded after import = 1
========================================================================
Received Import Request.
  Time since last request: 16.594981 seconds.
  path: Assets/Media/UI/top-l.png
  artifactKey: Guid(a3976005b7ce0a047abafbd5be002592) Importer(815301076,1909f56bfc062723c751e8b465ee728b)
Start importing Assets/Media/UI/top-l.png using Guid(a3976005b7ce0a047abafbd5be002592) Importer(815301076,1909f56bfc062723c751e8b465ee728b)  -> (artifact id: '1637adabf5c8a3d4a884c1ed7be78fe3') in 0.028156 seconds
Number of updated asset objects reloaded before import = 0
Number of asset objects unloaded after import = 3
========================================================================
Received Import Request.
  Time since last request: 6.163571 seconds.
  path: Assets/Media/Sprites/MonitorTitle.png
  artifactKey: Guid(35f42426957a2b043a06ad997ae2b6b0) Importer(815301076,1909f56bfc062723c751e8b465ee728b)
Start importing Assets/Media/Sprites/MonitorTitle.png using Guid(35f42426957a2b043a06ad997ae2b6b0) Importer(815301076,1909f56bfc062723c751e8b465ee728b)  -> (artifact id: '90354ad00c356f88271f638f0ec46d37') in 0.021723 seconds
Number of updated asset objects reloaded before import = 0
Number of asset objects unloaded after import = 3
========================================================================
Received Import Request.
  Time since last request: 0.000027 seconds.
  path: Assets/Media/Sprites/MonitorTitle 1.png
  artifactKey: Guid(303ee8da078fd544ca8d498c9924d9ab) Importer(815301076,1909f56bfc062723c751e8b465ee728b)
Start importing Assets/Media/Sprites/MonitorTitle 1.png using Guid(303ee8da078fd544ca8d498c9924d9ab) Importer(815301076,1909f56bfc062723c751e8b465ee728b)  -> (artifact id: '43c4a1ac727a06287b1f8f82ea1350e5') in 0.017649 seconds
Number of updated asset objects reloaded before import = 0
Number of asset objects unloaded after import = 3
========================================================================
Received Import Request.
  Time since last request: 1.526014 seconds.
  path: Assets/Media/Videos/CUTSCENE.mp4
  artifactKey: Guid(3be2d49b13ef2c74794b79e1b4ae1f2b) Importer(815301076,1909f56bfc062723c751e8b465ee728b)
Start importing Assets/Media/Videos/CUTSCENE.mp4 using Guid(3be2d49b13ef2c74794b79e1b4ae1f2b) Importer(815301076,1909f56bfc062723c751e8b465ee728b)  -> (artifact id: '225c9f9ea69640a15060f4e692103588') in 0.000911 seconds
Number of updated asset objects reloaded before import = 0
Number of asset objects unloaded after import = 1
========================================================================
Received Import Request.
  Time since last request: 0.000015 seconds.
  path: Assets/Media/Videos/LoadingScreenVideo.mp4
  artifactKey: Guid(2af13fd283242ef408199de757bfaa1e) Importer(815301076,1909f56bfc062723c751e8b465ee728b)
Start importing Assets/Media/Videos/LoadingScreenVideo.mp4 using Guid(2af13fd283242ef408199de757bfaa1e) Importer(815301076,1909f56bfc062723c751e8b465ee728b)  -> (artifact id: '67e3a7ed626a7ff65dd1919460c7f4cb') in 0.001054 seconds
Number of updated asset objects reloaded before import = 0
Number of asset objects unloaded after import = 1
========================================================================
Received Import Request.
  Time since last request: 1.658913 seconds.
  path: Assets/Media/Fonts/Noach - Free Trial SDF.asset
  artifactKey: Guid(0a158d96c083b2448ae7c7bcbf5c23d1) Importer(815301076,1909f56bfc062723c751e8b465ee728b)
Start importing Assets/Media/Fonts/Noach - Free Trial SDF.asset using Guid(0a158d96c083b2448ae7c7bcbf5c23d1) Importer(815301076,1909f56bfc062723c751e8b465ee728b)  -> (artifact id: '5f1db155c7bc100b571583f45244bd52') in 0.047964 seconds
Number of updated asset objects reloaded before import = 0
Number of asset objects unloaded after import = 7
========================================================================
Received Import Request.
  Time since last request: 0.000022 seconds.
  path: Assets/Media/Fonts/UAV-OSD-Sans-Mono.ttf
  artifactKey: Guid(e59da5983ea38b54babf81fa0190593e) Importer(815301076,1909f56bfc062723c751e8b465ee728b)
Start importing Assets/Media/Fonts/UAV-OSD-Sans-Mono.ttf using Guid(e59da5983ea38b54babf81fa0190593e) Importer(815301076,1909f56bfc062723c751e8b465ee728b)  -> (artifact id: '31478176421fb5fff9581f84899ef4db') in 0.020521 seconds
Number of updated asset objects reloaded before import = 0
Number of asset objects unloaded after import = 5
========================================================================
Received Import Request.
  Time since last request: 0.000026 seconds.
  path: Assets/Media/Fonts/UAV-OSD-Sans-Mono SDF.asset
  artifactKey: Guid(93661b8876dda5f40b3783b85ffce9bb) Importer(815301076,1909f56bfc062723c751e8b465ee728b)
Start importing Assets/Media/Fonts/UAV-OSD-Sans-Mono SDF.asset using Guid(93661b8876dda5f40b3783b85ffce9bb) Importer(815301076,1909f56bfc062723c751e8b465ee728b)  -> (artifact id: 'f7b3166d43773a8fc842e93648b32c33') in 0.035649 seconds
Number of updated asset objects reloaded before import = 0
Number of asset objects unloaded after import = 7
========================================================================
Received Import Request.
  Time since last request: 8.132212 seconds.
  path: Assets/Media/Cutscene/LastFishCutsceneTimeline.playable
  artifactKey: Guid(6459dc1f7da30c54b90f04913a02a259) Importer(815301076,1909f56bfc062723c751e8b465ee728b)
Start importing Assets/Media/Cutscene/LastFishCutsceneTimeline.playable using Guid(6459dc1f7da30c54b90f04913a02a259) Importer(815301076,1909f56bfc062723c751e8b465ee728b)  -> (artifact id: '372d72c72b9767523d1dff8e62c2e71d') in 0.013924 seconds
Number of updated asset objects reloaded before import = 0
Number of asset objects unloaded after import = 43
========================================================================
Received Import Request.
  Time since last request: 0.000017 seconds.
  path: Assets/Media/Cutscene/ThirdFishCutsceneTimeline.playable
  artifactKey: Guid(d45cf0175d25b78428a1c07b53370f17) Importer(815301076,1909f56bfc062723c751e8b465ee728b)
Start importing Assets/Media/Cutscene/ThirdFishCutsceneTimeline.playable using Guid(d45cf0175d25b78428a1c07b53370f17) Importer(815301076,1909f56bfc062723c751e8b465ee728b)  -> (artifact id: 'd389445119a5d9fffec9a679e9d4cde8') in 0.006892 seconds
Number of updated asset objects reloaded before import = 0
Number of asset objects unloaded after import = 50
========================================================================
Received Import Request.
  Time since last request: 9.184894 seconds.
  path: Assets/Prefabs/Gwangju_3D asset/28_SamhuiRestaurant/Meshes/SamhuiRestaurant.fbx
  artifactKey: Guid(96df125e6d1705d48b4fe3b1dbdbf5e7) Importer(815301076,1909f56bfc062723c751e8b465ee728b)
Start importing Assets/Prefabs/Gwangju_3D asset/28_SamhuiRestaurant/Meshes/SamhuiRestaurant.fbx using Guid(96df125e6d1705d48b4fe3b1dbdbf5e7) Importer(815301076,1909f56bfc062723c751e8b465ee728b)  -> (artifact id: '0f188b07a146745a5069a1751ffb68b1') in 0.267696 seconds
Number of updated asset objects reloaded before import = 0
Number of asset objects unloaded after import = 89
========================================================================
Received Import Request.
  Time since last request: 0.000143 seconds.
  path: Assets/Prefabs/Gwangju_3D asset/28_SamhuiRestaurant/Textures/SamhuiRestaurant_Trim_Floor_Normal.png
  artifactKey: Guid(46787e8604e9a4c4c9ac47b553d25f2c) Importer(815301076,1909f56bfc062723c751e8b465ee728b)
Start importing Assets/Prefabs/Gwangju_3D asset/28_SamhuiRestaurant/Textures/SamhuiRestaurant_Trim_Floor_Normal.png using Guid(46787e8604e9a4c4c9ac47b553d25f2c) Importer(815301076,1909f56bfc062723c751e8b465ee728b)  -> (artifact id: '955ff922ff3ceed38432ec12acd4cf74') in 0.021750 seconds
Number of updated asset objects reloaded before import = 0
Number of asset objects unloaded after import = 2
========================================================================
Received Import Request.
  Time since last request: 0.000025 seconds.
  path: Assets/Prefabs/Gwangju_3D asset/28_SamhuiRestaurant/Textures/SamhuiRestaurant_Trim_Etc_MaskMap.png
  artifactKey: Guid(8699686df70eb7540972083ba7552576) Importer(815301076,1909f56bfc062723c751e8b465ee728b)
Start importing Assets/Prefabs/Gwangju_3D asset/28_SamhuiRestaurant/Textures/SamhuiRestaurant_Trim_Etc_MaskMap.png using Guid(8699686df70eb7540972083ba7552576) Importer(815301076,1909f56bfc062723c751e8b465ee728b)  -> (artifact id: 'a9623291a2a624ab34c1935449a32b56') in 0.018467 seconds
Number of updated asset objects reloaded before import = 0
Number of asset objects unloaded after import = 2
========================================================================
Received Import Request.
  Time since last request: 0.000027 seconds.
  path: Assets/Prefabs/Gwangju_3D asset/28_SamhuiRestaurant/Materials/SamhuiRestaurant_Trim_Etc.mat
  artifactKey: Guid(5810cf99804c91746b4e72aa62cb59f9) Importer(815301076,1909f56bfc062723c751e8b465ee728b)
Start importing Assets/Prefabs/Gwangju_3D asset/28_SamhuiRestaurant/Materials/SamhuiRestaurant_Trim_Etc.mat using Guid(5810cf99804c91746b4e72aa62cb59f9) Importer(815301076,1909f56bfc062723c751e8b465ee728b)  -> (artifact id: 'eee32e08e5350e47b652af4bb0678daf') in 0.025547 seconds
Number of updated asset objects reloaded before import = 0
Number of asset objects unloaded after import = 6
========================================================================
Received Import Request.
  Time since last request: 0.000027 seconds.
  path: Assets/Prefabs/Gwangju_3D asset/28_SamhuiRestaurant/Textures/SamhuiRestaurant_Trim_Wall_BaseMap.png
  artifactKey: Guid(e4590ec256bcff7409ab1203e16e9b12) Importer(815301076,1909f56bfc062723c751e8b465ee728b)
Start importing Assets/Prefabs/Gwangju_3D asset/28_SamhuiRestaurant/Textures/SamhuiRestaurant_Trim_Wall_BaseMap.png using Guid(e4590ec256bcff7409ab1203e16e9b12) Importer(815301076,1909f56bfc062723c751e8b465ee728b)  -> (artifact id: 'e81cebe5a00fe127ca9d2fca7d23ed90') in 0.019570 seconds
Number of updated asset objects reloaded before import = 0
Number of asset objects unloaded after import = 2
========================================================================
Received Import Request.
  Time since last request: 0.000019 seconds.
  path: Assets/Prefabs/Gwangju_3D asset/28_SamhuiRestaurant/Materials/SamhuiRestaurant_Diorama.mat
  artifactKey: Guid(c9689ffce270ff24ab06541b85e48e77) Importer(815301076,1909f56bfc062723c751e8b465ee728b)
Start importing Assets/Prefabs/Gwangju_3D asset/28_SamhuiRestaurant/Materials/SamhuiRestaurant_Diorama.mat using Guid(c9689ffce270ff24ab06541b85e48e77) Importer(815301076,1909f56bfc062723c751e8b465ee728b)  -> (artifact id: '790a7e8214af8e12d3ddb4d1ff56632e') in 0.025041 seconds
Number of updated asset objects reloaded before import = 0
Number of asset objects unloaded after import = 5
========================================================================
Received Import Request.
  Time since last request: 0.000022 seconds.
  path: Assets/Prefabs/Gwangju_3D asset/28_SamhuiRestaurant/Textures/SamhuiRestaurant_Trim_Etc_Normal.png
  artifactKey: Guid(f06cdfc80d97e5b498510ad1121b76ab) Importer(815301076,1909f56bfc062723c751e8b465ee728b)
Start importing Assets/Prefabs/Gwangju_3D asset/28_SamhuiRestaurant/Textures/SamhuiRestaurant_Trim_Etc_Normal.png using Guid(f06cdfc80d97e5b498510ad1121b76ab) Importer(815301076,1909f56bfc062723c751e8b465ee728b)  -> (artifact id: 'e6c7ea2df37990bb83b58105be8e5701') in 0.024594 seconds
Number of updated asset objects reloaded before import = 0
Number of asset objects unloaded after import = 2
========================================================================
Received Import Request.
  Time since last request: 26.177575 seconds.
  path: Assets/Prefabs/ID/ID SCANNER.fbx
  artifactKey: Guid(2394d9e985658824693179ec01fb4c15) Importer(815301076,1909f56bfc062723c751e8b465ee728b)
Start importing Assets/Prefabs/ID/ID SCANNER.fbx using Guid(2394d9e985658824693179ec01fb4c15) Importer(815301076,1909f56bfc062723c751e8b465ee728b)  -> (artifact id: 'df12227b1ebd9f30a5e06fd47847fbfd') in 0.028225 seconds
Number of updated asset objects reloaded before import = 0
Number of asset objects unloaded after import = 10
========================================================================
Received Import Request.
  Time since last request: 0.482185 seconds.
  path: Assets/Media/Audio/SFX/Game SFX/jumpscare.mp3
  artifactKey: Guid(4cfdd0646a681cc4ea24868c9bc0bd98) Importer(815301076,1909f56bfc062723c751e8b465ee728b)
Start importing Assets/Media/Audio/SFX/Game SFX/jumpscare.mp3 using Guid(4cfdd0646a681cc4ea24868c9bc0bd98) Importer(815301076,1909f56bfc062723c751e8b465ee728b)  -> (artifact id: '7b9539f9c3fa72e2d0c7296f94c75ae7') in 0.029001 seconds
Number of updated asset objects reloaded before import = 0
Number of asset objects unloaded after import = 2
========================================================================
Received Import Request.
  Time since last request: 24.511756 seconds.
  path: Assets/Assets/Kitchen_Fridge/Kitchen_Fridge_Material.052_Emission.png
  artifactKey: Guid(909c1d4140cc2754e9dd689179de6a6b) Importer(815301076,1909f56bfc062723c751e8b465ee728b)
Start importing Assets/Assets/Kitchen_Fridge/Kitchen_Fridge_Material.052_Emission.png using Guid(909c1d4140cc2754e9dd689179de6a6b) Importer(815301076,1909f56bfc062723c751e8b465ee728b)  -> (artifact id: 'c5e472311d1c0204ed080d1df46bb1b2') in 0.017027 seconds
Number of updated asset objects reloaded before import = 0
Number of asset objects unloaded after import = 2
========================================================================
Received Import Request.
  Time since last request: 0.000028 seconds.
  path: Assets/Assets/Kitchen_Fridge/Kitchen_Fridge_Material.053_Emission.png
  artifactKey: Guid(ee70ea5cfd409944d80307a8c2251095) Importer(815301076,1909f56bfc062723c751e8b465ee728b)
Start importing Assets/Assets/Kitchen_Fridge/Kitchen_Fridge_Material.053_Emission.png using Guid(ee70ea5cfd409944d80307a8c2251095) Importer(815301076,1909f56bfc062723c751e8b465ee728b)  -> (artifact id: '3d68091999e9fa383cce416a0fc4708a') in 0.012403 seconds
Number of updated asset objects reloaded before import = 0
Number of asset objects unloaded after import = 2
========================================================================
Received Import Request.
  Time since last request: 0.000021 seconds.
  path: Assets/Assets/Kitchen_Fridge/Kitchen_Fridge_Material.052_MetallicSmoothness.png
  artifactKey: Guid(1dc84b775da845e4d9b928579e5bc8a6) Importer(815301076,1909f56bfc062723c751e8b465ee728b)
Start importing Assets/Assets/Kitchen_Fridge/Kitchen_Fridge_Material.052_MetallicSmoothness.png using Guid(1dc84b775da845e4d9b928579e5bc8a6) Importer(815301076,1909f56bfc062723c751e8b465ee728b)  -> (artifact id: '137a07d78a8d88d703658a26b35eb486') in 0.009038 seconds
Number of updated asset objects reloaded before import = 0
Number of asset objects unloaded after import = 2
========================================================================
Received Import Request.
  Time since last request: 0.000032 seconds.
  path: Assets/Assets/Kitchen_Sink/Kitchen_Sink_Material.022_AlbedoTransparency.png
  artifactKey: Guid(f2ed7dd746d6031469cdd8c3951adb96) Importer(815301076,1909f56bfc062723c751e8b465ee728b)
Start importing Assets/Assets/Kitchen_Sink/Kitchen_Sink_Material.022_AlbedoTransparency.png using Guid(f2ed7dd746d6031469cdd8c3951adb96) Importer(815301076,1909f56bfc062723c751e8b465ee728b)  -> (artifact id: '90b287dfe9108c79e0986408237881e9') in 0.016980 seconds
Number of updated asset objects reloaded before import = 0
Number of asset objects unloaded after import = 2
========================================================================
Received Import Request.
  Time since last request: 0.000023 seconds.
  path: Assets/Assets/Kitchen_Fridge/Kitchen_Fridge_Material.052_Normal.png
  artifactKey: Guid(76a73d0d76149a944870a805ab2a0c6c) Importer(815301076,1909f56bfc062723c751e8b465ee728b)
Start importing Assets/Assets/Kitchen_Fridge/Kitchen_Fridge_Material.052_Normal.png using Guid(76a73d0d76149a944870a805ab2a0c6c) Importer(815301076,1909f56bfc062723c751e8b465ee728b)  -> (artifact id: 'bebff450daad2a9369e6d8787ec05b7b') in 0.008030 seconds
Number of updated asset objects reloaded before import = 0
Number of asset objects unloaded after import = 2
========================================================================
Received Import Request.
  Time since last request: 0.000017 seconds.
  path: Assets/Assets/Kitchen_Fridge/Kitchen_Fridge_Material.053_MetallicSmoothness.png
  artifactKey: Guid(c4c999d25fd5cc24fa941c1b91927951) Importer(815301076,1909f56bfc062723c751e8b465ee728b)
Start importing Assets/Assets/Kitchen_Fridge/Kitchen_Fridge_Material.053_MetallicSmoothness.png using Guid(c4c999d25fd5cc24fa941c1b91927951) Importer(815301076,1909f56bfc062723c751e8b465ee728b)  -> (artifact id: '3f6b884e647554f4c87bdf8df47fd686') in 0.007987 seconds
Number of updated asset objects reloaded before import = 0
Number of asset objects unloaded after import = 2
========================================================================
Received Import Request.
  Time since last request: 0.000018 seconds.
  path: Assets/Assets/Kitchen_Fridge/Kitchen_Fridge_Material.053_AmbientOcclusion.png
  artifactKey: Guid(e1d492227b05e8b4bbe153e1a5700786) Importer(815301076,1909f56bfc062723c751e8b465ee728b)
Start importing Assets/Assets/Kitchen_Fridge/Kitchen_Fridge_Material.053_AmbientOcclusion.png using Guid(e1d492227b05e8b4bbe153e1a5700786) Importer(815301076,1909f56bfc062723c751e8b465ee728b)  -> (artifact id: 'a99738923b5f80d75a6fdd3120f0d55c') in 0.016202 seconds
Number of updated asset objects reloaded before import = 0
Number of asset objects unloaded after import = 2
========================================================================
Received Import Request.
  Time since last request: 0.862626 seconds.
  path: Assets/Assets/Kitchen_Sink/Kitchen_Sink_Material.051_Emission.png
  artifactKey: Guid(690709a99c554244aa3671fb2abbc953) Importer(815301076,1909f56bfc062723c751e8b465ee728b)
Start importing Assets/Assets/Kitchen_Sink/Kitchen_Sink_Material.051_Emission.png using Guid(690709a99c554244aa3671fb2abbc953) Importer(815301076,1909f56bfc062723c751e8b465ee728b)  -> (artifact id: '5aa1ae9ca1b01065993bfb7c1bad94ad') in 0.007331 seconds
Number of updated asset objects reloaded before import = 0
Number of asset objects unloaded after import = 2
========================================================================
Received Import Request.
  Time since last request: 0.000017 seconds.
  path: Assets/Assets/Kitchen_Stove/Kitchen_Stove_DefaultMaterial_MetallicSmoothness.1001.png
  artifactKey: Guid(013a7ca4d94e84e4c91fe3af075f6a4d) Importer(815301076,1909f56bfc062723c751e8b465ee728b)
Start importing Assets/Assets/Kitchen_Stove/Kitchen_Stove_DefaultMaterial_MetallicSmoothness.1001.png using Guid(013a7ca4d94e84e4c91fe3af075f6a4d) Importer(815301076,1909f56bfc062723c751e8b465ee728b)  -> (artifact id: '901dac3bf19425e60d2e5d61f4789557') in 0.015403 seconds
Number of updated asset objects reloaded before import = 0
Number of asset objects unloaded after import = 2
========================================================================
Received Import Request.
  Time since last request: 0.000024 seconds.
  path: Assets/Assets/Laboratory_Table/Laboratory_Table_Material.023_AlbedoTransparency.png
  artifactKey: Guid(948cab44ecb671545926f1a4d127a4b2) Importer(815301076,1909f56bfc062723c751e8b465ee728b)
Start importing Assets/Assets/Laboratory_Table/Laboratory_Table_Material.023_AlbedoTransparency.png using Guid(948cab44ecb671545926f1a4d127a4b2) Importer(815301076,1909f56bfc062723c751e8b465ee728b)  -> (artifact id: '6b1660c8d66ceff9170e6c2eb6cc24c9') in 0.017197 seconds
Number of updated asset objects reloaded before import = 0
Number of asset objects unloaded after import = 2
========================================================================
Received Import Request.
  Time since last request: 0.000039 seconds.
  path: Assets/Assets/Laboratory_Table/Laboratory_Table_Material.055_Emission.png
  artifactKey: Guid(433c5c1da69137045b8da973eb962ab8) Importer(815301076,1909f56bfc062723c751e8b465ee728b)
Start importing Assets/Assets/Laboratory_Table/Laboratory_Table_Material.055_Emission.png using Guid(433c5c1da69137045b8da973eb962ab8) Importer(815301076,1909f56bfc062723c751e8b465ee728b)  -> (artifact id: 'c40ac52486cfc7bc07cfd3e3ff896ba9') in 0.009515 seconds
Number of updated asset objects reloaded before import = 0
Number of asset objects unloaded after import = 2
========================================================================
Received Import Request.
  Time since last request: 0.000015 seconds.
  path: Assets/Assets/Kitchen_Sink/Kitchen_Sink_Material.051_Normal.png
  artifactKey: Guid(1aa9986fd1299ee4b80dc192f528c36d) Importer(815301076,1909f56bfc062723c751e8b465ee728b)
Start importing Assets/Assets/Kitchen_Sink/Kitchen_Sink_Material.051_Normal.png using Guid(1aa9986fd1299ee4b80dc192f528c36d) Importer(815301076,1909f56bfc062723c751e8b465ee728b)  -> (artifact id: '0f26918fdd100e2e327636611036dbe8') in 0.015423 seconds
Number of updated asset objects reloaded before import = 0
Number of asset objects unloaded after import = 2
========================================================================
Received Import Request.
  Time since last request: 0.000017 seconds.
  path: Assets/Assets/Laboratory_Table/Laboratory_Table_Material.055_MetallicSmoothness.png
  artifactKey: Guid(981d4383113ce6642862f7ee36004938) Importer(815301076,1909f56bfc062723c751e8b465ee728b)
Start importing Assets/Assets/Laboratory_Table/Laboratory_Table_Material.055_MetallicSmoothness.png using Guid(981d4383113ce6642862f7ee36004938) Importer(815301076,1909f56bfc062723c751e8b465ee728b)  -> (artifact id: '26a684f00236d039cd3cb5d1812977ac') in 0.009999 seconds
Number of updated asset objects reloaded before import = 0
Number of asset objects unloaded after import = 2
========================================================================
Received Import Request.
  Time since last request: 0.000027 seconds.
  path: Assets/Assets/Laboratory_Table/Laboratory_Table_Material.056_AlbedoTransparency.png
  artifactKey: Guid(49837946175c90540bc49f13928ea324) Importer(815301076,1909f56bfc062723c751e8b465ee728b)
Start importing Assets/Assets/Laboratory_Table/Laboratory_Table_Material.056_AlbedoTransparency.png using Guid(49837946175c90540bc49f13928ea324) Importer(815301076,1909f56bfc062723c751e8b465ee728b)  -> (artifact id: 'b7b07660d85184ada8c914a83dfd1336') in 0.018783 seconds
Number of updated asset objects reloaded before import = 0
Number of asset objects unloaded after import = 2
========================================================================
Received Import Request.
  Time since last request: 0.000021 seconds.
  path: Assets/Assets/Kitchen_Stove/Kitchen_Stove_DefaultMaterial_Emission.1001.png
  artifactKey: Guid(9f443f1b3bd935c478a88a61db606966) Importer(815301076,1909f56bfc062723c751e8b465ee728b)
Start importing Assets/Assets/Kitchen_Stove/Kitchen_Stove_DefaultMaterial_Emission.1001.png using Guid(9f443f1b3bd935c478a88a61db606966) Importer(815301076,1909f56bfc062723c751e8b465ee728b)  -> (artifact id: '78aaafe5ada923024e8f27116792de13') in 0.008138 seconds
Number of updated asset objects reloaded before import = 0
Number of asset objects unloaded after import = 2
========================================================================
Received Import Request.
  Time since last request: 0.000026 seconds.
  path: Assets/Assets/Laboratory_Table/Laboratory_Table_Material.058_AlbedoTransparency.png
  artifactKey: Guid(31ead44a66180064c9482cca73e91f89) Importer(815301076,1909f56bfc062723c751e8b465ee728b)
Start importing Assets/Assets/Laboratory_Table/Laboratory_Table_Material.058_AlbedoTransparency.png using Guid(31ead44a66180064c9482cca73e91f89) Importer(815301076,1909f56bfc062723c751e8b465ee728b)  -> (artifact id: '7d21c95a0623cd97db96a326a10752e9') in 0.015783 seconds
Number of updated asset objects reloaded before import = 0
Number of asset objects unloaded after import = 2
========================================================================
Received Import Request.
  Time since last request: 0.000017 seconds.
  path: Assets/Assets/Laboratory_Table/Laboratory_Table_Material.056_Emission.png
  artifactKey: Guid(cfd468f70b43d5d428bfa2f0a6028820) Importer(815301076,1909f56bfc062723c751e8b465ee728b)
Start importing Assets/Assets/Laboratory_Table/Laboratory_Table_Material.056_Emission.png using Guid(cfd468f70b43d5d428bfa2f0a6028820) Importer(815301076,1909f56bfc062723c751e8b465ee728b)  -> (artifact id: 'ab48254d450dcedb810ba6d60029489c') in 0.009116 seconds
Number of updated asset objects reloaded before import = 0
Number of asset objects unloaded after import = 2
========================================================================
Received Import Request.
  Time since last request: 0.000023 seconds.
  path: Assets/Assets/Laboratory_Table/Laboratory_Table_Material.023_Emission.png
  artifactKey: Guid(f4687e135aa21e047bb8a0d017dfce1c) Importer(815301076,1909f56bfc062723c751e8b465ee728b)
Start importing Assets/Assets/Laboratory_Table/Laboratory_Table_Material.023_Emission.png using Guid(f4687e135aa21e047bb8a0d017dfce1c) Importer(815301076,1909f56bfc062723c751e8b465ee728b)  -> (artifact id: 'cbb9bbdc42dc63da917570d831e100ca') in 0.006931 seconds
Number of updated asset objects reloaded before import = 0
Number of asset objects unloaded after import = 2
========================================================================
Received Import Request.
  Time since last request: 0.271897 seconds.
  path: Assets/Prefabs/Generator/Lever Base Color.png
  artifactKey: Guid(e02d8ebcec5e41b4a8f407210a41db4d) Importer(815301076,1909f56bfc062723c751e8b465ee728b)
Start importing Assets/Prefabs/Generator/Lever Base Color.png using Guid(e02d8ebcec5e41b4a8f407210a41db4d) Importer(815301076,1909f56bfc062723c751e8b465ee728b)  -> (artifact id: '570f381737e6f309360deddddfed3c1d') in 0.014451 seconds
Number of updated asset objects reloaded before import = 0
Number of asset objects unloaded after import = 2
========================================================================
Received Import Request.
  Time since last request: 0.362934 seconds.
  path: Assets/Prefabs/Gwangju_3D asset/Scenes/28_SamhuiRestaurant/Lightmap-0_comp_light.exr
  artifactKey: Guid(46af56fd258fb364cad6f225de522cc8) Importer(815301076,1909f56bfc062723c751e8b465ee728b)
Start importing Assets/Prefabs/Gwangju_3D asset/Scenes/28_SamhuiRestaurant/Lightmap-0_comp_light.exr using Guid(46af56fd258fb364cad6f225de522cc8) Importer(815301076,1909f56bfc062723c751e8b465ee728b)  -> (artifact id: '6c6f132f5df7050b8c83eda9ca192255') in 0.024182 seconds
Number of updated asset objects reloaded before import = 0
Number of asset objects unloaded after import = 2
========================================================================
Received Import Request.
  Time since last request: 0.000034 seconds.
  path: Assets/Assets/Bed/medbay bed_DefaultMaterial_AlbedoTransparency.1001.png
  artifactKey: Guid(b06110b41805d654c9efcded3b12865c) Importer(815301076,1909f56bfc062723c751e8b465ee728b)
Start importing Assets/Assets/Bed/medbay bed_DefaultMaterial_AlbedoTransparency.1001.png using Guid(b06110b41805d654c9efcded3b12865c) Importer(815301076,1909f56bfc062723c751e8b465ee728b)  -> (artifact id: 'd3452c68450dd4f949913438ebaa17bb') in 0.015882 seconds
Number of updated asset objects reloaded before import = 0
Number of asset objects unloaded after import = 2
========================================================================
Received Import Request.
  Time since last request: 0.000018 seconds.
  path: Assets/Assets/Bed/medbay bed_DefaultMaterial_Emission.1001.png
  artifactKey: Guid(424d06b537fe24e4dac1e2a2fa32f50d) Importer(815301076,1909f56bfc062723c751e8b465ee728b)
Start importing Assets/Assets/Bed/medbay bed_DefaultMaterial_Emission.1001.png using Guid(424d06b537fe24e4dac1e2a2fa32f50d) Importer(815301076,1909f56bfc062723c751e8b465ee728b)  -> (artifact id: '959f94239357e0caecb25e3116bba330') in 0.008971 seconds
Number of updated asset objects reloaded before import = 0
Number of asset objects unloaded after import = 2
========================================================================
Received Import Request.
  Time since last request: 0.009398 seconds.
  path: Assets/Assets/Oxygen_Tank/Oxygen_Tank_Material.062_AlbedoTransparency.png
  artifactKey: Guid(bce2ebb27dd4f134aa3ac9b8663b9503) Importer(815301076,1909f56bfc062723c751e8b465ee728b)
Start importing Assets/Assets/Oxygen_Tank/Oxygen_Tank_Material.062_AlbedoTransparency.png using Guid(bce2ebb27dd4f134aa3ac9b8663b9503) Importer(815301076,1909f56bfc062723c751e8b465ee728b)  -> (artifact id: '211c7c16d0dd4a2f41f99166b0ed68d3') in 0.015423 seconds
Number of updated asset objects reloaded before import = 0
Number of asset objects unloaded after import = 2
========================================================================
Received Import Request.
  Time since last request: 0.000018 seconds.
  path: Assets/Prefabs/Monsters/Frog/phrog_DefaultMaterial_AlbedoTransparency.1001.png
  artifactKey: Guid(09fb5327cc61dab4d86ea59cf433614c) Importer(815301076,1909f56bfc062723c751e8b465ee728b)
Start importing Assets/Prefabs/Monsters/Frog/phrog_DefaultMaterial_AlbedoTransparency.1001.png using Guid(09fb5327cc61dab4d86ea59cf433614c) Importer(815301076,1909f56bfc062723c751e8b465ee728b)  -> (artifact id: '5fc36ac6fe6a2b64748f7ab419bd2225') in 0.019258 seconds
Number of updated asset objects reloaded before import = 0
Number of asset objects unloaded after import = 2
========================================================================
Received Import Request.
  Time since last request: 0.000030 seconds.
  path: Assets/Assets/Oxygen_Tank/Oxygen_Tank_Material.062_AmbientOcclusion.png
  artifactKey: Guid(87c2b2170ea40924d8425588a0c03523) Importer(815301076,1909f56bfc062723c751e8b465ee728b)
Start importing Assets/Assets/Oxygen_Tank/Oxygen_Tank_Material.062_AmbientOcclusion.png using Guid(87c2b2170ea40924d8425588a0c03523) Importer(815301076,1909f56bfc062723c751e8b465ee728b)  -> (artifact id: '34eddcb737b5496e5adf2bfff4025645') in 0.017586 seconds
Number of updated asset objects reloaded before import = 0
Number of asset objects unloaded after import = 2
========================================================================
Received Import Request.
  Time since last request: 0.000020 seconds.
  path: Assets/Prefabs/Monsters/Frog/phrog_DefaultMaterial_Normal.1001.png
  artifactKey: Guid(34fe982b8bb3dc44599d663fe976d1c9) Importer(815301076,1909f56bfc062723c751e8b465ee728b)
Start importing Assets/Prefabs/Monsters/Frog/phrog_DefaultMaterial_Normal.1001.png using Guid(34fe982b8bb3dc44599d663fe976d1c9) Importer(815301076,1909f56bfc062723c751e8b465ee728b)  -> (artifact id: 'ee25ccb340eadf97d499dddf35135ee1') in 0.018394 seconds
Number of updated asset objects reloaded before import = 0
Number of asset objects unloaded after import = 2
========================================================================
Received Import Request.
  Time since last request: 0.512269 seconds.
  path: Assets/Scenes/Level1/ReflectionProbe-0.exr
  artifactKey: Guid(19453dec598a69448b29f90860effbab) Importer(815301076,1909f56bfc062723c751e8b465ee728b)
Start importing Assets/Scenes/Level1/ReflectionProbe-0.exr using Guid(19453dec598a69448b29f90860effbab) Importer(815301076,1909f56bfc062723c751e8b465ee728b)  -> (artifact id: '6c7210022d20c15d7b9ab128cd0f8b7f') in 0.029878 seconds
Number of updated asset objects reloaded before import = 0
Number of asset objects unloaded after import = 2
========================================================================
Received Import Request.
  Time since last request: 0.000033 seconds.
  path: Assets/Prefabs/Rubble 1/RUBBLE 1_Material_Emissive.1001.png
  artifactKey: Guid(f890374eb58697c41a658913c4fb72d3) Importer(815301076,1909f56bfc062723c751e8b465ee728b)
Start importing Assets/Prefabs/Rubble 1/RUBBLE 1_Material_Emissive.1001.png using Guid(f890374eb58697c41a658913c4fb72d3) Importer(815301076,1909f56bfc062723c751e8b465ee728b)  -> (artifact id: '1beb76d5c8fcbd3959e101246e741453') in 0.006784 seconds
Number of updated asset objects reloaded before import = 0
Number of asset objects unloaded after import = 2
========================================================================
Received Import Request.
  Time since last request: 0.000019 seconds.
  path: Assets/Prefabs/Gwangju_3D asset/Scenes/28_SamhuiRestaurant/ReflectionProbe-2.exr
  artifactKey: Guid(a6739f0709d04f3468714c5dd21bd1e2) Importer(815301076,1909f56bfc062723c751e8b465ee728b)
Start importing Assets/Prefabs/Gwangju_3D asset/Scenes/28_SamhuiRestaurant/ReflectionProbe-2.exr using Guid(a6739f0709d04f3468714c5dd21bd1e2) Importer(815301076,1909f56bfc062723c751e8b465ee728b)  -> (artifact id: 'b3e72917b2ffc39e909f1ec258774895') in 0.020626 seconds
Number of updated asset objects reloaded before import = 0
Number of asset objects unloaded after import = 2
========================================================================
Received Import Request.
  Time since last request: 0.000028 seconds.
  path: Assets/Prefabs/Rubble 1/RUBBLE 1_Material_Height.1001.png
  artifactKey: Guid(65f2343c2745acb48b0b33242e68d06f) Importer(815301076,1909f56bfc062723c751e8b465ee728b)
Start importing Assets/Prefabs/Rubble 1/RUBBLE 1_Material_Height.1001.png using Guid(65f2343c2745acb48b0b33242e68d06f) Importer(815301076,1909f56bfc062723c751e8b465ee728b)  -> (artifact id: '8d745f1b7125fd505503c68f0a539754') in 0.017745 seconds
Number of updated asset objects reloaded before import = 0
Number of asset objects unloaded after import = 2
========================================================================
Received Import Request.
  Time since last request: 0.000022 seconds.
  path: Assets/Assets/Ceiling_Security_Camera/Security_Ceiling_Camera_DefaultMaterial_MetallicSmoothness.png
  artifactKey: Guid(0728c532dd22f9442b16f5069c93c4d7) Importer(815301076,1909f56bfc062723c751e8b465ee728b)
Start importing Assets/Assets/Ceiling_Security_Camera/Security_Ceiling_Camera_DefaultMaterial_MetallicSmoothness.png using Guid(0728c532dd22f9442b16f5069c93c4d7) Importer(815301076,1909f56bfc062723c751e8b465ee728b)  -> (artifact id: '137db5b71fac1d1bc7b3c0bd1c3b156c') in 0.016152 seconds
Number of updated asset objects reloaded before import = 0
Number of asset objects unloaded after import = 2
========================================================================
Received Import Request.
  Time since last request: 0.000026 seconds.
  path: Assets/Assets/Ceiling_Security_Camera/Security_Ceiling_Camera_DefaultMaterial_AlbedoTransparency.png
  artifactKey: Guid(8030d8c1b9f9d854bb32bab233eee3eb) Importer(815301076,1909f56bfc062723c751e8b465ee728b)
Start importing Assets/Assets/Ceiling_Security_Camera/Security_Ceiling_Camera_DefaultMaterial_AlbedoTransparency.png using Guid(8030d8c1b9f9d854bb32bab233eee3eb) Importer(815301076,1909f56bfc062723c751e8b465ee728b)  -> (artifact id: '0c223aec351fc0fce357eb4ee952e7fa') in 0.018195 seconds
Number of updated asset objects reloaded before import = 0
Number of asset objects unloaded after import = 2
Editor requested this worker to shutdown with reason: Scaling down because of idle timeout
TcpMessagingSession - receive error: operation aborted. errorcode: 995, details: The I/O operation has been aborted because of either a thread exit or an application request.
AssetImportWorker is now disconnected from the server
Process exiting
Exiting without the bug reporter. Application will terminate with return code 0