Using pre-set license
Built from '2022.3/staging' branch; Version is '2022.3.22f1 (887be4894c44) revision 8944612'; Using compiler version '192829333'; Build Type 'Release'
OS: 'Windows 11  (10.0.26100) 64bit Professional' Language: 'en' Physical Memory: 28565 MB
BatchMode: 1, IsHumanControllingUs: 0, StartBugReporterOnCrash: 0, Is64bit: 1, IsPro: 1

COMMAND LINE ARGUMENTS:
C:\Program Files\Unity\Hub\Editor\2022.3.22f1\Editor\Unity.exe
-adb2
-batchMode
-noUpm
-name
AssetImportWorker7
-projectPath
D:/Unity/MonitorLeg8
-logFile
Logs/AssetImportWorker7.log
-srvPort
57357
Successfully changed project path to: D:/Unity/MonitorLeg8
D:/Unity/MonitorLeg8
[UnityMemory] Configuration Parameters - Can be set up in boot.config
    "memorysetup-bucket-allocator-granularity=16"
    "memorysetup-bucket-allocator-bucket-count=8"
    "memorysetup-bucket-allocator-block-size=33554432"
    "memorysetup-bucket-allocator-block-count=8"
    "memorysetup-main-allocator-block-size=16777216"
    "memorysetup-thread-allocator-block-size=16777216"
    "memorysetup-gfx-main-allocator-block-size=16777216"
    "memorysetup-gfx-thread-allocator-block-size=16777216"
    "memorysetup-cache-allocator-block-size=4194304"
    "memorysetup-typetree-allocator-block-size=2097152"
    "memorysetup-profiler-bucket-allocator-granularity=16"
    "memorysetup-profiler-bucket-allocator-bucket-count=8"
    "memorysetup-profiler-bucket-allocator-block-size=33554432"
    "memorysetup-profiler-bucket-allocator-block-count=8"
    "memorysetup-profiler-allocator-block-size=16777216"
    "memorysetup-profiler-editor-allocator-block-size=1048576"
    "memorysetup-temp-allocator-size-main=16777216"
    "memorysetup-job-temp-allocator-block-size=2097152"
    "memorysetup-job-temp-allocator-block-size-background=1048576"
    "memorysetup-job-temp-allocator-reduction-small-platforms=262144"
    "memorysetup-allocator-temp-initial-block-size-main=262144"
    "memorysetup-allocator-temp-initial-block-size-worker=262144"
    "memorysetup-temp-allocator-size-background-worker=32768"
    "memorysetup-temp-allocator-size-job-worker=262144"
    "memorysetup-temp-allocator-size-preload-manager=33554432"
    "memorysetup-temp-allocator-size-nav-mesh-worker=65536"
    "memorysetup-temp-allocator-size-audio-worker=65536"
    "memorysetup-temp-allocator-size-cloud-worker=32768"
    "memorysetup-temp-allocator-size-gi-baking-worker=262144"
    "memorysetup-temp-allocator-size-gfx=262144"
Player connection [34264] Host "[IP] 192.168.254.120 [Port] 0 [Flags] 2 [Guid] 3541972567 [EditorId] 3541972567 [Version] 1048832 [Id] WindowsEditor(7,DESKTOP-GSFHFT3) [Debug] 1 [PackageName] WindowsEditor [ProjectName] Editor" joined multi-casting on [225.0.0.222:54997]...

Player connection [34264] Host "[IP] 192.168.254.120 [Port] 0 [Flags] 2 [Guid] 3541972567 [EditorId] 3541972567 [Version] 1048832 [Id] WindowsEditor(7,DESKTOP-GSFHFT3) [Debug] 1 [PackageName] WindowsEditor [ProjectName] Editor" joined alternative multi-casting on [225.0.0.222:34997]...

[Physics::Module] Initialized MultithreadedJobDispatcher with 11 workers.
Refreshing native plugins compatible for Editor in 9.82 ms, found 3 plugins.
Preloading 0 native plugins for Editor in 0.00 ms.
Initialize engine version: 2022.3.22f1 (887be4894c44)
[Subsystems] Discovering subsystems at path C:/Program Files/Unity/Hub/Editor/2022.3.22f1/Editor/Data/Resources/UnitySubsystems
[Subsystems] Discovering subsystems at path D:/Unity/MonitorLeg8/Assets
GfxDevice: creating device client; threaded=0; jobified=0
Direct3D:
    Version:  Direct3D 11.0 [level 11.1]
    Renderer: NVIDIA GeForce RTX 4060 (ID=0x2882)
    Vendor:   NVIDIA
    VRAM:     7957 MB
    Driver:   32.0.15.6094
Initialize mono
Mono path[0] = 'C:/Program Files/Unity/Hub/Editor/2022.3.22f1/Editor/Data/Managed'
Mono path[1] = 'C:/Program Files/Unity/Hub/Editor/2022.3.22f1/Editor/Data/MonoBleedingEdge/lib/mono/unityjit-win32'
Mono config path = 'C:/Program Files/Unity/Hub/Editor/2022.3.22f1/Editor/Data/MonoBleedingEdge/etc'
Using monoOptions --debugger-agent=transport=dt_socket,embedding=1,server=y,suspend=n,address=127.0.0.1:56628
Begin MonoManager ReloadAssembly
Registering precompiled unity dll's ...
Register platform support module: C:/Program Files/Unity/Hub/Editor/2022.3.22f1/Editor/Data/PlaybackEngines/WebGLSupport/UnityEditor.WebGL.Extensions.dll
Register platform support module: C:/Program Files/Unity/Hub/Editor/2022.3.22f1/Editor/Data/PlaybackEngines/AndroidPlayer/UnityEditor.Android.Extensions.dll
Register platform support module: C:/Program Files/Unity/Hub/Editor/2022.3.22f1/Editor/Data/PlaybackEngines/WindowsStandaloneSupport/UnityEditor.WindowsStandalone.Extensions.dll
Registered in 0.015609 seconds.
- Loaded All Assemblies, in  0.389 seconds
Native extension for WindowsStandalone target not found
Native extension for Android target not found
Android Extension - Scanning For ADB Devices 294 ms
Native extension for WebGL target not found
Mono: successfully reloaded assembly
- Finished resetting the current domain, in  0.590 seconds
Domain Reload Profiling: 976ms
	BeginReloadAssembly (122ms)
		ExecutionOrderSort (0ms)
		DisableScriptedObjects (0ms)
		BackupInstance (0ms)
		ReleaseScriptingObjects (0ms)
		CreateAndSetChildDomain (1ms)
	RebuildCommonClasses (36ms)
	RebuildNativeTypeToScriptingClass (10ms)
	initialDomainReloadingComplete (73ms)
	LoadAllAssembliesAndSetupDomain (145ms)
		LoadAssemblies (120ms)
		RebuildTransferFunctionScriptingTraits (0ms)
		AnalyzeDomain (142ms)
			TypeCache.Refresh (140ms)
				TypeCache.ScanAssembly (127ms)
			ScanForSourceGeneratedMonoScriptInfo (1ms)
			ResolveRequiredComponents (1ms)
	FinalizeReload (590ms)
		ReleaseScriptCaches (0ms)
		RebuildScriptCaches (0ms)
		SetupLoadedEditorAssemblies (540ms)
			LogAssemblyErrors (0ms)
			InitializePlatformSupportModulesInManaged (391ms)
			SetLoadedEditorAssemblies (3ms)
			RefreshPlugins (0ms)
			BeforeProcessingInitializeOnLoad (2ms)
			ProcessInitializeOnLoadAttributes (104ms)
			ProcessInitializeOnLoadMethodAttributes (39ms)
			AfterProcessingInitializeOnLoad (0ms)
			EditorAssembliesLoaded (0ms)
		ExecutionOrderSort2 (0ms)
		AwakeInstancesAfterBackupRestoration (0ms)
========================================================================
Worker process is ready to serve import requests
Begin MonoManager ReloadAssembly
- Loaded All Assemblies, in  0.621 seconds
Refreshing native plugins compatible for Editor in 2.72 ms, found 3 plugins.
Native extension for WindowsStandalone target not found
Native extension for Android target not found
Native extension for WebGL target not found
<color=white>• You are using a <b>Non-Commercial</b> version of <b>VhsFx</b> developed by <b>NullTale</b></color>.
When using this version, please remember to specify <b>Author Attribution</b> according to the <b>Licence</b> used.
------------- - - - -  -  -
A full use <b>Licence</b> can be acquired on <a href="https://assetstore.unity.com/packages/vfx/shaders/fullscreen-camera-effects/270015">Asset Store</a> or negotiated with the Author in cases of special licensing.
 
UnityEngine.StackTraceUtility:ExtractStackTrace ()
UnityEngine.DebugLogHandler:LogFormat (UnityEngine.LogType,UnityEngine.Object,string,object[])
UnityEngine.Logger:Log (UnityEngine.LogType,object)
UnityEngine.Debug:Log (object)
VolFx.Editor.PassDrawer:CopyrightInfo () (at ./Library/PackageCache/www.nulltale.vhsfx@341ca660dd/Editor/PassDrawer.cs:162)
System.Reflection.RuntimeMethodInfo:Invoke (object,System.Reflection.BindingFlags,System.Reflection.Binder,object[],System.Globalization.CultureInfo)
System.Reflection.MethodBase:Invoke (object,object[])
UnityEditor.EditorAssemblies:ProcessInitializeOnLoadMethodAttributes ()

(Filename: ./Library/PackageCache/www.nulltale.vhsfx@341ca660dd/Editor/PassDrawer.cs Line: 162)

Mono: successfully reloaded assembly
- Finished resetting the current domain, in  0.699 seconds
Domain Reload Profiling: 1318ms
	BeginReloadAssembly (150ms)
		ExecutionOrderSort (0ms)
		DisableScriptedObjects (5ms)
		BackupInstance (0ms)
		ReleaseScriptingObjects (0ms)
		CreateAndSetChildDomain (21ms)
	RebuildCommonClasses (30ms)
	RebuildNativeTypeToScriptingClass (8ms)
	initialDomainReloadingComplete (36ms)
	LoadAllAssembliesAndSetupDomain (394ms)
		LoadAssemblies (276ms)
		RebuildTransferFunctionScriptingTraits (0ms)
		AnalyzeDomain (195ms)
			TypeCache.Refresh (163ms)
				TypeCache.ScanAssembly (148ms)
			ScanForSourceGeneratedMonoScriptInfo (22ms)
			ResolveRequiredComponents (10ms)
	FinalizeReload (700ms)
		ReleaseScriptCaches (0ms)
		RebuildScriptCaches (0ms)
		SetupLoadedEditorAssemblies (532ms)
			LogAssemblyErrors (0ms)
			InitializePlatformSupportModulesInManaged (23ms)
			SetLoadedEditorAssemblies (4ms)
			RefreshPlugins (0ms)
			BeforeProcessingInitializeOnLoad (75ms)
			ProcessInitializeOnLoadAttributes (356ms)
			ProcessInitializeOnLoadMethodAttributes (65ms)
			AfterProcessingInitializeOnLoad (8ms)
			EditorAssembliesLoaded (0ms)
		ExecutionOrderSort2 (0ms)
		AwakeInstancesAfterBackupRestoration (5ms)
Launched and connected shader compiler UnityShaderCompiler.exe after 0.04 seconds
Refreshing native plugins compatible for Editor in 2.77 ms, found 3 plugins.
Preloading 0 native plugins for Editor in 0.00 ms.
Unloading 6616 Unused Serialized files (Serialized files now loaded: 0)
Unloading 101 unused Assets / (2.9 MB). Loaded Objects now: 7083.
Memory consumption went from 290.2 MB to 287.3 MB.
Total: 4.574200 ms (FindLiveObjects: 0.457600 ms CreateObjectMapping: 0.378500 ms MarkObjects: 2.968800 ms  DeleteObjects: 0.768400 ms)

AssetImportParameters requested are different than current active one (requested -> active):
  custom:container-demuxer-ogg: 62fdf1f143b41e24485cea50d1cbac27 -> 
  custom:framework-win-MediaFoundation: 216162199b28c13a410421893ffa2e32 -> 
  custom:container-muxer-webm: aa71ff27fc2769a1b78a27578f13a17b -> 
  custom:video-decoder-webm-vp8: 9c59270c3fd7afecdb556c50c9e8de78 -> 
  custom:SearchIndexIgnoredProperties: e643bd26f0fe6173181afceb89e7c659 -> 
  custom:AudioImporter_EditorPlatform: d09bf68614088b80899f8185d706f6e7 -> 
  custom:audio-decoder-ogg-vorbis: bf7c407c2cedff20999df2af8eb42d56 -> 
  custom:audio-encoder-webm-vorbis: bf7c407c2cedff20999df2af8eb42d56 -> 
  custom:video-codec-MediaFoundation-h265: 746d11721c4dcdbdad8f713fa42b33f4 -> 
  custom:video-decoder-ogg-theora: a1e56fd34408186e4bbccfd4996cb3dc -> 
  custom:CustomObjectIndexerAttribute: 3ead1caaecf1c488f20bcfeb224b6af5 -> 
  custom:container-demuxer-webm: 4f35f7cbe854078d1ac9338744f61a02 -> 
  custom:video-encoder-webm-vp8: eb34c28f22e8b96e1ab97ce403110664 -> 
========================================================================
Received Prepare
Begin MonoManager ReloadAssembly
- Loaded All Assemblies, in  0.442 seconds
Refreshing native plugins compatible for Editor in 3.04 ms, found 3 plugins.
Native extension for WindowsStandalone target not found
Native extension for Android target not found
Native extension for WebGL target not found
Mono: successfully reloaded assembly
- Finished resetting the current domain, in  1.346 seconds
Domain Reload Profiling: 1785ms
	BeginReloadAssembly (158ms)
		ExecutionOrderSort (0ms)
		DisableScriptedObjects (4ms)
		BackupInstance (0ms)
		ReleaseScriptingObjects (0ms)
		CreateAndSetChildDomain (38ms)
	RebuildCommonClasses (28ms)
	RebuildNativeTypeToScriptingClass (8ms)
	initialDomainReloadingComplete (29ms)
	LoadAllAssembliesAndSetupDomain (216ms)
		LoadAssemblies (284ms)
		RebuildTransferFunctionScriptingTraits (0ms)
		AnalyzeDomain (18ms)
			TypeCache.Refresh (5ms)
				TypeCache.ScanAssembly (0ms)
			ScanForSourceGeneratedMonoScriptInfo (0ms)
			ResolveRequiredComponents (12ms)
	FinalizeReload (1346ms)
		ReleaseScriptCaches (0ms)
		RebuildScriptCaches (0ms)
		SetupLoadedEditorAssemblies (528ms)
			LogAssemblyErrors (0ms)
			InitializePlatformSupportModulesInManaged (24ms)
			SetLoadedEditorAssemblies (5ms)
			RefreshPlugins (0ms)
			BeforeProcessingInitializeOnLoad (81ms)
			ProcessInitializeOnLoadAttributes (345ms)
			ProcessInitializeOnLoadMethodAttributes (62ms)
			AfterProcessingInitializeOnLoad (10ms)
			EditorAssembliesLoaded (0ms)
		ExecutionOrderSort2 (0ms)
		AwakeInstancesAfterBackupRestoration (19ms)
Refreshing native plugins compatible for Editor in 2.74 ms, found 3 plugins.
Preloading 0 native plugins for Editor in 0.00 ms.
Unloading 6183 Unused Serialized files (Serialized files now loaded: 0)
Unloading 58 unused Assets / (2.9 MB). Loaded Objects now: 7103.
Memory consumption went from 234.7 MB to 231.9 MB.
Total: 4.173300 ms (FindLiveObjects: 0.452700 ms CreateObjectMapping: 0.167200 ms MarkObjects: 3.122100 ms  DeleteObjects: 0.430400 ms)

Prepare: number of updated asset objects reloaded= 0
AssetImportParameters requested are different than current active one (requested -> active):
  custom:container-demuxer-ogg: 62fdf1f143b41e24485cea50d1cbac27 -> 
  custom:framework-win-MediaFoundation: 216162199b28c13a410421893ffa2e32 -> 
  custom:container-muxer-webm: aa71ff27fc2769a1b78a27578f13a17b -> 
  custom:video-decoder-webm-vp8: 9c59270c3fd7afecdb556c50c9e8de78 -> 
  custom:SearchIndexIgnoredProperties: e643bd26f0fe6173181afceb89e7c659 -> 
  custom:AudioImporter_EditorPlatform: d09bf68614088b80899f8185d706f6e7 -> 
  custom:audio-decoder-ogg-vorbis: bf7c407c2cedff20999df2af8eb42d56 -> 
  custom:audio-encoder-webm-vorbis: bf7c407c2cedff20999df2af8eb42d56 -> 
  custom:video-codec-MediaFoundation-h265: 746d11721c4dcdbdad8f713fa42b33f4 -> 
  custom:video-decoder-ogg-theora: a1e56fd34408186e4bbccfd4996cb3dc -> 
  custom:CustomObjectIndexerAttribute: 3ead1caaecf1c488f20bcfeb224b6af5 -> 
  custom:container-demuxer-webm: 4f35f7cbe854078d1ac9338744f61a02 -> 
  custom:video-encoder-webm-vp8: eb34c28f22e8b96e1ab97ce403110664 -> 
========================================================================
Received Prepare
Begin MonoManager ReloadAssembly
- Loaded All Assemblies, in  0.517 seconds
Refreshing native plugins compatible for Editor in 3.10 ms, found 3 plugins.
Native extension for WindowsStandalone target not found
Native extension for Android target not found
Native extension for WebGL target not found
Mono: successfully reloaded assembly
- Finished resetting the current domain, in  1.411 seconds
Domain Reload Profiling: 1925ms
	BeginReloadAssembly (168ms)
		ExecutionOrderSort (0ms)
		DisableScriptedObjects (5ms)
		BackupInstance (0ms)
		ReleaseScriptingObjects (0ms)
		CreateAndSetChildDomain (43ms)
	RebuildCommonClasses (39ms)
	RebuildNativeTypeToScriptingClass (9ms)
	initialDomainReloadingComplete (34ms)
	LoadAllAssembliesAndSetupDomain (263ms)
		LoadAssemblies (327ms)
		RebuildTransferFunctionScriptingTraits (0ms)
		AnalyzeDomain (21ms)
			TypeCache.Refresh (5ms)
				TypeCache.ScanAssembly (0ms)
			ScanForSourceGeneratedMonoScriptInfo (0ms)
			ResolveRequiredComponents (16ms)
	FinalizeReload (1412ms)
		ReleaseScriptCaches (0ms)
		RebuildScriptCaches (0ms)
		SetupLoadedEditorAssemblies (526ms)
			LogAssemblyErrors (0ms)
			InitializePlatformSupportModulesInManaged (26ms)
			SetLoadedEditorAssemblies (5ms)
			RefreshPlugins (0ms)
			BeforeProcessingInitializeOnLoad (83ms)
			ProcessInitializeOnLoadAttributes (347ms)
			ProcessInitializeOnLoadMethodAttributes (56ms)
			AfterProcessingInitializeOnLoad (8ms)
			EditorAssembliesLoaded (0ms)
		ExecutionOrderSort2 (0ms)
		AwakeInstancesAfterBackupRestoration (22ms)
Refreshing native plugins compatible for Editor in 2.87 ms, found 3 plugins.
Preloading 0 native plugins for Editor in 0.00 ms.
Unloading 6183 Unused Serialized files (Serialized files now loaded: 0)
Unloading 58 unused Assets / (2.9 MB). Loaded Objects now: 7123.
Memory consumption went from 236.7 MB to 233.8 MB.
Total: 4.556100 ms (FindLiveObjects: 0.420700 ms CreateObjectMapping: 0.168000 ms MarkObjects: 3.350900 ms  DeleteObjects: 0.615500 ms)

Prepare: number of updated asset objects reloaded= 0
AssetImportParameters requested are different than current active one (requested -> active):
  custom:container-demuxer-ogg: 62fdf1f143b41e24485cea50d1cbac27 -> 
  custom:framework-win-MediaFoundation: 216162199b28c13a410421893ffa2e32 -> 
  custom:container-muxer-webm: aa71ff27fc2769a1b78a27578f13a17b -> 
  custom:video-decoder-webm-vp8: 9c59270c3fd7afecdb556c50c9e8de78 -> 
  custom:SearchIndexIgnoredProperties: e643bd26f0fe6173181afceb89e7c659 -> 
  custom:AudioImporter_EditorPlatform: d09bf68614088b80899f8185d706f6e7 -> 
  custom:audio-decoder-ogg-vorbis: bf7c407c2cedff20999df2af8eb42d56 -> 
  custom:audio-encoder-webm-vorbis: bf7c407c2cedff20999df2af8eb42d56 -> 
  custom:video-codec-MediaFoundation-h265: 746d11721c4dcdbdad8f713fa42b33f4 -> 
  custom:video-decoder-ogg-theora: a1e56fd34408186e4bbccfd4996cb3dc -> 
  custom:CustomObjectIndexerAttribute: 3ead1caaecf1c488f20bcfeb224b6af5 -> 
  custom:container-demuxer-webm: 4f35f7cbe854078d1ac9338744f61a02 -> 
  custom:video-encoder-webm-vp8: eb34c28f22e8b96e1ab97ce403110664 -> 
========================================================================
Received Import Request.
  Time since last request: 9112.643430 seconds.
  path: Assets/Materials/blood splatter 2.mat
  artifactKey: Guid(829fa8dffb9168347b513b30a85f4723) Importer(815301076,1909f56bfc062723c751e8b465ee728b)
Start importing Assets/Materials/blood splatter 2.mat using Guid(829fa8dffb9168347b513b30a85f4723) Importer(815301076,1909f56bfc062723c751e8b465ee728b)  -> (artifact id: '6b7ed3e5c78201e24daccb9473588f46') in 0.290182 seconds
Number of updated asset objects reloaded before import = 0
Number of asset objects unloaded after import = 21
========================================================================
Received Import Request.
  Time since last request: 0.000034 seconds.
  path: Assets/Materials/blood splatter 3.mat
  artifactKey: Guid(bfefa6827319ab04cb96edc4848d7174) Importer(815301076,1909f56bfc062723c751e8b465ee728b)
Start importing Assets/Materials/blood splatter 3.mat using Guid(bfefa6827319ab04cb96edc4848d7174) Importer(815301076,1909f56bfc062723c751e8b465ee728b)  -> (artifact id: 'cc3016b317d6e1fc7d2f2d4c12883552') in 0.030119 seconds
Number of updated asset objects reloaded before import = 0
Number of asset objects unloaded after import = 3
========================================================================
Received Import Request.
  Time since last request: 66.122264 seconds.
  path: Assets/Materials/carousel ride poster.png
  artifactKey: Guid(4eac43378c1ae0f42b70ad558cda897e) Importer(815301076,1909f56bfc062723c751e8b465ee728b)
Start importing Assets/Materials/carousel ride poster.png using Guid(4eac43378c1ae0f42b70ad558cda897e) Importer(815301076,1909f56bfc062723c751e8b465ee728b)  -> (artifact id: '37078507c881b4ac7e20b9dd11d2d40b') in 0.103962 seconds
Number of updated asset objects reloaded before import = 0
Number of asset objects unloaded after import = 2
========================================================================
Received Import Request.
  Time since last request: 0.000028 seconds.
  path: Assets/Materials/map guide.png
  artifactKey: Guid(cb4b9a5c211c3fb4c9a31c912818e94c) Importer(815301076,1909f56bfc062723c751e8b465ee728b)
Start importing Assets/Materials/map guide.png using Guid(cb4b9a5c211c3fb4c9a31c912818e94c) Importer(815301076,1909f56bfc062723c751e8b465ee728b)  -> (artifact id: '62121289082c4fb2019ad2aaa2c474df') in 0.018252 seconds
Number of updated asset objects reloaded before import = 0
Number of asset objects unloaded after import = 2
========================================================================
Received Prepare
Begin MonoManager ReloadAssembly
- Loaded All Assemblies, in  3.079 seconds
Refreshing native plugins compatible for Editor in 2.98 ms, found 3 plugins.
Native extension for WindowsStandalone target not found
Native extension for Android target not found
Native extension for WebGL target not found
Mono: successfully reloaded assembly
- Finished resetting the current domain, in 21.632 seconds
Domain Reload Profiling: 24709ms
	BeginReloadAssembly (185ms)
		ExecutionOrderSort (0ms)
		DisableScriptedObjects (12ms)
		BackupInstance (0ms)
		ReleaseScriptingObjects (0ms)
		CreateAndSetChildDomain (55ms)
	RebuildCommonClasses (109ms)
	RebuildNativeTypeToScriptingClass (9ms)
	initialDomainReloadingComplete (30ms)
	LoadAllAssembliesAndSetupDomain (2743ms)
		LoadAssemblies (2813ms)
		RebuildTransferFunctionScriptingTraits (0ms)
		AnalyzeDomain (17ms)
			TypeCache.Refresh (5ms)
				TypeCache.ScanAssembly (0ms)
			ScanForSourceGeneratedMonoScriptInfo (0ms)
			ResolveRequiredComponents (11ms)
	FinalizeReload (21633ms)
		ReleaseScriptCaches (0ms)
		RebuildScriptCaches (0ms)
		SetupLoadedEditorAssemblies (491ms)
			LogAssemblyErrors (0ms)
			InitializePlatformSupportModulesInManaged (24ms)
			SetLoadedEditorAssemblies (3ms)
			RefreshPlugins (0ms)
			BeforeProcessingInitializeOnLoad (77ms)
			ProcessInitializeOnLoadAttributes (324ms)
			ProcessInitializeOnLoadMethodAttributes (54ms)
			AfterProcessingInitializeOnLoad (8ms)
			EditorAssembliesLoaded (0ms)
		ExecutionOrderSort2 (0ms)
		AwakeInstancesAfterBackupRestoration (20ms)
Refreshing native plugins compatible for Editor in 3.11 ms, found 3 plugins.
Preloading 0 native plugins for Editor in 0.00 ms.
Unloading 6183 Unused Serialized files (Serialized files now loaded: 0)
Unloading 58 unused Assets / (2.9 MB). Loaded Objects now: 7231.
Memory consumption went from 239.4 MB to 236.5 MB.
Total: 4.065900 ms (FindLiveObjects: 0.418400 ms CreateObjectMapping: 0.380700 ms MarkObjects: 2.769400 ms  DeleteObjects: 0.496700 ms)

Prepare: number of updated asset objects reloaded= 0
AssetImportParameters requested are different than current active one (requested -> active):
  custom:container-demuxer-ogg: 62fdf1f143b41e24485cea50d1cbac27 -> 
  custom:framework-win-MediaFoundation: 216162199b28c13a410421893ffa2e32 -> 
  custom:container-muxer-webm: aa71ff27fc2769a1b78a27578f13a17b -> 
  custom:video-decoder-webm-vp8: 9c59270c3fd7afecdb556c50c9e8de78 -> 
  custom:SearchIndexIgnoredProperties: e643bd26f0fe6173181afceb89e7c659 -> 
  custom:AudioImporter_EditorPlatform: d09bf68614088b80899f8185d706f6e7 -> 
  custom:audio-decoder-ogg-vorbis: bf7c407c2cedff20999df2af8eb42d56 -> 
  custom:audio-encoder-webm-vorbis: bf7c407c2cedff20999df2af8eb42d56 -> 
  custom:video-codec-MediaFoundation-h265: 746d11721c4dcdbdad8f713fa42b33f4 -> 
  custom:video-decoder-ogg-theora: a1e56fd34408186e4bbccfd4996cb3dc -> 
  custom:CustomObjectIndexerAttribute: 3ead1caaecf1c488f20bcfeb224b6af5 -> 
  custom:container-demuxer-webm: 4f35f7cbe854078d1ac9338744f61a02 -> 
  custom:video-encoder-webm-vp8: eb34c28f22e8b96e1ab97ce403110664 -> 
========================================================================
Received Prepare
Begin MonoManager ReloadAssembly
- Loaded All Assemblies, in  0.491 seconds
Refreshing native plugins compatible for Editor in 3.52 ms, found 3 plugins.
Native extension for WindowsStandalone target not found
Native extension for Android target not found
Native extension for WebGL target not found
Mono: successfully reloaded assembly
- Finished resetting the current domain, in  1.268 seconds
Domain Reload Profiling: 1756ms
	BeginReloadAssembly (160ms)
		ExecutionOrderSort (0ms)
		DisableScriptedObjects (4ms)
		BackupInstance (0ms)
		ReleaseScriptingObjects (0ms)
		CreateAndSetChildDomain (40ms)
	RebuildCommonClasses (31ms)
	RebuildNativeTypeToScriptingClass (9ms)
	initialDomainReloadingComplete (33ms)
	LoadAllAssembliesAndSetupDomain (254ms)
		LoadAssemblies (320ms)
		RebuildTransferFunctionScriptingTraits (0ms)
		AnalyzeDomain (19ms)
			TypeCache.Refresh (6ms)
				TypeCache.ScanAssembly (0ms)
			ScanForSourceGeneratedMonoScriptInfo (0ms)
			ResolveRequiredComponents (13ms)
	FinalizeReload (1268ms)
		ReleaseScriptCaches (0ms)
		RebuildScriptCaches (0ms)
		SetupLoadedEditorAssemblies (499ms)
			LogAssemblyErrors (0ms)
			InitializePlatformSupportModulesInManaged (24ms)
			SetLoadedEditorAssemblies (3ms)
			RefreshPlugins (0ms)
			BeforeProcessingInitializeOnLoad (77ms)
			ProcessInitializeOnLoadAttributes (327ms)
			ProcessInitializeOnLoadMethodAttributes (58ms)
			AfterProcessingInitializeOnLoad (8ms)
			EditorAssembliesLoaded (0ms)
		ExecutionOrderSort2 (0ms)
		AwakeInstancesAfterBackupRestoration (19ms)
Refreshing native plugins compatible for Editor in 2.70 ms, found 3 plugins.
Preloading 0 native plugins for Editor in 0.00 ms.
Unloading 6183 Unused Serialized files (Serialized files now loaded: 0)
Unloading 58 unused Assets / (2.9 MB). Loaded Objects now: 7251.
Memory consumption went from 241.3 MB to 238.4 MB.
Total: 4.325500 ms (FindLiveObjects: 0.437100 ms CreateObjectMapping: 0.180600 ms MarkObjects: 3.224900 ms  DeleteObjects: 0.481800 ms)

Prepare: number of updated asset objects reloaded= 0
AssetImportParameters requested are different than current active one (requested -> active):
  custom:container-demuxer-ogg: 62fdf1f143b41e24485cea50d1cbac27 -> 
  custom:framework-win-MediaFoundation: 216162199b28c13a410421893ffa2e32 -> 
  custom:container-muxer-webm: aa71ff27fc2769a1b78a27578f13a17b -> 
  custom:video-decoder-webm-vp8: 9c59270c3fd7afecdb556c50c9e8de78 -> 
  custom:SearchIndexIgnoredProperties: e643bd26f0fe6173181afceb89e7c659 -> 
  custom:AudioImporter_EditorPlatform: d09bf68614088b80899f8185d706f6e7 -> 
  custom:audio-decoder-ogg-vorbis: bf7c407c2cedff20999df2af8eb42d56 -> 
  custom:audio-encoder-webm-vorbis: bf7c407c2cedff20999df2af8eb42d56 -> 
  custom:video-codec-MediaFoundation-h265: 746d11721c4dcdbdad8f713fa42b33f4 -> 
  custom:video-decoder-ogg-theora: a1e56fd34408186e4bbccfd4996cb3dc -> 
  custom:CustomObjectIndexerAttribute: 3ead1caaecf1c488f20bcfeb224b6af5 -> 
  custom:container-demuxer-webm: 4f35f7cbe854078d1ac9338744f61a02 -> 
  custom:video-encoder-webm-vp8: eb34c28f22e8b96e1ab97ce403110664 -> 
========================================================================
Received Prepare
Begin MonoManager ReloadAssembly
- Loaded All Assemblies, in  0.446 seconds
Refreshing native plugins compatible for Editor in 3.29 ms, found 3 plugins.
Native extension for WindowsStandalone target not found
Native extension for Android target not found
Native extension for WebGL target not found
Mono: successfully reloaded assembly
- Finished resetting the current domain, in  1.244 seconds
Domain Reload Profiling: 1688ms
	BeginReloadAssembly (150ms)
		ExecutionOrderSort (0ms)
		DisableScriptedObjects (6ms)
		BackupInstance (0ms)
		ReleaseScriptingObjects (0ms)
		CreateAndSetChildDomain (40ms)
	RebuildCommonClasses (28ms)
	RebuildNativeTypeToScriptingClass (13ms)
	initialDomainReloadingComplete (31ms)
	LoadAllAssembliesAndSetupDomain (221ms)
		LoadAssemblies (277ms)
		RebuildTransferFunctionScriptingTraits (0ms)
		AnalyzeDomain (18ms)
			TypeCache.Refresh (5ms)
				TypeCache.ScanAssembly (0ms)
			ScanForSourceGeneratedMonoScriptInfo (0ms)
			ResolveRequiredComponents (12ms)
	FinalizeReload (1245ms)
		ReleaseScriptCaches (0ms)
		RebuildScriptCaches (0ms)
		SetupLoadedEditorAssemblies (510ms)
			LogAssemblyErrors (0ms)
			InitializePlatformSupportModulesInManaged (28ms)
			SetLoadedEditorAssemblies (4ms)
			RefreshPlugins (0ms)
			BeforeProcessingInitializeOnLoad (80ms)
			ProcessInitializeOnLoadAttributes (336ms)
			ProcessInitializeOnLoadMethodAttributes (55ms)
			AfterProcessingInitializeOnLoad (8ms)
			EditorAssembliesLoaded (0ms)
		ExecutionOrderSort2 (0ms)
		AwakeInstancesAfterBackupRestoration (19ms)
Refreshing native plugins compatible for Editor in 2.91 ms, found 3 plugins.
Preloading 0 native plugins for Editor in 0.00 ms.
Unloading 6183 Unused Serialized files (Serialized files now loaded: 0)
Unloading 58 unused Assets / (2.9 MB). Loaded Objects now: 7271.
Memory consumption went from 243.2 MB to 240.4 MB.
Total: 3.789200 ms (FindLiveObjects: 0.410800 ms CreateObjectMapping: 0.156700 ms MarkObjects: 2.765500 ms  DeleteObjects: 0.455400 ms)

Prepare: number of updated asset objects reloaded= 0
AssetImportParameters requested are different than current active one (requested -> active):
  custom:container-demuxer-ogg: 62fdf1f143b41e24485cea50d1cbac27 -> 
  custom:framework-win-MediaFoundation: 216162199b28c13a410421893ffa2e32 -> 
  custom:container-muxer-webm: aa71ff27fc2769a1b78a27578f13a17b -> 
  custom:video-decoder-webm-vp8: 9c59270c3fd7afecdb556c50c9e8de78 -> 
  custom:SearchIndexIgnoredProperties: e643bd26f0fe6173181afceb89e7c659 -> 
  custom:AudioImporter_EditorPlatform: d09bf68614088b80899f8185d706f6e7 -> 
  custom:audio-decoder-ogg-vorbis: bf7c407c2cedff20999df2af8eb42d56 -> 
  custom:audio-encoder-webm-vorbis: bf7c407c2cedff20999df2af8eb42d56 -> 
  custom:video-codec-MediaFoundation-h265: 746d11721c4dcdbdad8f713fa42b33f4 -> 
  custom:video-decoder-ogg-theora: a1e56fd34408186e4bbccfd4996cb3dc -> 
  custom:CustomObjectIndexerAttribute: 3ead1caaecf1c488f20bcfeb224b6af5 -> 
  custom:container-demuxer-webm: 4f35f7cbe854078d1ac9338744f61a02 -> 
  custom:video-encoder-webm-vp8: eb34c28f22e8b96e1ab97ce403110664 -> 
========================================================================
Received Prepare
Begin MonoManager ReloadAssembly
- Loaded All Assemblies, in  0.469 seconds
Refreshing native plugins compatible for Editor in 3.04 ms, found 3 plugins.
Native extension for WindowsStandalone target not found
Native extension for Android target not found
Native extension for WebGL target not found
Mono: successfully reloaded assembly
- Finished resetting the current domain, in  1.298 seconds
Domain Reload Profiling: 1765ms
	BeginReloadAssembly (161ms)
		ExecutionOrderSort (0ms)
		DisableScriptedObjects (4ms)
		BackupInstance (0ms)
		ReleaseScriptingObjects (0ms)
		CreateAndSetChildDomain (44ms)
	RebuildCommonClasses (27ms)
	RebuildNativeTypeToScriptingClass (8ms)
	initialDomainReloadingComplete (28ms)
	LoadAllAssembliesAndSetupDomain (242ms)
		LoadAssemblies (307ms)
		RebuildTransferFunctionScriptingTraits (0ms)
		AnalyzeDomain (18ms)
			TypeCache.Refresh (5ms)
				TypeCache.ScanAssembly (0ms)
			ScanForSourceGeneratedMonoScriptInfo (0ms)
			ResolveRequiredComponents (12ms)
	FinalizeReload (1298ms)
		ReleaseScriptCaches (0ms)
		RebuildScriptCaches (0ms)
		SetupLoadedEditorAssemblies (532ms)
			LogAssemblyErrors (0ms)
			InitializePlatformSupportModulesInManaged (30ms)
			SetLoadedEditorAssemblies (3ms)
			RefreshPlugins (0ms)
			BeforeProcessingInitializeOnLoad (84ms)
			ProcessInitializeOnLoadAttributes (347ms)
			ProcessInitializeOnLoadMethodAttributes (60ms)
			AfterProcessingInitializeOnLoad (8ms)
			EditorAssembliesLoaded (0ms)
		ExecutionOrderSort2 (0ms)
		AwakeInstancesAfterBackupRestoration (20ms)
Refreshing native plugins compatible for Editor in 3.01 ms, found 3 plugins.
Preloading 0 native plugins for Editor in 0.00 ms.
Unloading 6183 Unused Serialized files (Serialized files now loaded: 0)
Unloading 58 unused Assets / (2.9 MB). Loaded Objects now: 7291.
Memory consumption went from 245.2 MB to 242.3 MB.
Total: 3.874100 ms (FindLiveObjects: 0.509200 ms CreateObjectMapping: 0.205400 ms MarkObjects: 2.576600 ms  DeleteObjects: 0.581900 ms)

Prepare: number of updated asset objects reloaded= 0
AssetImportParameters requested are different than current active one (requested -> active):
  custom:container-demuxer-ogg: 62fdf1f143b41e24485cea50d1cbac27 -> 
  custom:framework-win-MediaFoundation: 216162199b28c13a410421893ffa2e32 -> 
  custom:container-muxer-webm: aa71ff27fc2769a1b78a27578f13a17b -> 
  custom:video-decoder-webm-vp8: 9c59270c3fd7afecdb556c50c9e8de78 -> 
  custom:SearchIndexIgnoredProperties: e643bd26f0fe6173181afceb89e7c659 -> 
  custom:AudioImporter_EditorPlatform: d09bf68614088b80899f8185d706f6e7 -> 
  custom:audio-decoder-ogg-vorbis: bf7c407c2cedff20999df2af8eb42d56 -> 
  custom:audio-encoder-webm-vorbis: bf7c407c2cedff20999df2af8eb42d56 -> 
  custom:video-codec-MediaFoundation-h265: 746d11721c4dcdbdad8f713fa42b33f4 -> 
  custom:video-decoder-ogg-theora: a1e56fd34408186e4bbccfd4996cb3dc -> 
  custom:CustomObjectIndexerAttribute: 3ead1caaecf1c488f20bcfeb224b6af5 -> 
  custom:container-demuxer-webm: 4f35f7cbe854078d1ac9338744f61a02 -> 
  custom:video-encoder-webm-vp8: eb34c28f22e8b96e1ab97ce403110664 -> 
========================================================================
Received Prepare
Begin MonoManager ReloadAssembly
- Loaded All Assemblies, in  0.456 seconds
Refreshing native plugins compatible for Editor in 2.96 ms, found 3 plugins.
Native extension for WindowsStandalone target not found
Native extension for Android target not found
Native extension for WebGL target not found
Mono: successfully reloaded assembly
- Finished resetting the current domain, in  1.272 seconds
Domain Reload Profiling: 1725ms
	BeginReloadAssembly (157ms)
		ExecutionOrderSort (0ms)
		DisableScriptedObjects (4ms)
		BackupInstance (0ms)
		ReleaseScriptingObjects (0ms)
		CreateAndSetChildDomain (39ms)
	RebuildCommonClasses (28ms)
	RebuildNativeTypeToScriptingClass (9ms)
	initialDomainReloadingComplete (32ms)
	LoadAllAssembliesAndSetupDomain (227ms)
		LoadAssemblies (289ms)
		RebuildTransferFunctionScriptingTraits (0ms)
		AnalyzeDomain (20ms)
			TypeCache.Refresh (5ms)
				TypeCache.ScanAssembly (0ms)
			ScanForSourceGeneratedMonoScriptInfo (0ms)
			ResolveRequiredComponents (13ms)
	FinalizeReload (1273ms)
		ReleaseScriptCaches (0ms)
		RebuildScriptCaches (0ms)
		SetupLoadedEditorAssemblies (498ms)
			LogAssemblyErrors (0ms)
			InitializePlatformSupportModulesInManaged (24ms)
			SetLoadedEditorAssemblies (4ms)
			RefreshPlugins (0ms)
			BeforeProcessingInitializeOnLoad (79ms)
			ProcessInitializeOnLoadAttributes (328ms)
			ProcessInitializeOnLoadMethodAttributes (55ms)
			AfterProcessingInitializeOnLoad (8ms)
			EditorAssembliesLoaded (0ms)
		ExecutionOrderSort2 (0ms)
		AwakeInstancesAfterBackupRestoration (21ms)
Refreshing native plugins compatible for Editor in 3.21 ms, found 3 plugins.
Preloading 0 native plugins for Editor in 0.00 ms.
Unloading 6183 Unused Serialized files (Serialized files now loaded: 0)
Unloading 58 unused Assets / (2.9 MB). Loaded Objects now: 7311.
Memory consumption went from 247.1 MB to 244.2 MB.
Total: 3.803200 ms (FindLiveObjects: 0.513300 ms CreateObjectMapping: 0.197100 ms MarkObjects: 2.620900 ms  DeleteObjects: 0.470700 ms)

Prepare: number of updated asset objects reloaded= 0
AssetImportParameters requested are different than current active one (requested -> active):
  custom:container-demuxer-ogg: 62fdf1f143b41e24485cea50d1cbac27 -> 
  custom:framework-win-MediaFoundation: 216162199b28c13a410421893ffa2e32 -> 
  custom:container-muxer-webm: aa71ff27fc2769a1b78a27578f13a17b -> 
  custom:video-decoder-webm-vp8: 9c59270c3fd7afecdb556c50c9e8de78 -> 
  custom:SearchIndexIgnoredProperties: e643bd26f0fe6173181afceb89e7c659 -> 
  custom:AudioImporter_EditorPlatform: d09bf68614088b80899f8185d706f6e7 -> 
  custom:audio-decoder-ogg-vorbis: bf7c407c2cedff20999df2af8eb42d56 -> 
  custom:audio-encoder-webm-vorbis: bf7c407c2cedff20999df2af8eb42d56 -> 
  custom:video-codec-MediaFoundation-h265: 746d11721c4dcdbdad8f713fa42b33f4 -> 
  custom:video-decoder-ogg-theora: a1e56fd34408186e4bbccfd4996cb3dc -> 
  custom:CustomObjectIndexerAttribute: 3ead1caaecf1c488f20bcfeb224b6af5 -> 
  custom:container-demuxer-webm: 4f35f7cbe854078d1ac9338744f61a02 -> 
  custom:video-encoder-webm-vp8: eb34c28f22e8b96e1ab97ce403110664 -> 
========================================================================
Received Prepare
Begin MonoManager ReloadAssembly
- Loaded All Assemblies, in  0.525 seconds
Refreshing native plugins compatible for Editor in 3.38 ms, found 3 plugins.
Native extension for WindowsStandalone target not found
Native extension for Android target not found
Native extension for WebGL target not found
Mono: successfully reloaded assembly
- Finished resetting the current domain, in  1.272 seconds
Domain Reload Profiling: 1794ms
	BeginReloadAssembly (171ms)
		ExecutionOrderSort (0ms)
		DisableScriptedObjects (6ms)
		BackupInstance (0ms)
		ReleaseScriptingObjects (0ms)
		CreateAndSetChildDomain (43ms)
	RebuildCommonClasses (46ms)
	RebuildNativeTypeToScriptingClass (18ms)
	initialDomainReloadingComplete (42ms)
	LoadAllAssembliesAndSetupDomain (244ms)
		LoadAssemblies (313ms)
		RebuildTransferFunctionScriptingTraits (0ms)
		AnalyzeDomain (21ms)
			TypeCache.Refresh (5ms)
				TypeCache.ScanAssembly (0ms)
			ScanForSourceGeneratedMonoScriptInfo (0ms)
			ResolveRequiredComponents (14ms)
	FinalizeReload (1272ms)
		ReleaseScriptCaches (0ms)
		RebuildScriptCaches (0ms)
		SetupLoadedEditorAssemblies (509ms)
			LogAssemblyErrors (0ms)
			InitializePlatformSupportModulesInManaged (24ms)
			SetLoadedEditorAssemblies (3ms)
			RefreshPlugins (0ms)
			BeforeProcessingInitializeOnLoad (78ms)
			ProcessInitializeOnLoadAttributes (334ms)
			ProcessInitializeOnLoadMethodAttributes (60ms)
			AfterProcessingInitializeOnLoad (9ms)
			EditorAssembliesLoaded (0ms)
		ExecutionOrderSort2 (0ms)
		AwakeInstancesAfterBackupRestoration (23ms)
Refreshing native plugins compatible for Editor in 3.04 ms, found 3 plugins.
Preloading 0 native plugins for Editor in 0.00 ms.
Unloading 6183 Unused Serialized files (Serialized files now loaded: 0)
Unloading 58 unused Assets / (2.9 MB). Loaded Objects now: 7331.
Memory consumption went from 249.0 MB to 246.2 MB.
Total: 3.932300 ms (FindLiveObjects: 0.500100 ms CreateObjectMapping: 0.182800 ms MarkObjects: 2.762300 ms  DeleteObjects: 0.486200 ms)

Prepare: number of updated asset objects reloaded= 0
AssetImportParameters requested are different than current active one (requested -> active):
  custom:container-demuxer-ogg: 62fdf1f143b41e24485cea50d1cbac27 -> 
  custom:framework-win-MediaFoundation: 216162199b28c13a410421893ffa2e32 -> 
  custom:container-muxer-webm: aa71ff27fc2769a1b78a27578f13a17b -> 
  custom:video-decoder-webm-vp8: 9c59270c3fd7afecdb556c50c9e8de78 -> 
  custom:SearchIndexIgnoredProperties: e643bd26f0fe6173181afceb89e7c659 -> 
  custom:AudioImporter_EditorPlatform: d09bf68614088b80899f8185d706f6e7 -> 
  custom:audio-decoder-ogg-vorbis: bf7c407c2cedff20999df2af8eb42d56 -> 
  custom:audio-encoder-webm-vorbis: bf7c407c2cedff20999df2af8eb42d56 -> 
  custom:video-codec-MediaFoundation-h265: 746d11721c4dcdbdad8f713fa42b33f4 -> 
  custom:video-decoder-ogg-theora: a1e56fd34408186e4bbccfd4996cb3dc -> 
  custom:CustomObjectIndexerAttribute: 3ead1caaecf1c488f20bcfeb224b6af5 -> 
  custom:container-demuxer-webm: 4f35f7cbe854078d1ac9338744f61a02 -> 
  custom:video-encoder-webm-vp8: eb34c28f22e8b96e1ab97ce403110664 -> 
========================================================================
Received Prepare
Begin MonoManager ReloadAssembly
- Loaded All Assemblies, in  0.651 seconds
Refreshing native plugins compatible for Editor in 4.55 ms, found 3 plugins.
Native extension for WindowsStandalone target not found
Native extension for Android target not found
Native extension for WebGL target not found
Mono: successfully reloaded assembly
- Finished resetting the current domain, in  1.738 seconds
Domain Reload Profiling: 2385ms
	BeginReloadAssembly (276ms)
		ExecutionOrderSort (0ms)
		DisableScriptedObjects (5ms)
		BackupInstance (0ms)
		ReleaseScriptingObjects (0ms)
		CreateAndSetChildDomain (46ms)
	RebuildCommonClasses (42ms)
	RebuildNativeTypeToScriptingClass (14ms)
	initialDomainReloadingComplete (39ms)
	LoadAllAssembliesAndSetupDomain (276ms)
		LoadAssemblies (446ms)
		RebuildTransferFunctionScriptingTraits (0ms)
		AnalyzeDomain (20ms)
			TypeCache.Refresh (6ms)
				TypeCache.ScanAssembly (0ms)
			ScanForSourceGeneratedMonoScriptInfo (0ms)
			ResolveRequiredComponents (13ms)
	FinalizeReload (1739ms)
		ReleaseScriptCaches (0ms)
		RebuildScriptCaches (0ms)
		SetupLoadedEditorAssemblies (598ms)
			LogAssemblyErrors (0ms)
			InitializePlatformSupportModulesInManaged (32ms)
			SetLoadedEditorAssemblies (4ms)
			RefreshPlugins (0ms)
			BeforeProcessingInitializeOnLoad (84ms)
			ProcessInitializeOnLoadAttributes (405ms)
			ProcessInitializeOnLoadMethodAttributes (63ms)
			AfterProcessingInitializeOnLoad (8ms)
			EditorAssembliesLoaded (0ms)
		ExecutionOrderSort2 (0ms)
		AwakeInstancesAfterBackupRestoration (23ms)
Refreshing native plugins compatible for Editor in 3.72 ms, found 3 plugins.
Preloading 0 native plugins for Editor in 0.00 ms.
Unloading 6183 Unused Serialized files (Serialized files now loaded: 0)
Unloading 58 unused Assets / (2.9 MB). Loaded Objects now: 7351.
Memory consumption went from 251.0 MB to 248.1 MB.
Total: 5.432400 ms (FindLiveObjects: 0.441200 ms CreateObjectMapping: 0.251100 ms MarkObjects: 4.282700 ms  DeleteObjects: 0.456500 ms)

Prepare: number of updated asset objects reloaded= 0
AssetImportParameters requested are different than current active one (requested -> active):
  custom:container-demuxer-ogg: 62fdf1f143b41e24485cea50d1cbac27 -> 
  custom:framework-win-MediaFoundation: 216162199b28c13a410421893ffa2e32 -> 
  custom:container-muxer-webm: aa71ff27fc2769a1b78a27578f13a17b -> 
  custom:video-decoder-webm-vp8: 9c59270c3fd7afecdb556c50c9e8de78 -> 
  custom:SearchIndexIgnoredProperties: e643bd26f0fe6173181afceb89e7c659 -> 
  custom:AudioImporter_EditorPlatform: d09bf68614088b80899f8185d706f6e7 -> 
  custom:audio-decoder-ogg-vorbis: bf7c407c2cedff20999df2af8eb42d56 -> 
  custom:audio-encoder-webm-vorbis: bf7c407c2cedff20999df2af8eb42d56 -> 
  custom:video-codec-MediaFoundation-h265: 746d11721c4dcdbdad8f713fa42b33f4 -> 
  custom:video-decoder-ogg-theora: a1e56fd34408186e4bbccfd4996cb3dc -> 
  custom:CustomObjectIndexerAttribute: 3ead1caaecf1c488f20bcfeb224b6af5 -> 
  custom:container-demuxer-webm: 4f35f7cbe854078d1ac9338744f61a02 -> 
  custom:video-encoder-webm-vp8: eb34c28f22e8b96e1ab97ce403110664 -> 
========================================================================
Received Prepare
Begin MonoManager ReloadAssembly
- Loaded All Assemblies, in  0.448 seconds
Refreshing native plugins compatible for Editor in 2.93 ms, found 3 plugins.
Native extension for WindowsStandalone target not found
Native extension for Android target not found
Native extension for WebGL target not found
Mono: successfully reloaded assembly
- Finished resetting the current domain, in  1.381 seconds
Domain Reload Profiling: 1826ms
	BeginReloadAssembly (155ms)
		ExecutionOrderSort (0ms)
		DisableScriptedObjects (4ms)
		BackupInstance (0ms)
		ReleaseScriptingObjects (0ms)
		CreateAndSetChildDomain (42ms)
	RebuildCommonClasses (28ms)
	RebuildNativeTypeToScriptingClass (9ms)
	initialDomainReloadingComplete (29ms)
	LoadAllAssembliesAndSetupDomain (223ms)
		LoadAssemblies (281ms)
		RebuildTransferFunctionScriptingTraits (0ms)
		AnalyzeDomain (18ms)
			TypeCache.Refresh (5ms)
				TypeCache.ScanAssembly (0ms)
			ScanForSourceGeneratedMonoScriptInfo (0ms)
			ResolveRequiredComponents (11ms)
	FinalizeReload (1381ms)
		ReleaseScriptCaches (0ms)
		RebuildScriptCaches (0ms)
		SetupLoadedEditorAssemblies (568ms)
			LogAssemblyErrors (0ms)
			InitializePlatformSupportModulesInManaged (26ms)
			SetLoadedEditorAssemblies (4ms)
			RefreshPlugins (0ms)
			BeforeProcessingInitializeOnLoad (84ms)
			ProcessInitializeOnLoadAttributes (383ms)
			ProcessInitializeOnLoadMethodAttributes (63ms)
			AfterProcessingInitializeOnLoad (8ms)
			EditorAssembliesLoaded (0ms)
		ExecutionOrderSort2 (0ms)
		AwakeInstancesAfterBackupRestoration (21ms)
Refreshing native plugins compatible for Editor in 3.53 ms, found 3 plugins.
Preloading 0 native plugins for Editor in 0.00 ms.
Unloading 6183 Unused Serialized files (Serialized files now loaded: 0)
Unloading 58 unused Assets / (2.9 MB). Loaded Objects now: 7371.
Memory consumption went from 252.9 MB to 250.1 MB.
Total: 4.021200 ms (FindLiveObjects: 0.420400 ms CreateObjectMapping: 0.163300 ms MarkObjects: 2.874600 ms  DeleteObjects: 0.561900 ms)

Prepare: number of updated asset objects reloaded= 1
AssetImportParameters requested are different than current active one (requested -> active):
  custom:container-demuxer-ogg: 62fdf1f143b41e24485cea50d1cbac27 -> 
  custom:framework-win-MediaFoundation: 216162199b28c13a410421893ffa2e32 -> 
  custom:container-muxer-webm: aa71ff27fc2769a1b78a27578f13a17b -> 
  custom:video-decoder-webm-vp8: 9c59270c3fd7afecdb556c50c9e8de78 -> 
  custom:SearchIndexIgnoredProperties: e643bd26f0fe6173181afceb89e7c659 -> 
  custom:AudioImporter_EditorPlatform: d09bf68614088b80899f8185d706f6e7 -> 
  custom:audio-decoder-ogg-vorbis: bf7c407c2cedff20999df2af8eb42d56 -> 
  custom:audio-encoder-webm-vorbis: bf7c407c2cedff20999df2af8eb42d56 -> 
  custom:video-codec-MediaFoundation-h265: 746d11721c4dcdbdad8f713fa42b33f4 -> 
  custom:video-decoder-ogg-theora: a1e56fd34408186e4bbccfd4996cb3dc -> 
  custom:CustomObjectIndexerAttribute: 3ead1caaecf1c488f20bcfeb224b6af5 -> 
  custom:container-demuxer-webm: 4f35f7cbe854078d1ac9338744f61a02 -> 
  custom:video-encoder-webm-vp8: eb34c28f22e8b96e1ab97ce403110664 -> 
========================================================================
Received Import Request.
  Time since last request: 4629.014350 seconds.
  path: Assets/Settings/URP-HighFidelity.asset
  artifactKey: Guid(7b7fd9122c28c4d15b667c7040e3b3fd) Importer(815301076,1909f56bfc062723c751e8b465ee728b)
Start importing Assets/Settings/URP-HighFidelity.asset using Guid(7b7fd9122c28c4d15b667c7040e3b3fd) Importer(815301076,1909f56bfc062723c751e8b465ee728b)  -> (artifact id: '8e21a6c2ac78161e11a9edd0290c8d7b') in 0.011932 seconds
Number of updated asset objects reloaded before import = 0
Number of asset objects unloaded after import = 0
========================================================================
Received Prepare
Begin MonoManager ReloadAssembly
- Loaded All Assemblies, in  0.538 seconds
Refreshing native plugins compatible for Editor in 2.77 ms, found 3 plugins.
Native extension for WindowsStandalone target not found
Native extension for Android target not found
Native extension for WebGL target not found
Mono: successfully reloaded assembly
- Finished resetting the current domain, in  1.377 seconds
Domain Reload Profiling: 1912ms
	BeginReloadAssembly (183ms)
		ExecutionOrderSort (0ms)
		DisableScriptedObjects (4ms)
		BackupInstance (0ms)
		ReleaseScriptingObjects (0ms)
		CreateAndSetChildDomain (58ms)
	RebuildCommonClasses (30ms)
	RebuildNativeTypeToScriptingClass (12ms)
	initialDomainReloadingComplete (28ms)
	LoadAllAssembliesAndSetupDomain (282ms)
		LoadAssemblies (352ms)
		RebuildTransferFunctionScriptingTraits (0ms)
		AnalyzeDomain (18ms)
			TypeCache.Refresh (5ms)
				TypeCache.ScanAssembly (0ms)
			ScanForSourceGeneratedMonoScriptInfo (0ms)
			ResolveRequiredComponents (11ms)
	FinalizeReload (1378ms)
		ReleaseScriptCaches (0ms)
		RebuildScriptCaches (0ms)
		SetupLoadedEditorAssemblies (551ms)
			LogAssemblyErrors (0ms)
			InitializePlatformSupportModulesInManaged (28ms)
			SetLoadedEditorAssemblies (4ms)
			RefreshPlugins (0ms)
			BeforeProcessingInitializeOnLoad (86ms)
			ProcessInitializeOnLoadAttributes (363ms)
			ProcessInitializeOnLoadMethodAttributes (62ms)
			AfterProcessingInitializeOnLoad (9ms)
			EditorAssembliesLoaded (0ms)
		ExecutionOrderSort2 (0ms)
		AwakeInstancesAfterBackupRestoration (24ms)
Refreshing native plugins compatible for Editor in 2.78 ms, found 3 plugins.
Preloading 0 native plugins for Editor in 0.00 ms.
Unloading 6183 Unused Serialized files (Serialized files now loaded: 0)
Unloading 58 unused Assets / (2.9 MB). Loaded Objects now: 7391.
Memory consumption went from 254.8 MB to 251.9 MB.
Total: 3.975000 ms (FindLiveObjects: 0.437200 ms CreateObjectMapping: 0.193500 ms MarkObjects: 2.851700 ms  DeleteObjects: 0.491700 ms)

Prepare: number of updated asset objects reloaded= 1
AssetImportParameters requested are different than current active one (requested -> active):
  custom:container-demuxer-ogg: 62fdf1f143b41e24485cea50d1cbac27 -> 
  custom:framework-win-MediaFoundation: 216162199b28c13a410421893ffa2e32 -> 
  custom:container-muxer-webm: aa71ff27fc2769a1b78a27578f13a17b -> 
  custom:video-decoder-webm-vp8: 9c59270c3fd7afecdb556c50c9e8de78 -> 
  custom:SearchIndexIgnoredProperties: e643bd26f0fe6173181afceb89e7c659 -> 
  custom:AudioImporter_EditorPlatform: d09bf68614088b80899f8185d706f6e7 -> 
  custom:audio-decoder-ogg-vorbis: bf7c407c2cedff20999df2af8eb42d56 -> 
  custom:audio-encoder-webm-vorbis: bf7c407c2cedff20999df2af8eb42d56 -> 
  custom:video-codec-MediaFoundation-h265: 746d11721c4dcdbdad8f713fa42b33f4 -> 
  custom:video-decoder-ogg-theora: a1e56fd34408186e4bbccfd4996cb3dc -> 
  custom:CustomObjectIndexerAttribute: 3ead1caaecf1c488f20bcfeb224b6af5 -> 
  custom:container-demuxer-webm: 4f35f7cbe854078d1ac9338744f61a02 -> 
  custom:video-encoder-webm-vp8: eb34c28f22e8b96e1ab97ce403110664 -> 
========================================================================
Received Prepare
Begin MonoManager ReloadAssembly
- Loaded All Assemblies, in  0.408 seconds
Refreshing native plugins compatible for Editor in 2.68 ms, found 3 plugins.
Native extension for WindowsStandalone target not found
Native extension for Android target not found
Native extension for WebGL target not found
Mono: successfully reloaded assembly
- Finished resetting the current domain, in  1.333 seconds
Domain Reload Profiling: 1739ms
	BeginReloadAssembly (140ms)
		ExecutionOrderSort (0ms)
		DisableScriptedObjects (4ms)
		BackupInstance (0ms)
		ReleaseScriptingObjects (0ms)
		CreateAndSetChildDomain (33ms)
	RebuildCommonClasses (26ms)
	RebuildNativeTypeToScriptingClass (8ms)
	initialDomainReloadingComplete (27ms)
	LoadAllAssembliesAndSetupDomain (205ms)
		LoadAssemblies (260ms)
		RebuildTransferFunctionScriptingTraits (0ms)
		AnalyzeDomain (17ms)
			TypeCache.Refresh (5ms)
				TypeCache.ScanAssembly (0ms)
			ScanForSourceGeneratedMonoScriptInfo (0ms)
			ResolveRequiredComponents (11ms)
	FinalizeReload (1334ms)
		ReleaseScriptCaches (0ms)
		RebuildScriptCaches (0ms)
		SetupLoadedEditorAssemblies (581ms)
			LogAssemblyErrors (0ms)
			InitializePlatformSupportModulesInManaged (28ms)
			SetLoadedEditorAssemblies (4ms)
			RefreshPlugins (0ms)
			BeforeProcessingInitializeOnLoad (89ms)
			ProcessInitializeOnLoadAttributes (396ms)
			ProcessInitializeOnLoadMethodAttributes (56ms)
			AfterProcessingInitializeOnLoad (8ms)
			EditorAssembliesLoaded (0ms)
		ExecutionOrderSort2 (0ms)
		AwakeInstancesAfterBackupRestoration (23ms)
Refreshing native plugins compatible for Editor in 4.62 ms, found 3 plugins.
Preloading 0 native plugins for Editor in 0.00 ms.
Unloading 6183 Unused Serialized files (Serialized files now loaded: 0)
Unloading 58 unused Assets / (2.9 MB). Loaded Objects now: 7410.
Memory consumption went from 256.5 MB to 253.7 MB.
Total: 4.409500 ms (FindLiveObjects: 0.555700 ms CreateObjectMapping: 0.233000 ms MarkObjects: 3.109400 ms  DeleteObjects: 0.510400 ms)

Prepare: number of updated asset objects reloaded= 0
AssetImportParameters requested are different than current active one (requested -> active):
  custom:container-demuxer-ogg: 62fdf1f143b41e24485cea50d1cbac27 -> 
  custom:framework-win-MediaFoundation: 216162199b28c13a410421893ffa2e32 -> 
  custom:container-muxer-webm: aa71ff27fc2769a1b78a27578f13a17b -> 
  custom:video-decoder-webm-vp8: 9c59270c3fd7afecdb556c50c9e8de78 -> 
  custom:SearchIndexIgnoredProperties: e643bd26f0fe6173181afceb89e7c659 -> 
  custom:AudioImporter_EditorPlatform: d09bf68614088b80899f8185d706f6e7 -> 
  custom:audio-decoder-ogg-vorbis: bf7c407c2cedff20999df2af8eb42d56 -> 
  custom:audio-encoder-webm-vorbis: bf7c407c2cedff20999df2af8eb42d56 -> 
  custom:video-codec-MediaFoundation-h265: 746d11721c4dcdbdad8f713fa42b33f4 -> 
  custom:video-decoder-ogg-theora: a1e56fd34408186e4bbccfd4996cb3dc -> 
  custom:CustomObjectIndexerAttribute: 3ead1caaecf1c488f20bcfeb224b6af5 -> 
  custom:container-demuxer-webm: 4f35f7cbe854078d1ac9338744f61a02 -> 
  custom:video-encoder-webm-vp8: eb34c28f22e8b96e1ab97ce403110664 -> 
========================================================================
Received Import Request.
  Time since last request: 1158.530938 seconds.
  path: Assets/Prefabs/Generator/IEPRJ2 Lever Generator Thingy.fbx
  artifactKey: Guid(a829228ed1cb39b4e92f353e09df884d) Importer(815301076,1909f56bfc062723c751e8b465ee728b)
Start importing Assets/Prefabs/Generator/IEPRJ2 Lever Generator Thingy.fbx using Guid(a829228ed1cb39b4e92f353e09df884d) Importer(815301076,1909f56bfc062723c751e8b465ee728b)  -> (artifact id: '7f1af86486a96666929edadbfb83f0e4') in 0.428324 seconds
Number of updated asset objects reloaded before import = 0
Number of asset objects unloaded after import = 44
========================================================================
Received Import Request.
  Time since last request: 0.000027 seconds.
  path: Assets/Media/Cutscene/ThirdFishCutsceneTimeline.playable
  artifactKey: Guid(d45cf0175d25b78428a1c07b53370f17) Importer(815301076,1909f56bfc062723c751e8b465ee728b)
Start importing Assets/Media/Cutscene/ThirdFishCutsceneTimeline.playable using Guid(d45cf0175d25b78428a1c07b53370f17) Importer(815301076,1909f56bfc062723c751e8b465ee728b)  -> (artifact id: 'cbf5611483309adb45428c87f2a85b3d') in 0.111463 seconds
Number of updated asset objects reloaded before import = 0
Number of asset objects unloaded after import = 40
========================================================================
Received Import Request.
  Time since last request: 0.000029 seconds.
  path: Assets/Prefabs/Viking Ride/Viking Ride_Fixed UV_Viking Ship_Emission.1001.png
  artifactKey: Guid(9c164e55e4c43ab4c96c681f73b2f76e) Importer(815301076,1909f56bfc062723c751e8b465ee728b)
Start importing Assets/Prefabs/Viking Ride/Viking Ride_Fixed UV_Viking Ship_Emission.1001.png using Guid(9c164e55e4c43ab4c96c681f73b2f76e) Importer(815301076,1909f56bfc062723c751e8b465ee728b)  -> (artifact id: '6ffdf9b15ff5cc25a8143cbd7ac63214') in 0.019491 seconds
Number of updated asset objects reloaded before import = 0
Number of asset objects unloaded after import = 2
========================================================================
Received Import Request.
  Time since last request: 0.000021 seconds.
  path: Assets/Prefabs/Viking Ride/Viking Ride_Fixed UV.fbx
  artifactKey: Guid(b5dd2451351b77d4eaea825ef60f1d92) Importer(815301076,1909f56bfc062723c751e8b465ee728b)
Start importing Assets/Prefabs/Viking Ride/Viking Ride_Fixed UV.fbx using Guid(b5dd2451351b77d4eaea825ef60f1d92) Importer(815301076,1909f56bfc062723c751e8b465ee728b)  -> (artifact id: 'a261391425ec2c60c1896ba09ba6577c') in 0.043039 seconds
Number of updated asset objects reloaded before import = 0
Number of asset objects unloaded after import = 25
========================================================================
Received Prepare
Begin MonoManager ReloadAssembly
- Loaded All Assemblies, in  0.507 seconds
Refreshing native plugins compatible for Editor in 3.34 ms, found 3 plugins.
Native extension for WindowsStandalone target not found
Native extension for Android target not found
Native extension for WebGL target not found
Mono: successfully reloaded assembly
- Finished resetting the current domain, in  1.363 seconds
Domain Reload Profiling: 1868ms
	BeginReloadAssembly (156ms)
		ExecutionOrderSort (0ms)
		DisableScriptedObjects (9ms)
		BackupInstance (0ms)
		ReleaseScriptingObjects (0ms)
		CreateAndSetChildDomain (43ms)
	RebuildCommonClasses (29ms)
	RebuildNativeTypeToScriptingClass (12ms)
	initialDomainReloadingComplete (28ms)
	LoadAllAssembliesAndSetupDomain (280ms)
		LoadAssemblies (329ms)
		RebuildTransferFunctionScriptingTraits (0ms)
		AnalyzeDomain (24ms)
			TypeCache.Refresh (8ms)
				TypeCache.ScanAssembly (0ms)
			ScanForSourceGeneratedMonoScriptInfo (0ms)
			ResolveRequiredComponents (14ms)
	FinalizeReload (1363ms)
		ReleaseScriptCaches (0ms)
		RebuildScriptCaches (0ms)
		SetupLoadedEditorAssemblies (575ms)
			LogAssemblyErrors (0ms)
			InitializePlatformSupportModulesInManaged (34ms)
			SetLoadedEditorAssemblies (6ms)
			RefreshPlugins (0ms)
			BeforeProcessingInitializeOnLoad (86ms)
			ProcessInitializeOnLoadAttributes (378ms)
			ProcessInitializeOnLoadMethodAttributes (62ms)
			AfterProcessingInitializeOnLoad (8ms)
			EditorAssembliesLoaded (0ms)
		ExecutionOrderSort2 (0ms)
		AwakeInstancesAfterBackupRestoration (24ms)
Refreshing native plugins compatible for Editor in 4.22 ms, found 3 plugins.
Preloading 0 native plugins for Editor in 0.00 ms.
Unloading 6183 Unused Serialized files (Serialized files now loaded: 0)
Unloading 58 unused Assets / (2.9 MB). Loaded Objects now: 7476.
Memory consumption went from 258.8 MB to 256.0 MB.
Total: 4.398000 ms (FindLiveObjects: 0.437100 ms CreateObjectMapping: 0.230200 ms MarkObjects: 3.212800 ms  DeleteObjects: 0.516700 ms)

Prepare: number of updated asset objects reloaded= 0
AssetImportParameters requested are different than current active one (requested -> active):
  custom:container-demuxer-ogg: 62fdf1f143b41e24485cea50d1cbac27 -> 
  custom:framework-win-MediaFoundation: 216162199b28c13a410421893ffa2e32 -> 
  custom:container-muxer-webm: aa71ff27fc2769a1b78a27578f13a17b -> 
  custom:video-decoder-webm-vp8: 9c59270c3fd7afecdb556c50c9e8de78 -> 
  custom:SearchIndexIgnoredProperties: e643bd26f0fe6173181afceb89e7c659 -> 
  custom:AudioImporter_EditorPlatform: d09bf68614088b80899f8185d706f6e7 -> 
  custom:audio-decoder-ogg-vorbis: bf7c407c2cedff20999df2af8eb42d56 -> 
  custom:audio-encoder-webm-vorbis: bf7c407c2cedff20999df2af8eb42d56 -> 
  custom:video-codec-MediaFoundation-h265: 746d11721c4dcdbdad8f713fa42b33f4 -> 
  custom:video-decoder-ogg-theora: a1e56fd34408186e4bbccfd4996cb3dc -> 
  custom:CustomObjectIndexerAttribute: 3ead1caaecf1c488f20bcfeb224b6af5 -> 
  custom:container-demuxer-webm: 4f35f7cbe854078d1ac9338744f61a02 -> 
  custom:video-encoder-webm-vp8: eb34c28f22e8b96e1ab97ce403110664 -> 
========================================================================
Received Import Request.
  Time since last request: 2647.385373 seconds.
  path: Assets/Settings/URP-HighFidelity-Renderer.asset
  artifactKey: Guid(c40be3174f62c4acf8c1216858c64956) Importer(815301076,1909f56bfc062723c751e8b465ee728b)
Start importing Assets/Settings/URP-HighFidelity-Renderer.asset using Guid(c40be3174f62c4acf8c1216858c64956) Importer(815301076,1909f56bfc062723c751e8b465ee728b)  -> (artifact id: '44551ad9daa650132ba3b9512dca7b18') in 0.032126 seconds
Number of updated asset objects reloaded before import = 6
Number of asset objects unloaded after import = 0
========================================================================
Received Import Request.
  Time since last request: 697.300837 seconds.
  path: Assets/FX/Blood VFX.vfx
  artifactKey: Guid(410e75fdfb55cbd4691cf86d7664a9df) Importer(815301076,1909f56bfc062723c751e8b465ee728b)
Start importing Assets/FX/Blood VFX.vfx using Guid(410e75fdfb55cbd4691cf86d7664a9df) Importer(815301076,1909f56bfc062723c751e8b465ee728b)  -> (artifact id: '8807f62954d28f6ef811dca5e1d6b5f6') in 0.046671 seconds
Number of updated asset objects reloaded before import = 0
Number of asset objects unloaded after import = 6
========================================================================
Received Import Request.
  Time since last request: 236.945010 seconds.
  path: Assets/FX/Blood VFX.vfx
  artifactKey: Guid(410e75fdfb55cbd4691cf86d7664a9df) Importer(815301076,1909f56bfc062723c751e8b465ee728b)
Start importing Assets/FX/Blood VFX.vfx using Guid(410e75fdfb55cbd4691cf86d7664a9df) Importer(815301076,1909f56bfc062723c751e8b465ee728b)  -> (artifact id: '16e71fe2828b2fb9cffd6e062fe14bd3') in 0.005621 seconds
Number of updated asset objects reloaded before import = 0
Number of asset objects unloaded after import = 6
========================================================================
Received Import Request.
  Time since last request: 76.016659 seconds.
  path: Assets/FX/Blood VFX.vfx
  artifactKey: Guid(410e75fdfb55cbd4691cf86d7664a9df) Importer(815301076,1909f56bfc062723c751e8b465ee728b)
Start importing Assets/FX/Blood VFX.vfx using Guid(410e75fdfb55cbd4691cf86d7664a9df) Importer(815301076,1909f56bfc062723c751e8b465ee728b)  -> (artifact id: 'db71572a99dabf6791f8e5562ba87b4a') in 0.005471 seconds
Number of updated asset objects reloaded before import = 0
Number of asset objects unloaded after import = 6
========================================================================
Received Import Request.
  Time since last request: 43.438836 seconds.
  path: Assets/FX/Blood VFX.vfx
  artifactKey: Guid(410e75fdfb55cbd4691cf86d7664a9df) Importer(815301076,1909f56bfc062723c751e8b465ee728b)
Start importing Assets/FX/Blood VFX.vfx using Guid(410e75fdfb55cbd4691cf86d7664a9df) Importer(815301076,1909f56bfc062723c751e8b465ee728b)  -> (artifact id: '695a24e4ca4b9502068dcb2b7355b7e3') in 0.003723 seconds
Number of updated asset objects reloaded before import = 0
Number of asset objects unloaded after import = 6
========================================================================
Received Import Request.
  Time since last request: 180.278264 seconds.
  path: Assets/FX/Blood VFX.vfx
  artifactKey: Guid(410e75fdfb55cbd4691cf86d7664a9df) Importer(815301076,1909f56bfc062723c751e8b465ee728b)
Start importing Assets/FX/Blood VFX.vfx using Guid(410e75fdfb55cbd4691cf86d7664a9df) Importer(815301076,1909f56bfc062723c751e8b465ee728b)  -> (artifact id: '77c4da9b1a70670a29590be3568a47bb') in 0.005065 seconds
Number of updated asset objects reloaded before import = 0
Number of asset objects unloaded after import = 6
========================================================================
Received Import Request.
  Time since last request: 52.373486 seconds.
  path: Assets/FX/Blood VFX.vfx
  artifactKey: Guid(410e75fdfb55cbd4691cf86d7664a9df) Importer(815301076,1909f56bfc062723c751e8b465ee728b)
Start importing Assets/FX/Blood VFX.vfx using Guid(410e75fdfb55cbd4691cf86d7664a9df) Importer(815301076,1909f56bfc062723c751e8b465ee728b)  -> (artifact id: '7c0be1c7925d6a68bfd24a65f6bc1b33') in 0.003673 seconds
Number of updated asset objects reloaded before import = 0
Number of asset objects unloaded after import = 6
========================================================================
Received Import Request.
  Time since last request: 54.680561 seconds.
  path: Assets/FX/Blood VFX.vfx
  artifactKey: Guid(410e75fdfb55cbd4691cf86d7664a9df) Importer(815301076,1909f56bfc062723c751e8b465ee728b)
Start importing Assets/FX/Blood VFX.vfx using Guid(410e75fdfb55cbd4691cf86d7664a9df) Importer(815301076,1909f56bfc062723c751e8b465ee728b)  -> (artifact id: '89b4dff3343bde89093c6cf0515d34d9') in 0.003686 seconds
Number of updated asset objects reloaded before import = 0
Number of asset objects unloaded after import = 6
========================================================================
Received Import Request.
  Time since last request: 29.144632 seconds.
  path: Assets/FX/Blood VFX.vfx
  artifactKey: Guid(410e75fdfb55cbd4691cf86d7664a9df) Importer(815301076,1909f56bfc062723c751e8b465ee728b)
Start importing Assets/FX/Blood VFX.vfx using Guid(410e75fdfb55cbd4691cf86d7664a9df) Importer(815301076,1909f56bfc062723c751e8b465ee728b)  -> (artifact id: 'b0d91d1ccb4fc14235ec55667bfe1f69') in 0.003603 seconds
Number of updated asset objects reloaded before import = 0
Number of asset objects unloaded after import = 6
========================================================================
Received Import Request.
  Time since last request: 18.241896 seconds.
  path: Assets/FX/Blood VFX.vfx
  artifactKey: Guid(410e75fdfb55cbd4691cf86d7664a9df) Importer(815301076,1909f56bfc062723c751e8b465ee728b)
Start importing Assets/FX/Blood VFX.vfx using Guid(410e75fdfb55cbd4691cf86d7664a9df) Importer(815301076,1909f56bfc062723c751e8b465ee728b)  -> (artifact id: 'db037c80a0a08505277d782e19b9aa7a') in 0.003270 seconds
Number of updated asset objects reloaded before import = 0
Number of asset objects unloaded after import = 6
========================================================================
Received Import Request.
  Time since last request: 39.419283 seconds.
  path: Assets/FX/Blood VFX.vfx
  artifactKey: Guid(410e75fdfb55cbd4691cf86d7664a9df) Importer(815301076,1909f56bfc062723c751e8b465ee728b)
Start importing Assets/FX/Blood VFX.vfx using Guid(410e75fdfb55cbd4691cf86d7664a9df) Importer(815301076,1909f56bfc062723c751e8b465ee728b)  -> (artifact id: 'e249d83c51477a5a684084ae8953da6b') in 0.003489 seconds
Number of updated asset objects reloaded before import = 0
Number of asset objects unloaded after import = 6
========================================================================
Received Import Request.
  Time since last request: 228.331572 seconds.
  path: Assets/FX/Blood VFX.vfx
  artifactKey: Guid(410e75fdfb55cbd4691cf86d7664a9df) Importer(815301076,1909f56bfc062723c751e8b465ee728b)
Start importing Assets/FX/Blood VFX.vfx using Guid(410e75fdfb55cbd4691cf86d7664a9df) Importer(815301076,1909f56bfc062723c751e8b465ee728b)  -> (artifact id: '34725fef7380a04825c09bfded90250a') in 0.004548 seconds
Number of updated asset objects reloaded before import = 0
Number of asset objects unloaded after import = 6
========================================================================
Received Import Request.
  Time since last request: 67.363951 seconds.
  path: Assets/FX/Blood VFX.vfx
  artifactKey: Guid(410e75fdfb55cbd4691cf86d7664a9df) Importer(815301076,1909f56bfc062723c751e8b465ee728b)
Start importing Assets/FX/Blood VFX.vfx using Guid(410e75fdfb55cbd4691cf86d7664a9df) Importer(815301076,1909f56bfc062723c751e8b465ee728b)  -> (artifact id: '6ab6912b7eae193fbbbad16494e866f3') in 0.003321 seconds
Number of updated asset objects reloaded before import = 0
Number of asset objects unloaded after import = 6
========================================================================
Received Import Request.
  Time since last request: 266.220906 seconds.
  path: Assets/FX/Blood VFX.vfx
  artifactKey: Guid(410e75fdfb55cbd4691cf86d7664a9df) Importer(815301076,1909f56bfc062723c751e8b465ee728b)
Start importing Assets/FX/Blood VFX.vfx using Guid(410e75fdfb55cbd4691cf86d7664a9df) Importer(815301076,1909f56bfc062723c751e8b465ee728b)  -> (artifact id: '1dadaf49c11bd8bc71920b1580677921') in 0.004243 seconds
Number of updated asset objects reloaded before import = 0
Number of asset objects unloaded after import = 6
========================================================================
Received Prepare
Begin MonoManager ReloadAssembly
- Loaded All Assemblies, in  3.222 seconds
Refreshing native plugins compatible for Editor in 3.30 ms, found 3 plugins.
Native extension for WindowsStandalone target not found
Native extension for Android target not found
Native extension for WebGL target not found
Mono: successfully reloaded assembly
- Finished resetting the current domain, in 51.819 seconds
Domain Reload Profiling: 55039ms
	BeginReloadAssembly (263ms)
		ExecutionOrderSort (0ms)
		DisableScriptedObjects (6ms)
		BackupInstance (0ms)
		ReleaseScriptingObjects (0ms)
		CreateAndSetChildDomain (110ms)
	RebuildCommonClasses (86ms)
	RebuildNativeTypeToScriptingClass (9ms)
	initialDomainReloadingComplete (31ms)
	LoadAllAssembliesAndSetupDomain (2830ms)
		LoadAssemblies (2912ms)
		RebuildTransferFunctionScriptingTraits (0ms)
		AnalyzeDomain (22ms)
			TypeCache.Refresh (6ms)
				TypeCache.ScanAssembly (0ms)
			ScanForSourceGeneratedMonoScriptInfo (0ms)
			ResolveRequiredComponents (14ms)
	FinalizeReload (51819ms)
		ReleaseScriptCaches (0ms)
		RebuildScriptCaches (0ms)
		SetupLoadedEditorAssemblies (610ms)
			LogAssemblyErrors (0ms)
			InitializePlatformSupportModulesInManaged (31ms)
			SetLoadedEditorAssemblies (5ms)
			RefreshPlugins (0ms)
			BeforeProcessingInitializeOnLoad (91ms)
			ProcessInitializeOnLoadAttributes (406ms)
			ProcessInitializeOnLoadMethodAttributes (68ms)
			AfterProcessingInitializeOnLoad (8ms)
			EditorAssembliesLoaded (0ms)
		ExecutionOrderSort2 (0ms)
		AwakeInstancesAfterBackupRestoration (24ms)
Refreshing native plugins compatible for Editor in 3.17 ms, found 3 plugins.
Preloading 0 native plugins for Editor in 0.00 ms.
Unloading 6183 Unused Serialized files (Serialized files now loaded: 0)
Unloading 58 unused Assets / (2.9 MB). Loaded Objects now: 7500.
Memory consumption went from 260.7 MB to 257.9 MB.
Total: 4.918200 ms (FindLiveObjects: 0.695900 ms CreateObjectMapping: 0.245800 ms MarkObjects: 3.502300 ms  DeleteObjects: 0.473400 ms)

Prepare: number of updated asset objects reloaded= 0
AssetImportParameters requested are different than current active one (requested -> active):
  custom:container-demuxer-ogg: 62fdf1f143b41e24485cea50d1cbac27 -> 
  custom:framework-win-MediaFoundation: 216162199b28c13a410421893ffa2e32 -> 
  custom:container-muxer-webm: aa71ff27fc2769a1b78a27578f13a17b -> 
  custom:video-decoder-webm-vp8: 9c59270c3fd7afecdb556c50c9e8de78 -> 
  custom:SearchIndexIgnoredProperties: e643bd26f0fe6173181afceb89e7c659 -> 
  custom:AudioImporter_EditorPlatform: d09bf68614088b80899f8185d706f6e7 -> 
  custom:audio-decoder-ogg-vorbis: bf7c407c2cedff20999df2af8eb42d56 -> 
  custom:audio-encoder-webm-vorbis: bf7c407c2cedff20999df2af8eb42d56 -> 
  custom:video-codec-MediaFoundation-h265: 746d11721c4dcdbdad8f713fa42b33f4 -> 
  custom:video-decoder-ogg-theora: a1e56fd34408186e4bbccfd4996cb3dc -> 
  custom:CustomObjectIndexerAttribute: 3ead1caaecf1c488f20bcfeb224b6af5 -> 
  custom:container-demuxer-webm: 4f35f7cbe854078d1ac9338744f61a02 -> 
  custom:video-encoder-webm-vp8: eb34c28f22e8b96e1ab97ce403110664 -> 
========================================================================
Received Prepare
Begin MonoManager ReloadAssembly
- Loaded All Assemblies, in  0.434 seconds
Refreshing native plugins compatible for Editor in 3.27 ms, found 3 plugins.
Native extension for WindowsStandalone target not found
Native extension for Android target not found
Native extension for WebGL target not found
Mono: successfully reloaded assembly
- Finished resetting the current domain, in  1.315 seconds
Domain Reload Profiling: 1745ms
	BeginReloadAssembly (144ms)
		ExecutionOrderSort (0ms)
		DisableScriptedObjects (5ms)
		BackupInstance (0ms)
		ReleaseScriptingObjects (0ms)
		CreateAndSetChildDomain (38ms)
	RebuildCommonClasses (30ms)
	RebuildNativeTypeToScriptingClass (10ms)
	initialDomainReloadingComplete (28ms)
	LoadAllAssembliesAndSetupDomain (219ms)
		LoadAssemblies (267ms)
		RebuildTransferFunctionScriptingTraits (0ms)
		AnalyzeDomain (22ms)
			TypeCache.Refresh (6ms)
				TypeCache.ScanAssembly (0ms)
			ScanForSourceGeneratedMonoScriptInfo (0ms)
			ResolveRequiredComponents (15ms)
	FinalizeReload (1315ms)
		ReleaseScriptCaches (0ms)
		RebuildScriptCaches (0ms)
		SetupLoadedEditorAssemblies (507ms)
			LogAssemblyErrors (0ms)
			InitializePlatformSupportModulesInManaged (26ms)
			SetLoadedEditorAssemblies (4ms)
			RefreshPlugins (0ms)
			BeforeProcessingInitializeOnLoad (78ms)
			ProcessInitializeOnLoadAttributes (333ms)
			ProcessInitializeOnLoadMethodAttributes (58ms)
			AfterProcessingInitializeOnLoad (8ms)
			EditorAssembliesLoaded (0ms)
		ExecutionOrderSort2 (0ms)
		AwakeInstancesAfterBackupRestoration (19ms)
Refreshing native plugins compatible for Editor in 2.79 ms, found 3 plugins.
Preloading 0 native plugins for Editor in 0.00 ms.
Unloading 6183 Unused Serialized files (Serialized files now loaded: 0)
Unloading 58 unused Assets / (2.9 MB). Loaded Objects now: 7520.
Memory consumption went from 262.7 MB to 259.8 MB.
Total: 3.515000 ms (FindLiveObjects: 0.491100 ms CreateObjectMapping: 0.166000 ms MarkObjects: 2.414900 ms  DeleteObjects: 0.442300 ms)

Prepare: number of updated asset objects reloaded= 0
AssetImportParameters requested are different than current active one (requested -> active):
  custom:container-demuxer-ogg: 62fdf1f143b41e24485cea50d1cbac27 -> 
  custom:framework-win-MediaFoundation: 216162199b28c13a410421893ffa2e32 -> 
  custom:container-muxer-webm: aa71ff27fc2769a1b78a27578f13a17b -> 
  custom:video-decoder-webm-vp8: 9c59270c3fd7afecdb556c50c9e8de78 -> 
  custom:SearchIndexIgnoredProperties: e643bd26f0fe6173181afceb89e7c659 -> 
  custom:AudioImporter_EditorPlatform: d09bf68614088b80899f8185d706f6e7 -> 
  custom:audio-decoder-ogg-vorbis: bf7c407c2cedff20999df2af8eb42d56 -> 
  custom:audio-encoder-webm-vorbis: bf7c407c2cedff20999df2af8eb42d56 -> 
  custom:video-codec-MediaFoundation-h265: 746d11721c4dcdbdad8f713fa42b33f4 -> 
  custom:video-decoder-ogg-theora: a1e56fd34408186e4bbccfd4996cb3dc -> 
  custom:CustomObjectIndexerAttribute: 3ead1caaecf1c488f20bcfeb224b6af5 -> 
  custom:container-demuxer-webm: 4f35f7cbe854078d1ac9338744f61a02 -> 
  custom:video-encoder-webm-vp8: eb34c28f22e8b96e1ab97ce403110664 -> 
========================================================================
Received Prepare
Begin MonoManager ReloadAssembly
- Loaded All Assemblies, in  0.440 seconds
Refreshing native plugins compatible for Editor in 2.98 ms, found 3 plugins.
Native extension for WindowsStandalone target not found
Native extension for Android target not found
Native extension for WebGL target not found
Mono: successfully reloaded assembly
- Finished resetting the current domain, in  1.308 seconds
Domain Reload Profiling: 1746ms
	BeginReloadAssembly (152ms)
		ExecutionOrderSort (0ms)
		DisableScriptedObjects (4ms)
		BackupInstance (0ms)
		ReleaseScriptingObjects (0ms)
		CreateAndSetChildDomain (42ms)
	RebuildCommonClasses (27ms)
	RebuildNativeTypeToScriptingClass (10ms)
	initialDomainReloadingComplete (26ms)
	LoadAllAssembliesAndSetupDomain (221ms)
		LoadAssemblies (279ms)
		RebuildTransferFunctionScriptingTraits (0ms)
		AnalyzeDomain (19ms)
			TypeCache.Refresh (5ms)
				TypeCache.ScanAssembly (0ms)
			ScanForSourceGeneratedMonoScriptInfo (0ms)
			ResolveRequiredComponents (12ms)
	FinalizeReload (1308ms)
		ReleaseScriptCaches (0ms)
		RebuildScriptCaches (0ms)
		SetupLoadedEditorAssemblies (515ms)
			LogAssemblyErrors (0ms)
			InitializePlatformSupportModulesInManaged (25ms)
			SetLoadedEditorAssemblies (4ms)
			RefreshPlugins (0ms)
			BeforeProcessingInitializeOnLoad (82ms)
			ProcessInitializeOnLoadAttributes (332ms)
			ProcessInitializeOnLoadMethodAttributes (61ms)
			AfterProcessingInitializeOnLoad (12ms)
			EditorAssembliesLoaded (0ms)
		ExecutionOrderSort2 (0ms)
		AwakeInstancesAfterBackupRestoration (21ms)
Refreshing native plugins compatible for Editor in 2.79 ms, found 3 plugins.
Preloading 0 native plugins for Editor in 0.00 ms.
Unloading 6183 Unused Serialized files (Serialized files now loaded: 0)
Unloading 58 unused Assets / (2.9 MB). Loaded Objects now: 7540.
Memory consumption went from 264.6 MB to 261.7 MB.
Total: 5.594000 ms (FindLiveObjects: 0.640400 ms CreateObjectMapping: 0.433200 ms MarkObjects: 4.056900 ms  DeleteObjects: 0.462500 ms)

Prepare: number of updated asset objects reloaded= 0
AssetImportParameters requested are different than current active one (requested -> active):
  custom:container-demuxer-ogg: 62fdf1f143b41e24485cea50d1cbac27 -> 
  custom:framework-win-MediaFoundation: 216162199b28c13a410421893ffa2e32 -> 
  custom:container-muxer-webm: aa71ff27fc2769a1b78a27578f13a17b -> 
  custom:video-decoder-webm-vp8: 9c59270c3fd7afecdb556c50c9e8de78 -> 
  custom:SearchIndexIgnoredProperties: e643bd26f0fe6173181afceb89e7c659 -> 
  custom:AudioImporter_EditorPlatform: d09bf68614088b80899f8185d706f6e7 -> 
  custom:audio-decoder-ogg-vorbis: bf7c407c2cedff20999df2af8eb42d56 -> 
  custom:audio-encoder-webm-vorbis: bf7c407c2cedff20999df2af8eb42d56 -> 
  custom:video-codec-MediaFoundation-h265: 746d11721c4dcdbdad8f713fa42b33f4 -> 
  custom:video-decoder-ogg-theora: a1e56fd34408186e4bbccfd4996cb3dc -> 
  custom:CustomObjectIndexerAttribute: 3ead1caaecf1c488f20bcfeb224b6af5 -> 
  custom:container-demuxer-webm: 4f35f7cbe854078d1ac9338744f61a02 -> 
  custom:video-encoder-webm-vp8: eb34c28f22e8b96e1ab97ce403110664 -> 
========================================================================
Received Prepare
Begin MonoManager ReloadAssembly
- Loaded All Assemblies, in  0.444 seconds
Refreshing native plugins compatible for Editor in 2.83 ms, found 3 plugins.
Native extension for WindowsStandalone target not found
Native extension for Android target not found
Native extension for WebGL target not found
Mono: successfully reloaded assembly
- Finished resetting the current domain, in  1.270 seconds
Domain Reload Profiling: 1712ms
	BeginReloadAssembly (157ms)
		ExecutionOrderSort (0ms)
		DisableScriptedObjects (4ms)
		BackupInstance (0ms)
		ReleaseScriptingObjects (0ms)
		CreateAndSetChildDomain (38ms)
	RebuildCommonClasses (29ms)
	RebuildNativeTypeToScriptingClass (10ms)
	initialDomainReloadingComplete (27ms)
	LoadAllAssembliesAndSetupDomain (219ms)
		LoadAssemblies (283ms)
		RebuildTransferFunctionScriptingTraits (0ms)
		AnalyzeDomain (17ms)
			TypeCache.Refresh (5ms)
				TypeCache.ScanAssembly (0ms)
			ScanForSourceGeneratedMonoScriptInfo (0ms)
			ResolveRequiredComponents (11ms)
	FinalizeReload (1270ms)
		ReleaseScriptCaches (0ms)
		RebuildScriptCaches (0ms)
		SetupLoadedEditorAssemblies (492ms)
			LogAssemblyErrors (0ms)
			InitializePlatformSupportModulesInManaged (24ms)
			SetLoadedEditorAssemblies (4ms)
			RefreshPlugins (0ms)
			BeforeProcessingInitializeOnLoad (77ms)
			ProcessInitializeOnLoadAttributes (325ms)
			ProcessInitializeOnLoadMethodAttributes (55ms)
			AfterProcessingInitializeOnLoad (7ms)
			EditorAssembliesLoaded (0ms)
		ExecutionOrderSort2 (0ms)
		AwakeInstancesAfterBackupRestoration (22ms)
Refreshing native plugins compatible for Editor in 3.23 ms, found 3 plugins.
Preloading 0 native plugins for Editor in 0.00 ms.
Unloading 6183 Unused Serialized files (Serialized files now loaded: 0)
Unloading 58 unused Assets / (2.9 MB). Loaded Objects now: 7560.
Memory consumption went from 266.5 MB to 263.7 MB.
Total: 4.800400 ms (FindLiveObjects: 0.453500 ms CreateObjectMapping: 0.187000 ms MarkObjects: 3.451000 ms  DeleteObjects: 0.707800 ms)

Prepare: number of updated asset objects reloaded= 0
AssetImportParameters requested are different than current active one (requested -> active):
  custom:container-demuxer-ogg: 62fdf1f143b41e24485cea50d1cbac27 -> 
  custom:framework-win-MediaFoundation: 216162199b28c13a410421893ffa2e32 -> 
  custom:container-muxer-webm: aa71ff27fc2769a1b78a27578f13a17b -> 
  custom:video-decoder-webm-vp8: 9c59270c3fd7afecdb556c50c9e8de78 -> 
  custom:SearchIndexIgnoredProperties: e643bd26f0fe6173181afceb89e7c659 -> 
  custom:AudioImporter_EditorPlatform: d09bf68614088b80899f8185d706f6e7 -> 
  custom:audio-decoder-ogg-vorbis: bf7c407c2cedff20999df2af8eb42d56 -> 
  custom:audio-encoder-webm-vorbis: bf7c407c2cedff20999df2af8eb42d56 -> 
  custom:video-codec-MediaFoundation-h265: 746d11721c4dcdbdad8f713fa42b33f4 -> 
  custom:video-decoder-ogg-theora: a1e56fd34408186e4bbccfd4996cb3dc -> 
  custom:CustomObjectIndexerAttribute: 3ead1caaecf1c488f20bcfeb224b6af5 -> 
  custom:container-demuxer-webm: 4f35f7cbe854078d1ac9338744f61a02 -> 
  custom:video-encoder-webm-vp8: eb34c28f22e8b96e1ab97ce403110664 -> 
========================================================================
Received Prepare
Begin MonoManager ReloadAssembly
- Loaded All Assemblies, in  0.432 seconds
Refreshing native plugins compatible for Editor in 2.88 ms, found 3 plugins.
Native extension for WindowsStandalone target not found
Native extension for Android target not found
Native extension for WebGL target not found
Mono: successfully reloaded assembly
- Finished resetting the current domain, in  1.230 seconds
Domain Reload Profiling: 1659ms
	BeginReloadAssembly (151ms)
		ExecutionOrderSort (0ms)
		DisableScriptedObjects (4ms)
		BackupInstance (0ms)
		ReleaseScriptingObjects (0ms)
		CreateAndSetChildDomain (37ms)
	RebuildCommonClasses (27ms)
	RebuildNativeTypeToScriptingClass (9ms)
	initialDomainReloadingComplete (27ms)
	LoadAllAssembliesAndSetupDomain (215ms)
		LoadAssemblies (274ms)
		RebuildTransferFunctionScriptingTraits (0ms)
		AnalyzeDomain (19ms)
			TypeCache.Refresh (4ms)
				TypeCache.ScanAssembly (0ms)
			ScanForSourceGeneratedMonoScriptInfo (0ms)
			ResolveRequiredComponents (13ms)
	FinalizeReload (1230ms)
		ReleaseScriptCaches (0ms)
		RebuildScriptCaches (0ms)
		SetupLoadedEditorAssemblies (513ms)
			LogAssemblyErrors (0ms)
			InitializePlatformSupportModulesInManaged (24ms)
			SetLoadedEditorAssemblies (4ms)
			RefreshPlugins (0ms)
			BeforeProcessingInitializeOnLoad (82ms)
			ProcessInitializeOnLoadAttributes (335ms)
			ProcessInitializeOnLoadMethodAttributes (58ms)
			AfterProcessingInitializeOnLoad (9ms)
			EditorAssembliesLoaded (0ms)
		ExecutionOrderSort2 (0ms)
		AwakeInstancesAfterBackupRestoration (22ms)
Refreshing native plugins compatible for Editor in 3.62 ms, found 3 plugins.
Preloading 0 native plugins for Editor in 0.00 ms.
Unloading 6183 Unused Serialized files (Serialized files now loaded: 0)
Unloading 58 unused Assets / (2.9 MB). Loaded Objects now: 7580.
Memory consumption went from 268.5 MB to 265.6 MB.
Total: 3.914300 ms (FindLiveObjects: 0.460800 ms CreateObjectMapping: 0.228700 ms MarkObjects: 2.741700 ms  DeleteObjects: 0.482000 ms)

Prepare: number of updated asset objects reloaded= 0
AssetImportParameters requested are different than current active one (requested -> active):
  custom:container-demuxer-ogg: 62fdf1f143b41e24485cea50d1cbac27 -> 
  custom:framework-win-MediaFoundation: 216162199b28c13a410421893ffa2e32 -> 
  custom:container-muxer-webm: aa71ff27fc2769a1b78a27578f13a17b -> 
  custom:video-decoder-webm-vp8: 9c59270c3fd7afecdb556c50c9e8de78 -> 
  custom:SearchIndexIgnoredProperties: e643bd26f0fe6173181afceb89e7c659 -> 
  custom:AudioImporter_EditorPlatform: d09bf68614088b80899f8185d706f6e7 -> 
  custom:audio-decoder-ogg-vorbis: bf7c407c2cedff20999df2af8eb42d56 -> 
  custom:audio-encoder-webm-vorbis: bf7c407c2cedff20999df2af8eb42d56 -> 
  custom:video-codec-MediaFoundation-h265: 746d11721c4dcdbdad8f713fa42b33f4 -> 
  custom:video-decoder-ogg-theora: a1e56fd34408186e4bbccfd4996cb3dc -> 
  custom:CustomObjectIndexerAttribute: 3ead1caaecf1c488f20bcfeb224b6af5 -> 
  custom:container-demuxer-webm: 4f35f7cbe854078d1ac9338744f61a02 -> 
  custom:video-encoder-webm-vp8: eb34c28f22e8b96e1ab97ce403110664 -> 
========================================================================
Received Prepare
Begin MonoManager ReloadAssembly
- Loaded All Assemblies, in  0.428 seconds
Refreshing native plugins compatible for Editor in 2.74 ms, found 3 plugins.
Native extension for WindowsStandalone target not found
Native extension for Android target not found
Native extension for WebGL target not found
Mono: successfully reloaded assembly
- Finished resetting the current domain, in  1.295 seconds
Domain Reload Profiling: 1721ms
	BeginReloadAssembly (146ms)
		ExecutionOrderSort (0ms)
		DisableScriptedObjects (4ms)
		BackupInstance (0ms)
		ReleaseScriptingObjects (0ms)
		CreateAndSetChildDomain (39ms)
	RebuildCommonClasses (26ms)
	RebuildNativeTypeToScriptingClass (9ms)
	initialDomainReloadingComplete (26ms)
	LoadAllAssembliesAndSetupDomain (218ms)
		LoadAssemblies (271ms)
		RebuildTransferFunctionScriptingTraits (0ms)
		AnalyzeDomain (20ms)
			TypeCache.Refresh (5ms)
				TypeCache.ScanAssembly (0ms)
			ScanForSourceGeneratedMonoScriptInfo (0ms)
			ResolveRequiredComponents (13ms)
	FinalizeReload (1296ms)
		ReleaseScriptCaches (0ms)
		RebuildScriptCaches (0ms)
		SetupLoadedEditorAssemblies (508ms)
			LogAssemblyErrors (0ms)
			InitializePlatformSupportModulesInManaged (26ms)
			SetLoadedEditorAssemblies (4ms)
			RefreshPlugins (0ms)
			BeforeProcessingInitializeOnLoad (77ms)
			ProcessInitializeOnLoadAttributes (331ms)
			ProcessInitializeOnLoadMethodAttributes (61ms)
			AfterProcessingInitializeOnLoad (9ms)
			EditorAssembliesLoaded (0ms)
		ExecutionOrderSort2 (0ms)
		AwakeInstancesAfterBackupRestoration (24ms)
Refreshing native plugins compatible for Editor in 3.19 ms, found 3 plugins.
Preloading 0 native plugins for Editor in 0.00 ms.
Unloading 6183 Unused Serialized files (Serialized files now loaded: 0)
Unloading 58 unused Assets / (2.9 MB). Loaded Objects now: 7600.
Memory consumption went from 270.4 MB to 267.6 MB.
Total: 3.607400 ms (FindLiveObjects: 0.463500 ms CreateObjectMapping: 0.180500 ms MarkObjects: 2.477500 ms  DeleteObjects: 0.485100 ms)

Prepare: number of updated asset objects reloaded= 0
AssetImportParameters requested are different than current active one (requested -> active):
  custom:container-demuxer-ogg: 62fdf1f143b41e24485cea50d1cbac27 -> 
  custom:framework-win-MediaFoundation: 216162199b28c13a410421893ffa2e32 -> 
  custom:container-muxer-webm: aa71ff27fc2769a1b78a27578f13a17b -> 
  custom:video-decoder-webm-vp8: 9c59270c3fd7afecdb556c50c9e8de78 -> 
  custom:SearchIndexIgnoredProperties: e643bd26f0fe6173181afceb89e7c659 -> 
  custom:AudioImporter_EditorPlatform: d09bf68614088b80899f8185d706f6e7 -> 
  custom:audio-decoder-ogg-vorbis: bf7c407c2cedff20999df2af8eb42d56 -> 
  custom:audio-encoder-webm-vorbis: bf7c407c2cedff20999df2af8eb42d56 -> 
  custom:video-codec-MediaFoundation-h265: 746d11721c4dcdbdad8f713fa42b33f4 -> 
  custom:video-decoder-ogg-theora: a1e56fd34408186e4bbccfd4996cb3dc -> 
  custom:CustomObjectIndexerAttribute: 3ead1caaecf1c488f20bcfeb224b6af5 -> 
  custom:container-demuxer-webm: 4f35f7cbe854078d1ac9338744f61a02 -> 
  custom:video-encoder-webm-vp8: eb34c28f22e8b96e1ab97ce403110664 -> 
========================================================================
Received Import Request.
  Time since last request: 4389.979371 seconds.
  path: Assets/blood splatter.png
  artifactKey: Guid(fd63d9615c28cc74489f80972543cdf1) Importer(2089858483,0ecaa5967403d082aa24f35e1b516d23)
Start importing Assets/blood splatter.png using Guid(fd63d9615c28cc74489f80972543cdf1) Importer(2089858483,0ecaa5967403d082aa24f35e1b516d23)  -> (artifact id: '6a1be5e3d5db1b7fc6104ad5bbaaf930') in 0.262128 seconds
Number of updated asset objects reloaded before import = 5
Number of asset objects unloaded after import = 1
========================================================================
Received Import Request.
  Time since last request: 0.000021 seconds.
  path: Assets/Materials/graffiti lights off.png
  artifactKey: Guid(91e1d01172e6a9042a661383505c71c7) Importer(2089858483,0ecaa5967403d082aa24f35e1b516d23)
Start importing Assets/Materials/graffiti lights off.png using Guid(91e1d01172e6a9042a661383505c71c7) Importer(2089858483,0ecaa5967403d082aa24f35e1b516d23)  -> (artifact id: '1e9a30683cb81afa0bfe2fc116cab6da') in 0.018620 seconds
Number of updated asset objects reloaded before import = 0
Number of asset objects unloaded after import = 1
========================================================================
Received Import Request.
  Time since last request: 0.000034 seconds.
  path: Assets/Materials/map guide.png
  artifactKey: Guid(cb4b9a5c211c3fb4c9a31c912818e94c) Importer(2089858483,0ecaa5967403d082aa24f35e1b516d23)
Start importing Assets/Materials/map guide.png using Guid(cb4b9a5c211c3fb4c9a31c912818e94c) Importer(2089858483,0ecaa5967403d082aa24f35e1b516d23)  -> (artifact id: '52c4d56c3ebd079f70a9695202f43ea1') in 0.052025 seconds
Number of updated asset objects reloaded before import = 0
Number of asset objects unloaded after import = 1
========================================================================
Received Import Request.
  Time since last request: 0.000020 seconds.
  path: Assets/Materials/Black.mat
  artifactKey: Guid(5f813023e9d1f3c4c8c546df7d2f9721) Importer(2089858483,0ecaa5967403d082aa24f35e1b516d23)
Start importing Assets/Materials/Black.mat using Guid(5f813023e9d1f3c4c8c546df7d2f9721) Importer(2089858483,0ecaa5967403d082aa24f35e1b516d23)  -> (artifact id: 'd1a298a3c300bd4877fa8f14285bce60') in 0.028847 seconds
Number of updated asset objects reloaded before import = 0
Number of asset objects unloaded after import = 1
========================================================================
Received Import Request.
  Time since last request: 0.000022 seconds.
  path: Assets/Materials/Emissive White.mat
  artifactKey: Guid(be6e335ee946680498f222b23835e780) Importer(2089858483,0ecaa5967403d082aa24f35e1b516d23)
Start importing Assets/Materials/Emissive White.mat using Guid(be6e335ee946680498f222b23835e780) Importer(2089858483,0ecaa5967403d082aa24f35e1b516d23)  -> (artifact id: '6492d187f63de0feb6a8b9688ed7fe63') in 0.014486 seconds
Number of updated asset objects reloaded before import = 0
Number of asset objects unloaded after import = 2
========================================================================
Received Import Request.
  Time since last request: 0.000024 seconds.
  path: Assets/Materials/Coral_Golem_Texturin_Material.002_AlbedoTransparency.mat
  artifactKey: Guid(0576185db8afe3642b98d655e9add14b) Importer(2089858483,0ecaa5967403d082aa24f35e1b516d23)
Start importing Assets/Materials/Coral_Golem_Texturin_Material.002_AlbedoTransparency.mat using Guid(0576185db8afe3642b98d655e9add14b) Importer(2089858483,0ecaa5967403d082aa24f35e1b516d23)  -> (artifact id: '991c61a9991cfa3a6dedbd5711643c9d') in 0.227732 seconds
Number of updated asset objects reloaded before import = 0
Number of asset objects unloaded after import = 5
========================================================================
Received Import Request.
  Time since last request: 0.000026 seconds.
  path: Assets/AQUARIUM LAB TEXTURED/Aquarium Lab (Layout w fixed UVs) (1)_Material_AlbedoTransparency.1001.png
  artifactKey: Guid(f7ba5cd6856d86647b4ac34448a2790c) Importer(2089858483,0ecaa5967403d082aa24f35e1b516d23)
Start importing Assets/AQUARIUM LAB TEXTURED/Aquarium Lab (Layout w fixed UVs) (1)_Material_AlbedoTransparency.1001.png using Guid(f7ba5cd6856d86647b4ac34448a2790c) Importer(2089858483,0ecaa5967403d082aa24f35e1b516d23)  -> (artifact id: 'ada278d51af169910697622747fb7ef6') in 0.058461 seconds
Number of updated asset objects reloaded before import = 0
Number of asset objects unloaded after import = 1
========================================================================
Received Import Request.
  Time since last request: 0.000018 seconds.
  path: Assets/Prefabs/Water (1).prefab
  artifactKey: Guid(62da19000c86c094888b173519ee7fc1) Importer(2089858483,0ecaa5967403d082aa24f35e1b516d23)
Start importing Assets/Prefabs/Water (1).prefab using Guid(62da19000c86c094888b173519ee7fc1) Importer(2089858483,0ecaa5967403d082aa24f35e1b516d23)  -> (artifact id: 'c15acb37536ab2d3b925118eb687965b') in 0.093082 seconds
Number of updated asset objects reloaded before import = 0
Number of asset objects unloaded after import = 7
========================================================================
Received Import Request.
  Time since last request: 0.000017 seconds.
  path: Assets/Resources/MusicConfig.asset
  artifactKey: Guid(2b276986f32ab3948bc2daeee062bd98) Importer(2089858483,0ecaa5967403d082aa24f35e1b516d23)
Start importing Assets/Resources/MusicConfig.asset using Guid(2b276986f32ab3948bc2daeee062bd98) Importer(2089858483,0ecaa5967403d082aa24f35e1b516d23)  -> (artifact id: '66bdb5ef5935dfc196fce5743b6d49e8') in 0.022501 seconds
Number of updated asset objects reloaded before import = 0
Number of asset objects unloaded after import = 7
========================================================================
Received Import Request.
  Time since last request: 0.000020 seconds.
  path: Assets/Scenes/MainMenu.unity
  artifactKey: Guid(d11c73a63885dcf4a82a20db81ebf585) Importer(2089858483,0ecaa5967403d082aa24f35e1b516d23)
Start importing Assets/Scenes/MainMenu.unity using Guid(d11c73a63885dcf4a82a20db81ebf585) Importer(2089858483,0ecaa5967403d082aa24f35e1b516d23)  -> (artifact id: 'fc68e6465a737ccae3e5673b1fec324d') in 0.010476 seconds
Number of updated asset objects reloaded before import = 0
Number of asset objects unloaded after import = 1
========================================================================
Received Import Request.
  Time since last request: 0.000033 seconds.
  path: Assets/Settings/URP-Performant-Renderer.asset
  artifactKey: Guid(707360a9c581a4bd7aa53bfeb1429f71) Importer(2089858483,0ecaa5967403d082aa24f35e1b516d23)
Start importing Assets/Settings/URP-Performant-Renderer.asset using Guid(707360a9c581a4bd7aa53bfeb1429f71) Importer(2089858483,0ecaa5967403d082aa24f35e1b516d23)  -> (artifact id: 'd08acb8b1ee621993a437e5f50b583da') in 0.024484 seconds
Number of updated asset objects reloaded before import = 0
Number of asset objects unloaded after import = 1
========================================================================
Received Import Request.
  Time since last request: 0.000018 seconds.
  path: Assets/Scenes/MainMenu Backup.unity
  artifactKey: Guid(063d594694dfb3e47a8a447516c2b2b5) Importer(2089858483,0ecaa5967403d082aa24f35e1b516d23)
Start importing Assets/Scenes/MainMenu Backup.unity using Guid(063d594694dfb3e47a8a447516c2b2b5) Importer(2089858483,0ecaa5967403d082aa24f35e1b516d23)  -> (artifact id: 'e844a727d17d8849b2d68186d6e22c3d') in 0.010865 seconds
Number of updated asset objects reloaded before import = 0
Number of asset objects unloaded after import = 1
========================================================================
Received Import Request.
  Time since last request: 0.000017 seconds.
  path: Assets/Signals/BloodFishDed.signal
  artifactKey: Guid(0c33413c99332e4418407f006bf99a7c) Importer(2089858483,0ecaa5967403d082aa24f35e1b516d23)
Start importing Assets/Signals/BloodFishDed.signal using Guid(0c33413c99332e4418407f006bf99a7c) Importer(2089858483,0ecaa5967403d082aa24f35e1b516d23)  -> (artifact id: '1fefcab16e2b051490e66d3a95e93477') in 0.011543 seconds
Number of updated asset objects reloaded before import = 0
Number of asset objects unloaded after import = 1
========================================================================
Received Import Request.
  Time since last request: 0.000015 seconds.
  path: Assets/Resources/SceneConfig.asset
  artifactKey: Guid(047e6c5515bf2c541a9ada94b9e360b5) Importer(2089858483,0ecaa5967403d082aa24f35e1b516d23)
Start importing Assets/Resources/SceneConfig.asset using Guid(047e6c5515bf2c541a9ada94b9e360b5) Importer(2089858483,0ecaa5967403d082aa24f35e1b516d23)  -> (artifact id: 'f3e464a9bceaa9c98b34aa066e873292') in 0.012759 seconds
Number of updated asset objects reloaded before import = 0
Number of asset objects unloaded after import = 11
========================================================================
Received Import Request.
  Time since last request: 0.000021 seconds.
  path: Assets/Materials/Wisteria.mat
  artifactKey: Guid(d16f306754a7a1b41af1f0bc3a7dc74b) Importer(2089858483,0ecaa5967403d082aa24f35e1b516d23)
Start importing Assets/Materials/Wisteria.mat using Guid(d16f306754a7a1b41af1f0bc3a7dc74b) Importer(2089858483,0ecaa5967403d082aa24f35e1b516d23)  -> (artifact id: 'c1dabddc10e201afa37d38eef0316c44') in 0.012138 seconds
Number of updated asset objects reloaded before import = 0
Number of asset objects unloaded after import = 1
========================================================================
Received Import Request.
  Time since last request: 0.000025 seconds.
  path: Assets/Settings/URP-Underwater Level 1.asset
  artifactKey: Guid(a458b3e7a6a140042aa6557eb03ad2b6) Importer(2089858483,0ecaa5967403d082aa24f35e1b516d23)
Start importing Assets/Settings/URP-Underwater Level 1.asset using Guid(a458b3e7a6a140042aa6557eb03ad2b6) Importer(2089858483,0ecaa5967403d082aa24f35e1b516d23)  -> (artifact id: '60c0cd5f63e9e3fe695e1d05037de8b2') in 0.041822 seconds
Number of updated asset objects reloaded before import = 0
Number of asset objects unloaded after import = 6
========================================================================
Received Import Request.
  Time since last request: 0.000019 seconds.
  path: Assets/Materials/Concrete.mat
  artifactKey: Guid(aba737cdecc849c4c9e91b481a2c3256) Importer(2089858483,0ecaa5967403d082aa24f35e1b516d23)
Start importing Assets/Materials/Concrete.mat using Guid(aba737cdecc849c4c9e91b481a2c3256) Importer(2089858483,0ecaa5967403d082aa24f35e1b516d23)  -> (artifact id: '9d6f42530fe3a1f64249d2bf8b74c04f') in 0.015415 seconds
Number of updated asset objects reloaded before import = 0
Number of asset objects unloaded after import = 2
========================================================================
Received Import Request.
  Time since last request: 0.000027 seconds.
  path: Assets/Prefabs/DialogueBoxSystem.prefab
  artifactKey: Guid(56c9bb41f5ee9fd438cc07771d03d23c) Importer(2089858483,0ecaa5967403d082aa24f35e1b516d23)
Start importing Assets/Prefabs/DialogueBoxSystem.prefab using Guid(56c9bb41f5ee9fd438cc07771d03d23c) Importer(2089858483,0ecaa5967403d082aa24f35e1b516d23)  -> (artifact id: 'ab5f561c3f2aa656ad3882e9f6a44952') in 0.312473 seconds
Number of updated asset objects reloaded before import = 0
Number of asset objects unloaded after import = 29
========================================================================
Received Import Request.
  Time since last request: 0.000027 seconds.
  path: Assets/LEVEL_2_3 MAP TEXTURE/LEVEL 2 AND 3 V2_DefaultMaterial_Normal.1001.png
  artifactKey: Guid(c5006e2776d09f646b4c73d8dc69b077) Importer(2089858483,0ecaa5967403d082aa24f35e1b516d23)
Start importing Assets/LEVEL_2_3 MAP TEXTURE/LEVEL 2 AND 3 V2_DefaultMaterial_Normal.1001.png using Guid(c5006e2776d09f646b4c73d8dc69b077) Importer(2089858483,0ecaa5967403d082aa24f35e1b516d23)  -> (artifact id: 'd535d3eaf61661e9f95511240fd8fab4') in 0.016674 seconds
Number of updated asset objects reloaded before import = 0
Number of asset objects unloaded after import = 1
========================================================================
Received Import Request.
  Time since last request: 0.000019 seconds.
  path: Assets/New Folder/dead body_low_DefaultMaterial_Normal.1001.png
  artifactKey: Guid(5b29d698e24258e4a920a096316d8059) Importer(2089858483,0ecaa5967403d082aa24f35e1b516d23)
Start importing Assets/New Folder/dead body_low_DefaultMaterial_Normal.1001.png using Guid(5b29d698e24258e4a920a096316d8059) Importer(2089858483,0ecaa5967403d082aa24f35e1b516d23)  -> (artifact id: '62595e3365b3ebe06521f0418d682436') in 0.128681 seconds
Number of updated asset objects reloaded before import = 0
Number of asset objects unloaded after import = 1
========================================================================
Received Import Request.
  Time since last request: 0.000021 seconds.
  path: Assets/Materials/amusement park logo wave wonderland 1.png
  artifactKey: Guid(053d44de86467bf41a5c1dde3c043308) Importer(2089858483,0ecaa5967403d082aa24f35e1b516d23)
Start importing Assets/Materials/amusement park logo wave wonderland 1.png using Guid(053d44de86467bf41a5c1dde3c043308) Importer(2089858483,0ecaa5967403d082aa24f35e1b516d23)  -> (artifact id: '717a21e58bf21ca19525555eff845991') in 0.056498 seconds
Number of updated asset objects reloaded before import = 0
Number of asset objects unloaded after import = 1
========================================================================
Received Import Request.
  Time since last request: 0.000027 seconds.
  path: Assets/Materials/Poster.mat
  artifactKey: Guid(10cb5baf2c118e04099815480930d21f) Importer(2089858483,0ecaa5967403d082aa24f35e1b516d23)
Start importing Assets/Materials/Poster.mat using Guid(10cb5baf2c118e04099815480930d21f) Importer(2089858483,0ecaa5967403d082aa24f35e1b516d23)  -> (artifact id: '7ad9eeb4e9962654a5096b2d17017720') in 0.038771 seconds
Number of updated asset objects reloaded before import = 0
Number of asset objects unloaded after import = 1
========================================================================
Received Import Request.
  Time since last request: 0.000017 seconds.
  path: Assets/Scenes/Level1Vincent.unity
  artifactKey: Guid(3b23eb059ac9b884386b5e0099aaf3bb) Importer(2089858483,0ecaa5967403d082aa24f35e1b516d23)
Start importing Assets/Scenes/Level1Vincent.unity using Guid(3b23eb059ac9b884386b5e0099aaf3bb) Importer(2089858483,0ecaa5967403d082aa24f35e1b516d23)  -> (artifact id: '3429ce2fe0bd7434b3221f1ade6a55e8') in 0.021555 seconds
Number of updated asset objects reloaded before import = 0
Number of asset objects unloaded after import = 1
========================================================================
Received Import Request.
  Time since last request: 0.000015 seconds.
  path: Assets/Assets/Cylinder_Tank/Cylinder_Tank_Material.063_AmbientOcclusion.png
  artifactKey: Guid(a187b7bcc7d5d794090a25fa21d4d4a9) Importer(2089858483,0ecaa5967403d082aa24f35e1b516d23)
Start importing Assets/Assets/Cylinder_Tank/Cylinder_Tank_Material.063_AmbientOcclusion.png using Guid(a187b7bcc7d5d794090a25fa21d4d4a9) Importer(2089858483,0ecaa5967403d082aa24f35e1b516d23)  -> (artifact id: 'ab4f9d71f45db38e03e329b21bc1bf78') in 0.019860 seconds
Number of updated asset objects reloaded before import = 0
Number of asset objects unloaded after import = 1
========================================================================
Received Import Request.
  Time since last request: 0.000017 seconds.
  path: Assets/Assets/Ceiling_Security_Camera/Security_Ceiling_Camera_DefaultMaterial_MetallicSmoothness.png
  artifactKey: Guid(0728c532dd22f9442b16f5069c93c4d7) Importer(2089858483,0ecaa5967403d082aa24f35e1b516d23)
Start importing Assets/Assets/Ceiling_Security_Camera/Security_Ceiling_Camera_DefaultMaterial_MetallicSmoothness.png using Guid(0728c532dd22f9442b16f5069c93c4d7) Importer(2089858483,0ecaa5967403d082aa24f35e1b516d23)  -> (artifact id: 'e32e422f5d2a22ad16f47ceef56b81e7') in 0.113938 seconds
Number of updated asset objects reloaded before import = 0
Number of asset objects unloaded after import = 1
========================================================================
Received Import Request.
  Time since last request: 0.000180 seconds.
  path: Assets/Signals/Complete Hint.signal
  artifactKey: Guid(4826cc66b842af34ea4aef01390c59a8) Importer(2089858483,0ecaa5967403d082aa24f35e1b516d23)
Start importing Assets/Signals/Complete Hint.signal using Guid(4826cc66b842af34ea4aef01390c59a8) Importer(2089858483,0ecaa5967403d082aa24f35e1b516d23)  -> (artifact id: '0479fdf556a4d12485f3a8e14b3ba6b5') in 0.015435 seconds
Number of updated asset objects reloaded before import = 0
Number of asset objects unloaded after import = 1
========================================================================
Received Import Request.
  Time since last request: 0.000032 seconds.
  path: Assets/Assets/Cylinder_Tank/Cylinder_Tank_Material.063_Emission.png
  artifactKey: Guid(759cc87e78d689741ad68a1e18d3ab13) Importer(2089858483,0ecaa5967403d082aa24f35e1b516d23)
Start importing Assets/Assets/Cylinder_Tank/Cylinder_Tank_Material.063_Emission.png using Guid(759cc87e78d689741ad68a1e18d3ab13) Importer(2089858483,0ecaa5967403d082aa24f35e1b516d23)  -> (artifact id: '65f4b4b944dcaaa8a0b3490d2958b45a') in 0.019667 seconds
Number of updated asset objects reloaded before import = 0
Number of asset objects unloaded after import = 1
========================================================================
Received Import Request.
  Time since last request: 0.000016 seconds.
  path: Assets/TutorialInfo/Layout.wlt
  artifactKey: Guid(eabc9546105bf4accac1fd62a63e88e6) Importer(2089858483,0ecaa5967403d082aa24f35e1b516d23)
Start importing Assets/TutorialInfo/Layout.wlt using Guid(eabc9546105bf4accac1fd62a63e88e6) Importer(2089858483,0ecaa5967403d082aa24f35e1b516d23)  -> (artifact id: '8b5d8188c023e507c297ab06748cbd80') in 0.011146 seconds
Number of updated asset objects reloaded before import = 0
Number of asset objects unloaded after import = 1
========================================================================
Received Import Request.
  Time since last request: 0.000020 seconds.
  path: Assets/Assets/Bathtub/Bathtub.fbx
  artifactKey: Guid(56ccefc32c0d66840bf2ba3c1c2e147a) Importer(2089858483,0ecaa5967403d082aa24f35e1b516d23)
Start importing Assets/Assets/Bathtub/Bathtub.fbx using Guid(56ccefc32c0d66840bf2ba3c1c2e147a) Importer(2089858483,0ecaa5967403d082aa24f35e1b516d23)  -> (artifact id: '574da21a889a6c6c824d2712bd1968f6') in 0.051197 seconds
Number of updated asset objects reloaded before import = 0
Number of asset objects unloaded after import = 8
========================================================================
Received Import Request.
  Time since last request: 0.000017 seconds.
  path: Assets/Signals/SetInactive.signal
  artifactKey: Guid(6221166a12838f741b30a33772534a0f) Importer(2089858483,0ecaa5967403d082aa24f35e1b516d23)
Start importing Assets/Signals/SetInactive.signal using Guid(6221166a12838f741b30a33772534a0f) Importer(2089858483,0ecaa5967403d082aa24f35e1b516d23)  -> (artifact id: '9a4fd2ec7c08b4e3d164a3b02bc38fd8') in 0.010818 seconds
Number of updated asset objects reloaded before import = 0
Number of asset objects unloaded after import = 1
========================================================================
Received Import Request.
  Time since last request: 0.000022 seconds.
  path: Assets/Assets/Bathtub/Bathtub_Material.012_SpecularSmoothness.1001.png
  artifactKey: Guid(c568038452773d04c9573f563a2e2831) Importer(2089858483,0ecaa5967403d082aa24f35e1b516d23)
Start importing Assets/Assets/Bathtub/Bathtub_Material.012_SpecularSmoothness.1001.png using Guid(c568038452773d04c9573f563a2e2831) Importer(2089858483,0ecaa5967403d082aa24f35e1b516d23)  -> (artifact id: 'ddacdc77de1855e63176230e0abb9e80') in 0.078965 seconds
Number of updated asset objects reloaded before import = 0
Number of asset objects unloaded after import = 1
========================================================================
Received Import Request.
  Time since last request: 0.000031 seconds.
  path: Assets/Scenes/Level2Pol.unity
  artifactKey: Guid(5f06518be25de7f4b80d4bea2abeb55b) Importer(2089858483,0ecaa5967403d082aa24f35e1b516d23)
Start importing Assets/Scenes/Level2Pol.unity using Guid(5f06518be25de7f4b80d4bea2abeb55b) Importer(2089858483,0ecaa5967403d082aa24f35e1b516d23)  -> (artifact id: '8b9f9af45beb8301514bc99d3b95ebc6') in 0.014753 seconds
Number of updated asset objects reloaded before import = 0
Number of asset objects unloaded after import = 1
========================================================================
Received Import Request.
  Time since last request: 0.000070 seconds.
  path: Assets/Prefabs/Wire_Gate.prefab
  artifactKey: Guid(dd4aa035b0d34444bb96545798262f9b) Importer(2089858483,0ecaa5967403d082aa24f35e1b516d23)
Start importing Assets/Prefabs/Wire_Gate.prefab using Guid(dd4aa035b0d34444bb96545798262f9b) Importer(2089858483,0ecaa5967403d082aa24f35e1b516d23)  -> (artifact id: '3cf496e0b42ddac8f63d9b3f58f118ae') in 0.014672 seconds
Number of updated asset objects reloaded before import = 0
Number of asset objects unloaded after import = 20
========================================================================
Received Import Request.
  Time since last request: 0.000021 seconds.
  path: Assets/Settings/URP-Performant.asset
  artifactKey: Guid(d0e2fc18fe036412f8223b3b3d9ad574) Importer(2089858483,0ecaa5967403d082aa24f35e1b516d23)
Start importing Assets/Settings/URP-Performant.asset using Guid(d0e2fc18fe036412f8223b3b3d9ad574) Importer(2089858483,0ecaa5967403d082aa24f35e1b516d23)  -> (artifact id: 'e9155de09766d9423606997aa2373544') in 0.024295 seconds
Number of updated asset objects reloaded before import = 0
Number of asset objects unloaded after import = 2
========================================================================
Received Import Request.
  Time since last request: 0.000015 seconds.
  path: Assets/Settings/URP-HighFidelity.asset
  artifactKey: Guid(7b7fd9122c28c4d15b667c7040e3b3fd) Importer(2089858483,0ecaa5967403d082aa24f35e1b516d23)
Start importing Assets/Settings/URP-HighFidelity.asset using Guid(7b7fd9122c28c4d15b667c7040e3b3fd) Importer(2089858483,0ecaa5967403d082aa24f35e1b516d23)  -> (artifact id: '383eae7ccf40ccc09275cb7fe69be47c') in 0.018765 seconds
Number of updated asset objects reloaded before import = 0
Number of asset objects unloaded after import = 1
========================================================================
Received Import Request.
  Time since last request: 0.000017 seconds.
  path: Assets/Assets/Door/Door_Material.044_MetallicSmoothness.png
  artifactKey: Guid(2e7179a416d4abd458770a48f05679d1) Importer(2089858483,0ecaa5967403d082aa24f35e1b516d23)
Start importing Assets/Assets/Door/Door_Material.044_MetallicSmoothness.png using Guid(2e7179a416d4abd458770a48f05679d1) Importer(2089858483,0ecaa5967403d082aa24f35e1b516d23)  -> (artifact id: 'e0b5fed5ecbe927c5051195bc753eb37') in 0.096194 seconds
Number of updated asset objects reloaded before import = 0
Number of asset objects unloaded after import = 1
========================================================================
Received Import Request.
  Time since last request: 0.000019 seconds.
  path: Assets/Assets/Door/Door_Material.043_Emission.png
  artifactKey: Guid(18c55a15b8207aa4b8955cde0a5e633d) Importer(2089858483,0ecaa5967403d082aa24f35e1b516d23)
Start importing Assets/Assets/Door/Door_Material.043_Emission.png using Guid(18c55a15b8207aa4b8955cde0a5e633d) Importer(2089858483,0ecaa5967403d082aa24f35e1b516d23)  -> (artifact id: '22b404087775543066e682a9d7fd0903') in 0.083506 seconds
Number of updated asset objects reloaded before import = 0
Number of asset objects unloaded after import = 1
========================================================================
Received Import Request.
  Time since last request: 0.000034 seconds.
  path: Assets/Assets/Door/Door_Material.016_Emission.png
  artifactKey: Guid(5e077a5ce6bc7f44c938665d63af3f3b) Importer(2089858483,0ecaa5967403d082aa24f35e1b516d23)
Start importing Assets/Assets/Door/Door_Material.016_Emission.png using Guid(5e077a5ce6bc7f44c938665d63af3f3b) Importer(2089858483,0ecaa5967403d082aa24f35e1b516d23)  -> (artifact id: '4cf2058bf2480888c76b77eb7ad9c78f') in 0.061514 seconds
Number of updated asset objects reloaded before import = 0
Number of asset objects unloaded after import = 1
========================================================================
Received Import Request.
  Time since last request: 0.000021 seconds.
  path: Assets/Assets/Hospital_Curtain/Hospital_Curtains_Material.059_MetallicSmoothness.png
  artifactKey: Guid(dceb87fa2626164449594a9ccc5f396d) Importer(2089858483,0ecaa5967403d082aa24f35e1b516d23)
Start importing Assets/Assets/Hospital_Curtain/Hospital_Curtains_Material.059_MetallicSmoothness.png using Guid(dceb87fa2626164449594a9ccc5f396d) Importer(2089858483,0ecaa5967403d082aa24f35e1b516d23)  -> (artifact id: '1fd3325d9a9c36ccd697c3b083af17e1') in 0.021996 seconds
Number of updated asset objects reloaded before import = 0
Number of asset objects unloaded after import = 1
========================================================================
Received Import Request.
  Time since last request: 0.000018 seconds.
  path: Assets/Assets/Bathtub/Bathtub_Material.012_Emission.1001.png
  artifactKey: Guid(5bcbf88f5943c804ba4120fdfca19716) Importer(2089858483,0ecaa5967403d082aa24f35e1b516d23)
Start importing Assets/Assets/Bathtub/Bathtub_Material.012_Emission.1001.png using Guid(5bcbf88f5943c804ba4120fdfca19716) Importer(2089858483,0ecaa5967403d082aa24f35e1b516d23)  -> (artifact id: 'c5898e4935e9abe7e06e8f3918d62b41') in 0.046702 seconds
Number of updated asset objects reloaded before import = 0
Number of asset objects unloaded after import = 1
========================================================================
Received Import Request.
  Time since last request: 0.000018 seconds.
  path: Assets/LEVEL_2_3 MAP TEXTURE/LEVEL 2 AND 3 V2_DefaultMaterial_Emission.1001.png
  artifactKey: Guid(bc2b615d240c9ed419e256ffb17d6109) Importer(2089858483,0ecaa5967403d082aa24f35e1b516d23)
Start importing Assets/LEVEL_2_3 MAP TEXTURE/LEVEL 2 AND 3 V2_DefaultMaterial_Emission.1001.png using Guid(bc2b615d240c9ed419e256ffb17d6109) Importer(2089858483,0ecaa5967403d082aa24f35e1b516d23)  -> (artifact id: '3f3aaf6f6e91d38a9978d429ab7a4f97') in 0.019811 seconds
Number of updated asset objects reloaded before import = 0
Number of asset objects unloaded after import = 1
========================================================================
Received Import Request.
  Time since last request: 0.000016 seconds.
  path: Assets/Assets/Bed/medbay bed_DefaultMaterial_Normal.1001.png
  artifactKey: Guid(e9246d2203377214bb2da23954238c28) Importer(2089858483,0ecaa5967403d082aa24f35e1b516d23)
Start importing Assets/Assets/Bed/medbay bed_DefaultMaterial_Normal.1001.png using Guid(e9246d2203377214bb2da23954238c28) Importer(2089858483,0ecaa5967403d082aa24f35e1b516d23)  -> (artifact id: 'b78ccfc53c3eccf1893f7dacdf709b12') in 0.021627 seconds
Number of updated asset objects reloaded before import = 0
Number of asset objects unloaded after import = 1
========================================================================
Received Import Request.
  Time since last request: 0.000019 seconds.
  path: Assets/Prefabs/DeathScreen.prefab
  artifactKey: Guid(285e074d9ba887446ba0a064a58e3557) Importer(2089858483,0ecaa5967403d082aa24f35e1b516d23)
Start importing Assets/Prefabs/DeathScreen.prefab using Guid(285e074d9ba887446ba0a064a58e3557) Importer(2089858483,0ecaa5967403d082aa24f35e1b516d23)  -> (artifact id: 'a876e877ac5c452434a345ae8d84419d') in 0.071429 seconds
Number of updated asset objects reloaded before import = 0
Number of asset objects unloaded after import = 42
========================================================================
Received Import Request.
  Time since last request: 0.000025 seconds.
  path: Assets/Assets/Door/Door_Material.016_AmbientOcclusion.png
  artifactKey: Guid(7248140b4f9d4964b8aed4e1e581971f) Importer(2089858483,0ecaa5967403d082aa24f35e1b516d23)
Start importing Assets/Assets/Door/Door_Material.016_AmbientOcclusion.png using Guid(7248140b4f9d4964b8aed4e1e581971f) Importer(2089858483,0ecaa5967403d082aa24f35e1b516d23)  -> (artifact id: '380e19896fc770f042f627aab9dddd68') in 0.072049 seconds
Number of updated asset objects reloaded before import = 0
Number of asset objects unloaded after import = 1
========================================================================
Received Import Request.
  Time since last request: 0.000016 seconds.
  path: Assets/Scenes/New Scene.unity
  artifactKey: Guid(8088bf22089713944996da37044f3898) Importer(2089858483,0ecaa5967403d082aa24f35e1b516d23)
Start importing Assets/Scenes/New Scene.unity using Guid(8088bf22089713944996da37044f3898) Importer(2089858483,0ecaa5967403d082aa24f35e1b516d23)  -> (artifact id: '839d102c9e1474976328e73c69975236') in 0.013071 seconds
Number of updated asset objects reloaded before import = 0
Number of asset objects unloaded after import = 1
========================================================================
Received Import Request.
  Time since last request: 0.000016 seconds.
  path: Assets/Assets/Door/Door_Material.044_AmbientOcclusion.png
  artifactKey: Guid(08ea6175273c244498185fbdb3c7b7b2) Importer(2089858483,0ecaa5967403d082aa24f35e1b516d23)
Start importing Assets/Assets/Door/Door_Material.044_AmbientOcclusion.png using Guid(08ea6175273c244498185fbdb3c7b7b2) Importer(2089858483,0ecaa5967403d082aa24f35e1b516d23)  -> (artifact id: '100d64d7a7b37b6021065d234a19b68e') in 0.052258 seconds
Number of updated asset objects reloaded before import = 0
Number of asset objects unloaded after import = 1
========================================================================
Received Import Request.
  Time since last request: 0.000024 seconds.
  path: Assets/Assets/Hospital_Curtain/Hospital_Curtains_Material.059_Emission.png
  artifactKey: Guid(4cc4ac2d3dd3f8745a36971ad015abbd) Importer(2089858483,0ecaa5967403d082aa24f35e1b516d23)
Start importing Assets/Assets/Hospital_Curtain/Hospital_Curtains_Material.059_Emission.png using Guid(4cc4ac2d3dd3f8745a36971ad015abbd) Importer(2089858483,0ecaa5967403d082aa24f35e1b516d23)  -> (artifact id: '6f36f4b8650e2bc0d49fa2e7286ad112') in 0.020466 seconds
Number of updated asset objects reloaded before import = 0
Number of asset objects unloaded after import = 1
========================================================================
Received Import Request.
  Time since last request: 0.000033 seconds.
  path: Assets/Prefabs/TriggerToNextScene.prefab
  artifactKey: Guid(bd0f1922392f5a542bffa7cbffcc95e0) Importer(2089858483,0ecaa5967403d082aa24f35e1b516d23)
Start importing Assets/Prefabs/TriggerToNextScene.prefab using Guid(bd0f1922392f5a542bffa7cbffcc95e0) Importer(2089858483,0ecaa5967403d082aa24f35e1b516d23)  -> (artifact id: 'f889599c2683d9aa847265ca29de063f') in 0.019177 seconds
Number of updated asset objects reloaded before import = 0
Number of asset objects unloaded after import = 8
========================================================================
Received Import Request.
  Time since last request: 0.000026 seconds.
  path: Assets/Scenes/Level2abbi.unity
  artifactKey: Guid(43aa7845ca8f1564cab5b9d27731e6d7) Importer(2089858483,0ecaa5967403d082aa24f35e1b516d23)
Start importing Assets/Scenes/Level2abbi.unity using Guid(43aa7845ca8f1564cab5b9d27731e6d7) Importer(2089858483,0ecaa5967403d082aa24f35e1b516d23)  -> (artifact id: 'ff33d426adde5b0d1851dec5c67f3bc6') in 0.011279 seconds
Number of updated asset objects reloaded before import = 0
Number of asset objects unloaded after import = 1
========================================================================
Received Import Request.
  Time since last request: 0.000053 seconds.
  path: Assets/Materials/blood splatter.mat
  artifactKey: Guid(43ca3e84bbc11e84984ca16378ff832f) Importer(2089858483,0ecaa5967403d082aa24f35e1b516d23)
Start importing Assets/Materials/blood splatter.mat using Guid(43ca3e84bbc11e84984ca16378ff832f) Importer(2089858483,0ecaa5967403d082aa24f35e1b516d23)  -> (artifact id: '26de1dc4861f16120fadcaa93adcfc16') in 0.029398 seconds
Number of updated asset objects reloaded before import = 0
Number of asset objects unloaded after import = 2
========================================================================
Received Import Request.
  Time since last request: 0.000016 seconds.
  path: Assets/Prefabs/Systems.prefab
  artifactKey: Guid(1a32bb5aaf21df040a86121d1db770fb) Importer(2089858483,0ecaa5967403d082aa24f35e1b516d23)
Start importing Assets/Prefabs/Systems.prefab using Guid(1a32bb5aaf21df040a86121d1db770fb) Importer(2089858483,0ecaa5967403d082aa24f35e1b516d23)  -> (artifact id: 'aa0bd1e003fb84a70a777b0014cfc541') in 0.065097 seconds
Number of updated asset objects reloaded before import = 0
Number of asset objects unloaded after import = 133
========================================================================
Received Import Request.
  Time since last request: 0.000026 seconds.
  path: Assets/Assets/Hospital_Curtain/Hospital_Curtains_Material.060_AlbedoTransparency.png
  artifactKey: Guid(abf0ed6726e65894b91c5525fc157361) Importer(2089858483,0ecaa5967403d082aa24f35e1b516d23)
Start importing Assets/Assets/Hospital_Curtain/Hospital_Curtains_Material.060_AlbedoTransparency.png using Guid(abf0ed6726e65894b91c5525fc157361) Importer(2089858483,0ecaa5967403d082aa24f35e1b516d23)  -> (artifact id: '14f62378416f74afb15f1b7c5c1cb6fd') in 0.103763 seconds
Number of updated asset objects reloaded before import = 0
Number of asset objects unloaded after import = 1
========================================================================
Received Import Request.
  Time since last request: 0.000017 seconds.
  path: Assets/Assets/Kitchen_Fridge/Kitchen_Fridge_Material.052_Emission.png
  artifactKey: Guid(909c1d4140cc2754e9dd689179de6a6b) Importer(2089858483,0ecaa5967403d082aa24f35e1b516d23)
Start importing Assets/Assets/Kitchen_Fridge/Kitchen_Fridge_Material.052_Emission.png using Guid(909c1d4140cc2754e9dd689179de6a6b) Importer(2089858483,0ecaa5967403d082aa24f35e1b516d23)  -> (artifact id: '549f248780bfc644017a8e50ecab3ed4') in 0.149647 seconds
Number of updated asset objects reloaded before import = 0
Number of asset objects unloaded after import = 1
========================================================================
Received Import Request.
  Time since last request: 0.000025 seconds.
  path: Assets/Assets/Kitchen_Fridge/Kitchen_Fridge_Material.052_AmbientOcclusion.png
  artifactKey: Guid(b847fc539affdf947be373764cc468d6) Importer(2089858483,0ecaa5967403d082aa24f35e1b516d23)
Start importing Assets/Assets/Kitchen_Fridge/Kitchen_Fridge_Material.052_AmbientOcclusion.png using Guid(b847fc539affdf947be373764cc468d6) Importer(2089858483,0ecaa5967403d082aa24f35e1b516d23)  -> (artifact id: 'ae5fbba4f498aa8890557acac8940eb0') in 0.144580 seconds
Number of updated asset objects reloaded before import = 0
Number of asset objects unloaded after import = 1
========================================================================
Received Import Request.
  Time since last request: 0.000021 seconds.
  path: Assets/Assets/Kitchen_Sink/Kitchen_Sink_Material.050_AmbientOcclusion.png
  artifactKey: Guid(bd73680184866a642b0ca61354eb8dfe) Importer(2089858483,0ecaa5967403d082aa24f35e1b516d23)
Start importing Assets/Assets/Kitchen_Sink/Kitchen_Sink_Material.050_AmbientOcclusion.png using Guid(bd73680184866a642b0ca61354eb8dfe) Importer(2089858483,0ecaa5967403d082aa24f35e1b516d23)  -> (artifact id: '3c118c127e21f69f117b768de5512e2f') in 0.365391 seconds
Number of updated asset objects reloaded before import = 0
Number of asset objects unloaded after import = 1
========================================================================
Received Import Request.
  Time since last request: 0.000029 seconds.
  path: Assets/Assets/ID_Scanner/ID_Scanner_Slim_Material.042_MetallicSmoothness.png
  artifactKey: Guid(ccf59abc145f1a14d96f5fd0697010c3) Importer(2089858483,0ecaa5967403d082aa24f35e1b516d23)
Start importing Assets/Assets/ID_Scanner/ID_Scanner_Slim_Material.042_MetallicSmoothness.png using Guid(ccf59abc145f1a14d96f5fd0697010c3) Importer(2089858483,0ecaa5967403d082aa24f35e1b516d23)  -> (artifact id: '5a025956c8e9013b53d8aa2e281d380f') in 0.018457 seconds
Number of updated asset objects reloaded before import = 0
Number of asset objects unloaded after import = 1
========================================================================
Received Import Request.
  Time since last request: 0.000021 seconds.
  path: Assets/Assets/Bathtub/Bathtub_Material.012_AlbedoTransparency.1001.png
  artifactKey: Guid(96a39456f6144fa4aa74132ab390b126) Importer(2089858483,0ecaa5967403d082aa24f35e1b516d23)
Start importing Assets/Assets/Bathtub/Bathtub_Material.012_AlbedoTransparency.1001.png using Guid(96a39456f6144fa4aa74132ab390b126) Importer(2089858483,0ecaa5967403d082aa24f35e1b516d23)  -> (artifact id: 'dacc2acf3f0617b6defb224ccbdf14ae') in 0.062038 seconds
Number of updated asset objects reloaded before import = 0
Number of asset objects unloaded after import = 1
========================================================================
Received Import Request.
  Time since last request: 0.000019 seconds.
  path: Assets/Assets/Kitchen_Sink/Kitchen_Sink_Material.051_Emission.png
  artifactKey: Guid(690709a99c554244aa3671fb2abbc953) Importer(2089858483,0ecaa5967403d082aa24f35e1b516d23)
Start importing Assets/Assets/Kitchen_Sink/Kitchen_Sink_Material.051_Emission.png using Guid(690709a99c554244aa3671fb2abbc953) Importer(2089858483,0ecaa5967403d082aa24f35e1b516d23)  -> (artifact id: 'da1382cf2defa8383c39a73f5751fb21') in 0.052956 seconds
Number of updated asset objects reloaded before import = 0
Number of asset objects unloaded after import = 1
========================================================================
Received Import Request.
  Time since last request: 0.000024 seconds.
  path: Assets/Assets/Kitchen_Sink/Kitchen_Sink_Material.051_MetallicSmoothness.png
  artifactKey: Guid(9382d689709af7b43bad5ba6cf2f1b32) Importer(2089858483,0ecaa5967403d082aa24f35e1b516d23)
Start importing Assets/Assets/Kitchen_Sink/Kitchen_Sink_Material.051_MetallicSmoothness.png using Guid(9382d689709af7b43bad5ba6cf2f1b32) Importer(2089858483,0ecaa5967403d082aa24f35e1b516d23)  -> (artifact id: 'b23b69b0bffde72ff4c43fc45976c19c') in 0.310296 seconds
Number of updated asset objects reloaded before import = 0
Number of asset objects unloaded after import = 1
========================================================================
Received Import Request.
  Time since last request: 0.000026 seconds.
  path: Assets/Assets/Laboratory_Table/Laboratory_Table_Material.023_AmbientOcclusion.png
  artifactKey: Guid(dcc8d6e89e14bf24b8958e32a051631d) Importer(2089858483,0ecaa5967403d082aa24f35e1b516d23)
Start importing Assets/Assets/Laboratory_Table/Laboratory_Table_Material.023_AmbientOcclusion.png using Guid(dcc8d6e89e14bf24b8958e32a051631d) Importer(2089858483,0ecaa5967403d082aa24f35e1b516d23)  -> (artifact id: '3ef652a86e4c995441e1779c56ecad02') in 0.016386 seconds
Number of updated asset objects reloaded before import = 0
Number of asset objects unloaded after import = 1
========================================================================
Received Import Request.
  Time since last request: 0.000017 seconds.
  path: Assets/Assets/Laboratory_Table/Laboratory_Table.fbx
  artifactKey: Guid(0ecfda2810478fb4cb0aa5b0cab7eeb4) Importer(2089858483,0ecaa5967403d082aa24f35e1b516d23)
Start importing Assets/Assets/Laboratory_Table/Laboratory_Table.fbx using Guid(0ecfda2810478fb4cb0aa5b0cab7eeb4) Importer(2089858483,0ecaa5967403d082aa24f35e1b516d23)  -> (artifact id: 'e7df15ec39461aeed4586c45f70f8747') in 0.146882 seconds
Number of updated asset objects reloaded before import = 0
Number of asset objects unloaded after import = 34
========================================================================
Received Import Request.
  Time since last request: 0.000022 seconds.
  path: Assets/New Folder/New Material.mat
  artifactKey: Guid(8a56dd814a92a3742bcc614948aad193) Importer(2089858483,0ecaa5967403d082aa24f35e1b516d23)
Start importing Assets/New Folder/New Material.mat using Guid(8a56dd814a92a3742bcc614948aad193) Importer(2089858483,0ecaa5967403d082aa24f35e1b516d23)  -> (artifact id: 'f6138b57e06b90ebfac71a0cc5579189') in 0.250360 seconds
Number of updated asset objects reloaded before import = 0
Number of asset objects unloaded after import = 5
========================================================================
Received Import Request.
  Time since last request: 0.000028 seconds.
  path: Assets/Settings/URP-HighFidelity-Renderer.asset
  artifactKey: Guid(c40be3174f62c4acf8c1216858c64956) Importer(2089858483,0ecaa5967403d082aa24f35e1b516d23)
Start importing Assets/Settings/URP-HighFidelity-Renderer.asset using Guid(c40be3174f62c4acf8c1216858c64956) Importer(2089858483,0ecaa5967403d082aa24f35e1b516d23)  -> (artifact id: 'e72f14bbaa02ae8841bf27f99b0b79e8') in 0.025356 seconds
Number of updated asset objects reloaded before import = 0
Number of asset objects unloaded after import = 1
========================================================================
Received Import Request.
  Time since last request: 0.000017 seconds.
  path: Assets/Assets/Laboratory_Table/Laboratory_Table_Material.023_AlbedoTransparency.png
  artifactKey: Guid(948cab44ecb671545926f1a4d127a4b2) Importer(2089858483,0ecaa5967403d082aa24f35e1b516d23)
Start importing Assets/Assets/Laboratory_Table/Laboratory_Table_Material.023_AlbedoTransparency.png using Guid(948cab44ecb671545926f1a4d127a4b2) Importer(2089858483,0ecaa5967403d082aa24f35e1b516d23)  -> (artifact id: '6364402a406b7d2d70dd1ed17a7c1cff') in 0.018112 seconds
Number of updated asset objects reloaded before import = 0
Number of asset objects unloaded after import = 1
========================================================================
Received Import Request.
  Time since last request: 0.000019 seconds.
  path: Assets/Prefabs/Canvases.prefab
  artifactKey: Guid(18869f980b3d03f47a689a3a9a4b9619) Importer(2089858483,0ecaa5967403d082aa24f35e1b516d23)
Start importing Assets/Prefabs/Canvases.prefab using Guid(18869f980b3d03f47a689a3a9a4b9619) Importer(2089858483,0ecaa5967403d082aa24f35e1b516d23)  -> (artifact id: 'fbadc21012d4c7c4124ad2a6ae82e87a') in 0.182435 seconds
Number of updated asset objects reloaded before import = 0
Number of asset objects unloaded after import = 58
========================================================================
Received Import Request.
  Time since last request: 0.000019 seconds.
  path: Assets/Assets/Laboratory_Table/Laboratory_Table_Material.055_Normal.png
  artifactKey: Guid(387cda7e382192846b5d031c152041a1) Importer(2089858483,0ecaa5967403d082aa24f35e1b516d23)
Start importing Assets/Assets/Laboratory_Table/Laboratory_Table_Material.055_Normal.png using Guid(387cda7e382192846b5d031c152041a1) Importer(2089858483,0ecaa5967403d082aa24f35e1b516d23)  -> (artifact id: '7d554ae1f038a5fd47366e1fd1a15114') in 0.021096 seconds
Number of updated asset objects reloaded before import = 0
Number of asset objects unloaded after import = 1
========================================================================
Received Import Request.
  Time since last request: 0.000026 seconds.
  path: Assets/Assets/Laboratory_Table/Laboratory_Table_Material.056_Emission.png
  artifactKey: Guid(cfd468f70b43d5d428bfa2f0a6028820) Importer(2089858483,0ecaa5967403d082aa24f35e1b516d23)
Start importing Assets/Assets/Laboratory_Table/Laboratory_Table_Material.056_Emission.png using Guid(cfd468f70b43d5d428bfa2f0a6028820) Importer(2089858483,0ecaa5967403d082aa24f35e1b516d23)  -> (artifact id: '01f86d717465f93c9c90b864123183ad') in 0.023089 seconds
Number of updated asset objects reloaded before import = 0
Number of asset objects unloaded after import = 1
========================================================================
Received Import Request.
  Time since last request: 0.000016 seconds.
  path: Assets/AQUARIUM LAB TEXTURED/Materials/Aquarium Lab (Layout w fixed UVs) (1)_Material_AlbedoTransparency.1001.mat
  artifactKey: Guid(88ea8d59f8c07094d92a519690d6d089) Importer(2089858483,0ecaa5967403d082aa24f35e1b516d23)
Start importing Assets/AQUARIUM LAB TEXTURED/Materials/Aquarium Lab (Layout w fixed UVs) (1)_Material_AlbedoTransparency.1001.mat using Guid(88ea8d59f8c07094d92a519690d6d089) Importer(2089858483,0ecaa5967403d082aa24f35e1b516d23)  -> (artifact id: '795a31cc3bd511cedb443ede88dada91') in 0.131846 seconds
Number of updated asset objects reloaded before import = 0
Number of asset objects unloaded after import = 2
========================================================================
Received Import Request.
  Time since last request: 0.000023 seconds.
  path: Assets/Assets/Bathtub/Bathtub_Material.012_Normal.1001.png
  artifactKey: Guid(4ed42a02fb994c84fa7c3d41b2cc741e) Importer(2089858483,0ecaa5967403d082aa24f35e1b516d23)
Start importing Assets/Assets/Bathtub/Bathtub_Material.012_Normal.1001.png using Guid(4ed42a02fb994c84fa7c3d41b2cc741e) Importer(2089858483,0ecaa5967403d082aa24f35e1b516d23)  -> (artifact id: 'ad0246a91e74289325247f501cf936f4') in 0.157136 seconds
Number of updated asset objects reloaded before import = 0
Number of asset objects unloaded after import = 1
========================================================================
Received Import Request.
  Time since last request: 0.000062 seconds.
  path: Assets/Assets/Oxygen_Tank/Oxygen_Tank.fbx
  artifactKey: Guid(c4369b4d6c862ed46bb11602007fd106) Importer(2089858483,0ecaa5967403d082aa24f35e1b516d23)
Start importing Assets/Assets/Oxygen_Tank/Oxygen_Tank.fbx using Guid(c4369b4d6c862ed46bb11602007fd106) Importer(2089858483,0ecaa5967403d082aa24f35e1b516d23)  -> (artifact id: '7676bf61b28e45b3830d87b2b924d909') in 0.023551 seconds
Number of updated asset objects reloaded before import = 0
Number of asset objects unloaded after import = 8
========================================================================
Received Import Request.
  Time since last request: 0.000016 seconds.
  path: Assets/Assets/Laboratory_Table/Laboratory_Table_Material.055_AmbientOcclusion.png
  artifactKey: Guid(7a97fc9fd5cc5694d8289d838d62ba12) Importer(2089858483,0ecaa5967403d082aa24f35e1b516d23)
Start importing Assets/Assets/Laboratory_Table/Laboratory_Table_Material.055_AmbientOcclusion.png using Guid(7a97fc9fd5cc5694d8289d838d62ba12) Importer(2089858483,0ecaa5967403d082aa24f35e1b516d23)  -> (artifact id: '3d335baaf0d129e0f68d1c9095d4677a') in 0.024813 seconds
Number of updated asset objects reloaded before import = 0
Number of asset objects unloaded after import = 1
========================================================================
Received Import Request.
  Time since last request: 0.000023 seconds.
  path: Assets/Materials/phrog_DefaultMaterial_AlbedoTransparency.1001.mat
  artifactKey: Guid(985c3e19497df0241b7ba5430eddf9ce) Importer(2089858483,0ecaa5967403d082aa24f35e1b516d23)
Start importing Assets/Materials/phrog_DefaultMaterial_AlbedoTransparency.1001.mat using Guid(985c3e19497df0241b7ba5430eddf9ce) Importer(2089858483,0ecaa5967403d082aa24f35e1b516d23)  -> (artifact id: '4c84ab24618b8d9124d1b54c3dfa6347') in 0.020891 seconds
Number of updated asset objects reloaded before import = 0
Number of asset objects unloaded after import = 5
========================================================================
Received Import Request.
  Time since last request: 0.000061 seconds.
  path: Assets/New Folder/dead body_low_DefaultMaterial_BaseColor.1001.png
  artifactKey: Guid(cf69664e43d0f3647939f64d9697eec7) Importer(2089858483,0ecaa5967403d082aa24f35e1b516d23)
Start importing Assets/New Folder/dead body_low_DefaultMaterial_BaseColor.1001.png using Guid(cf69664e43d0f3647939f64d9697eec7) Importer(2089858483,0ecaa5967403d082aa24f35e1b516d23)  -> (artifact id: '62165bfb5f9a8b8b0dd635d8f6a45d4d') in 0.022865 seconds
Number of updated asset objects reloaded before import = 0
Number of asset objects unloaded after import = 1
========================================================================
Received Import Request.
  Time since last request: 0.000087 seconds.
  path: Assets/Assets/Door/Door_Material.043_MetallicSmoothness.png
  artifactKey: Guid(5e98590c2ae464f43961991c87cfb558) Importer(2089858483,0ecaa5967403d082aa24f35e1b516d23)
Start importing Assets/Assets/Door/Door_Material.043_MetallicSmoothness.png using Guid(5e98590c2ae464f43961991c87cfb558) Importer(2089858483,0ecaa5967403d082aa24f35e1b516d23)  -> (artifact id: 'e0affd89ec89480faca463bb077b640f') in 0.105583 seconds
Number of updated asset objects reloaded before import = 0
Number of asset objects unloaded after import = 1
========================================================================
Received Import Request.
  Time since last request: 0.000032 seconds.
  path: Assets/Prefabs/DialogueBoxSystem 1.prefab
  artifactKey: Guid(e2b7e435cfc08304c8d76004cfc8d8b4) Importer(2089858483,0ecaa5967403d082aa24f35e1b516d23)
Start importing Assets/Prefabs/DialogueBoxSystem 1.prefab using Guid(e2b7e435cfc08304c8d76004cfc8d8b4) Importer(2089858483,0ecaa5967403d082aa24f35e1b516d23)  -> (artifact id: '1bc5313777f8977430eb0e4b396aa9bd') in 0.049582 seconds
Number of updated asset objects reloaded before import = 0
Number of asset objects unloaded after import = 25
========================================================================
Received Import Request.
  Time since last request: 0.000026 seconds.
  path: Assets/LEVEL_2_3 MAP TEXTURE/New Material 1.mat
  artifactKey: Guid(a74d90d9e657c96459bffc265ce325d4) Importer(2089858483,0ecaa5967403d082aa24f35e1b516d23)
Start importing Assets/LEVEL_2_3 MAP TEXTURE/New Material 1.mat using Guid(a74d90d9e657c96459bffc265ce325d4) Importer(2089858483,0ecaa5967403d082aa24f35e1b516d23)  -> (artifact id: 'aa4e9f6cdcd5a763343ecb686def0310') in 0.064436 seconds
Number of updated asset objects reloaded before import = 0
Number of asset objects unloaded after import = 3
========================================================================
Received Import Request.
  Time since last request: 0.000031 seconds.
  path: Assets/Materials/Lever Mechanics.png
  artifactKey: Guid(0e9fd50d29f9a2b43bc1ba49466f0781) Importer(2089858483,0ecaa5967403d082aa24f35e1b516d23)
Start importing Assets/Materials/Lever Mechanics.png using Guid(0e9fd50d29f9a2b43bc1ba49466f0781) Importer(2089858483,0ecaa5967403d082aa24f35e1b516d23)  -> (artifact id: 'd16ceebc1bffd5af04040f04877fa33c') in 0.023741 seconds
Number of updated asset objects reloaded before import = 0
Number of asset objects unloaded after import = 1
========================================================================
Received Import Request.
  Time since last request: 0.000020 seconds.
  path: Assets/Signals/EnableMovement.signal
  artifactKey: Guid(26e86fc2efbcc1d48925fbe29a5c5280) Importer(2089858483,0ecaa5967403d082aa24f35e1b516d23)
Start importing Assets/Signals/EnableMovement.signal using Guid(26e86fc2efbcc1d48925fbe29a5c5280) Importer(2089858483,0ecaa5967403d082aa24f35e1b516d23)  -> (artifact id: '537c726c5131cc52ca60bcfe242f0208') in 0.014413 seconds
Number of updated asset objects reloaded before import = 0
Number of asset objects unloaded after import = 1
========================================================================
Received Import Request.
  Time since last request: 0.000019 seconds.
  path: Assets/Assets/Kitchen_Stove/Kitchen_Stove_DefaultMaterial_MetallicSmoothness.1001.png
  artifactKey: Guid(013a7ca4d94e84e4c91fe3af075f6a4d) Importer(2089858483,0ecaa5967403d082aa24f35e1b516d23)
Start importing Assets/Assets/Kitchen_Stove/Kitchen_Stove_DefaultMaterial_MetallicSmoothness.1001.png using Guid(013a7ca4d94e84e4c91fe3af075f6a4d) Importer(2089858483,0ecaa5967403d082aa24f35e1b516d23)  -> (artifact id: 'f2f1937eb821da1faa71d9d295b8c074') in 0.077979 seconds
Number of updated asset objects reloaded before import = 0
Number of asset objects unloaded after import = 1
========================================================================
Received Import Request.
  Time since last request: 0.000025 seconds.
  path: Assets/Assets/Rectangle_Tank_2/Rectangle_Tank_2_Material.065_AmbientOcclusion.png
  artifactKey: Guid(6b892531b3b5d154d91c7f2ee8b1d375) Importer(2089858483,0ecaa5967403d082aa24f35e1b516d23)
Start importing Assets/Assets/Rectangle_Tank_2/Rectangle_Tank_2_Material.065_AmbientOcclusion.png using Guid(6b892531b3b5d154d91c7f2ee8b1d375) Importer(2089858483,0ecaa5967403d082aa24f35e1b516d23)  -> (artifact id: '40a80e8db531bfeee316c4d85e99b77a') in 0.045538 seconds
Number of updated asset objects reloaded before import = 0
Number of asset objects unloaded after import = 1
========================================================================
Received Import Request.
  Time since last request: 0.000026 seconds.
  path: Assets/Assets/Rectangle_Tank_1/Rectangle_Tank_1_Material.064_AlbedoTransparency.png
  artifactKey: Guid(402fea3e3fc31c54d85d2ae9f64f4ce0) Importer(2089858483,0ecaa5967403d082aa24f35e1b516d23)
Start importing Assets/Assets/Rectangle_Tank_1/Rectangle_Tank_1_Material.064_AlbedoTransparency.png using Guid(402fea3e3fc31c54d85d2ae9f64f4ce0) Importer(2089858483,0ecaa5967403d082aa24f35e1b516d23)  -> (artifact id: 'acc4d272d554784dd4840faa15666966') in 0.041803 seconds
Number of updated asset objects reloaded before import = 0
Number of asset objects unloaded after import = 1
========================================================================
Received Import Request.
  Time since last request: 0.000021 seconds.
  path: Assets/Assets/Rectangle_Tank_2/Rectangle_Tank_2_Material.065_Emission.png
  artifactKey: Guid(88ecb5788f1868f468f03e4889bc58dd) Importer(2089858483,0ecaa5967403d082aa24f35e1b516d23)
Start importing Assets/Assets/Rectangle_Tank_2/Rectangle_Tank_2_Material.065_Emission.png using Guid(88ecb5788f1868f468f03e4889bc58dd) Importer(2089858483,0ecaa5967403d082aa24f35e1b516d23)  -> (artifact id: '612de84245e2a8784ed33a1aa9371c23') in 0.028663 seconds
Number of updated asset objects reloaded before import = 0
Number of asset objects unloaded after import = 1
========================================================================
Received Import Request.
  Time since last request: 0.000020 seconds.
  path: Assets/Assets/Storage_Locker_1/Storage_Lockers_1_Material.032_AlbedoTransparency.png
  artifactKey: Guid(b33f969ffa176ec478b4413b8eb3ebcf) Importer(2089858483,0ecaa5967403d082aa24f35e1b516d23)
Start importing Assets/Assets/Storage_Locker_1/Storage_Lockers_1_Material.032_AlbedoTransparency.png using Guid(b33f969ffa176ec478b4413b8eb3ebcf) Importer(2089858483,0ecaa5967403d082aa24f35e1b516d23)  -> (artifact id: '12e75939bd221cb0f0dee0f10d79f917') in 0.026832 seconds
Number of updated asset objects reloaded before import = 0
Number of asset objects unloaded after import = 1
========================================================================
Received Import Request.
  Time since last request: 0.000018 seconds.
  path: Assets/Assets/Rectangle_Tank_1/Rectangle_Tank_1_Material.064_AmbientOcclusion.png
  artifactKey: Guid(68ab1e3243560e74bb79cebc97897de8) Importer(2089858483,0ecaa5967403d082aa24f35e1b516d23)
Start importing Assets/Assets/Rectangle_Tank_1/Rectangle_Tank_1_Material.064_AmbientOcclusion.png using Guid(68ab1e3243560e74bb79cebc97897de8) Importer(2089858483,0ecaa5967403d082aa24f35e1b516d23)  -> (artifact id: '0ef63f476411510079f36b73f959fd41') in 0.055023 seconds
Number of updated asset objects reloaded before import = 0
Number of asset objects unloaded after import = 1
========================================================================
Received Import Request.
  Time since last request: 0.000024 seconds.
  path: Assets/Assets/Rectangle_Tank_1/Rectangle_Tank_1_Material.064_MetallicSmoothness.png
  artifactKey: Guid(dda27c15a90e43543955b66cd953371f) Importer(2089858483,0ecaa5967403d082aa24f35e1b516d23)
Start importing Assets/Assets/Rectangle_Tank_1/Rectangle_Tank_1_Material.064_MetallicSmoothness.png using Guid(dda27c15a90e43543955b66cd953371f) Importer(2089858483,0ecaa5967403d082aa24f35e1b516d23)  -> (artifact id: '0b21eea282b62294cbce8408598c027d') in 0.022588 seconds
Number of updated asset objects reloaded before import = 0
Number of asset objects unloaded after import = 1
========================================================================
Received Import Request.
  Time since last request: 0.000017 seconds.
  path: Assets/Assets/Storage_Locker_1/Storage_Lockers_1_Material.034_AmbientOcclusion.png
  artifactKey: Guid(fc2255bfcf761d84783e826721923a96) Importer(2089858483,0ecaa5967403d082aa24f35e1b516d23)
Start importing Assets/Assets/Storage_Locker_1/Storage_Lockers_1_Material.034_AmbientOcclusion.png using Guid(fc2255bfcf761d84783e826721923a96) Importer(2089858483,0ecaa5967403d082aa24f35e1b516d23)  -> (artifact id: 'e084fa0e9c79aed0a2a5be0e10393039') in 0.021155 seconds
Number of updated asset objects reloaded before import = 0
Number of asset objects unloaded after import = 1
========================================================================
Received Import Request.
  Time since last request: 0.000017 seconds.
  path: Assets/Assets/Storage_Locker_1/Storage_Lockers_1_Material.033_AmbientOcclusion.png
  artifactKey: Guid(f1033d10a0003ce48869c44fe9b752b6) Importer(2089858483,0ecaa5967403d082aa24f35e1b516d23)
Start importing Assets/Assets/Storage_Locker_1/Storage_Lockers_1_Material.033_AmbientOcclusion.png using Guid(f1033d10a0003ce48869c44fe9b752b6) Importer(2089858483,0ecaa5967403d082aa24f35e1b516d23)  -> (artifact id: '4fb2c854129addbac00394a4e1d0fe3d') in 0.024116 seconds
Number of updated asset objects reloaded before import = 0
Number of asset objects unloaded after import = 1
========================================================================
Received Import Request.
  Time since last request: 0.000017 seconds.
  path: Assets/Assets/Storage_Locker_2/Storage_Lockers_2.fbx
  artifactKey: Guid(62131a881b525f7489eb61cbfe3f5fec) Importer(2089858483,0ecaa5967403d082aa24f35e1b516d23)
Start importing Assets/Assets/Storage_Locker_2/Storage_Lockers_2.fbx using Guid(62131a881b525f7489eb61cbfe3f5fec) Importer(2089858483,0ecaa5967403d082aa24f35e1b516d23)  -> (artifact id: 'c2281c2f0b3d85cef6e245fdfa3fed5e') in 0.025771 seconds
Number of updated asset objects reloaded before import = 0
Number of asset objects unloaded after import = 16
========================================================================
Received Import Request.
  Time since last request: 0.000019 seconds.
  path: Assets/Assets/Storage_Locker_1/Storage_Lockers_1_Material.033_AlbedoTransparency.png
  artifactKey: Guid(857ae8d796530ca468bc0d5c4ec0ffb0) Importer(2089858483,0ecaa5967403d082aa24f35e1b516d23)
Start importing Assets/Assets/Storage_Locker_1/Storage_Lockers_1_Material.033_AlbedoTransparency.png using Guid(857ae8d796530ca468bc0d5c4ec0ffb0) Importer(2089858483,0ecaa5967403d082aa24f35e1b516d23)  -> (artifact id: '3ea7da1b499cdb728a9d3b9f75b2260a') in 0.025591 seconds
Number of updated asset objects reloaded before import = 0
Number of asset objects unloaded after import = 1
========================================================================
Received Import Request.
  Time since last request: 0.000030 seconds.
  path: Assets/Assets/Storage_Locker_1/Storage_Lockers_1_Material.033_MetallicSmoothness.png
  artifactKey: Guid(00c3fb9658fb4044188660bdb1dcefe4) Importer(2089858483,0ecaa5967403d082aa24f35e1b516d23)
Start importing Assets/Assets/Storage_Locker_1/Storage_Lockers_1_Material.033_MetallicSmoothness.png using Guid(00c3fb9658fb4044188660bdb1dcefe4) Importer(2089858483,0ecaa5967403d082aa24f35e1b516d23)  -> (artifact id: '437bb72e68cb080e125527614b9506f7') in 0.027113 seconds
Number of updated asset objects reloaded before import = 0
Number of asset objects unloaded after import = 1
========================================================================
Received Import Request.
  Time since last request: 0.000021 seconds.
  path: Assets/Assets/Door/Door_Material.016_AlbedoTransparency.png
  artifactKey: Guid(69af633bc11ffb24e9b0aaa265ce7056) Importer(2089858483,0ecaa5967403d082aa24f35e1b516d23)
Start importing Assets/Assets/Door/Door_Material.016_AlbedoTransparency.png using Guid(69af633bc11ffb24e9b0aaa265ce7056) Importer(2089858483,0ecaa5967403d082aa24f35e1b516d23)  -> (artifact id: '42f03bb44f232b91c5c24950d4ff1a44') in 0.060153 seconds
Number of updated asset objects reloaded before import = 0
Number of asset objects unloaded after import = 1
========================================================================
Received Import Request.
  Time since last request: 0.000017 seconds.
  path: Assets/Assets/Oxygen_Tank/Oxygen_Tank_Material.062_AlbedoTransparency.png
  artifactKey: Guid(bce2ebb27dd4f134aa3ac9b8663b9503) Importer(2089858483,0ecaa5967403d082aa24f35e1b516d23)
Start importing Assets/Assets/Oxygen_Tank/Oxygen_Tank_Material.062_AlbedoTransparency.png using Guid(bce2ebb27dd4f134aa3ac9b8663b9503) Importer(2089858483,0ecaa5967403d082aa24f35e1b516d23)  -> (artifact id: 'b2d0d3123dddb0b126ed49eaba1a71ba') in 0.022534 seconds
Number of updated asset objects reloaded before import = 0
Number of asset objects unloaded after import = 1
========================================================================
Received Import Request.
  Time since last request: 0.000019 seconds.
  path: Assets/Assets/Laboratory_Table/Laboratory_Table_Material.023_MetallicSmoothness.png
  artifactKey: Guid(b2e8c08c6f23f4e46a0ca8ff901f82a2) Importer(2089858483,0ecaa5967403d082aa24f35e1b516d23)
Start importing Assets/Assets/Laboratory_Table/Laboratory_Table_Material.023_MetallicSmoothness.png using Guid(b2e8c08c6f23f4e46a0ca8ff901f82a2) Importer(2089858483,0ecaa5967403d082aa24f35e1b516d23)  -> (artifact id: 'd2a977eb3ecc39428a32191261fe2806') in 0.021639 seconds
Number of updated asset objects reloaded before import = 0
Number of asset objects unloaded after import = 1
========================================================================
Received Import Request.
  Time since last request: 0.000019 seconds.
  path: Assets/Assets/Laboratory_Table/Laboratory_Table_Material.057_Normal.png
  artifactKey: Guid(97cc02779c7b7994c8a63e8604fb2c07) Importer(2089858483,0ecaa5967403d082aa24f35e1b516d23)
Start importing Assets/Assets/Laboratory_Table/Laboratory_Table_Material.057_Normal.png using Guid(97cc02779c7b7994c8a63e8604fb2c07) Importer(2089858483,0ecaa5967403d082aa24f35e1b516d23)  -> (artifact id: 'c488d4ff24ae00d04b6be14ba8717b69') in 0.029154 seconds
Number of updated asset objects reloaded before import = 0
Number of asset objects unloaded after import = 1
========================================================================
Received Import Request.
  Time since last request: 0.000019 seconds.
  path: Assets/Assets/ID_Scanner/ID_Scanner_Slim_Material.042_Emission.png
  artifactKey: Guid(5bcefe45151bd68438cf6d55eb83b3e0) Importer(2089858483,0ecaa5967403d082aa24f35e1b516d23)
Start importing Assets/Assets/ID_Scanner/ID_Scanner_Slim_Material.042_Emission.png using Guid(5bcefe45151bd68438cf6d55eb83b3e0) Importer(2089858483,0ecaa5967403d082aa24f35e1b516d23)  -> (artifact id: '4ea0ae4d92041d30c948ef24650e6845') in 0.203787 seconds
Number of updated asset objects reloaded before import = 0
Number of asset objects unloaded after import = 1
========================================================================
Received Import Request.
  Time since last request: 0.000031 seconds.
  path: Assets/RenderTextures/CutsceneSCreen.renderTexture
  artifactKey: Guid(eac8d4bed2b583c4cb815714d9f807e5) Importer(2089858483,0ecaa5967403d082aa24f35e1b516d23)
Start importing Assets/RenderTextures/CutsceneSCreen.renderTexture using Guid(eac8d4bed2b583c4cb815714d9f807e5) Importer(2089858483,0ecaa5967403d082aa24f35e1b516d23)  -> (artifact id: '4fc0ec5cc892ed3e3c3bbebe7f60a871') in 0.022664 seconds
Number of updated asset objects reloaded before import = 0
Number of asset objects unloaded after import = 1
========================================================================
Received Import Request.
  Time since last request: 0.000034 seconds.
  path: Assets/Assets/Cylinder_Tank/Cylinder_Tank_Material.063_MetallicSmoothness.png
  artifactKey: Guid(93a96bedcde82b04181d274bba063ac3) Importer(2089858483,0ecaa5967403d082aa24f35e1b516d23)
Start importing Assets/Assets/Cylinder_Tank/Cylinder_Tank_Material.063_MetallicSmoothness.png using Guid(93a96bedcde82b04181d274bba063ac3) Importer(2089858483,0ecaa5967403d082aa24f35e1b516d23)  -> (artifact id: '897e423b992e4a6ef7205de7966c3394') in 0.034661 seconds
Number of updated asset objects reloaded before import = 0
Number of asset objects unloaded after import = 1
========================================================================
Received Import Request.
  Time since last request: 0.000019 seconds.
  path: Assets/Assets/Ceiling_Security_Camera/Security_Ceiling_Camera_DefaultMaterial_AmbientOcclusion.png
  artifactKey: Guid(cdd0c9aedf345244da8697a393706b58) Importer(2089858483,0ecaa5967403d082aa24f35e1b516d23)
Start importing Assets/Assets/Ceiling_Security_Camera/Security_Ceiling_Camera_DefaultMaterial_AmbientOcclusion.png using Guid(cdd0c9aedf345244da8697a393706b58) Importer(2089858483,0ecaa5967403d082aa24f35e1b516d23)  -> (artifact id: '186bd1a1232cb56b379fe4d58bfc7d29') in 0.175258 seconds
Number of updated asset objects reloaded before import = 0
Number of asset objects unloaded after import = 1
========================================================================
Received Import Request.
  Time since last request: 0.000020 seconds.
  path: Assets/Assets/Table_N_Chair/Table_N_Chair_Material.046_Emission.png
  artifactKey: Guid(6e23206bcc2e8784ba9ac8bd1361a4e6) Importer(2089858483,0ecaa5967403d082aa24f35e1b516d23)
Start importing Assets/Assets/Table_N_Chair/Table_N_Chair_Material.046_Emission.png using Guid(6e23206bcc2e8784ba9ac8bd1361a4e6) Importer(2089858483,0ecaa5967403d082aa24f35e1b516d23)  -> (artifact id: '42d153437767308d8ef994f5d1f6ca4d') in 0.019255 seconds
Number of updated asset objects reloaded before import = 0
Number of asset objects unloaded after import = 1
========================================================================
Received Import Request.
  Time since last request: 0.000029 seconds.
  path: Assets/Assets/Storage_Locker_3/Storage_Lockers_3_Material.039_Normal.png
  artifactKey: Guid(9fd72b06fb2b6c6448c7550ac250e508) Importer(2089858483,0ecaa5967403d082aa24f35e1b516d23)
Start importing Assets/Assets/Storage_Locker_3/Storage_Lockers_3_Material.039_Normal.png using Guid(9fd72b06fb2b6c6448c7550ac250e508) Importer(2089858483,0ecaa5967403d082aa24f35e1b516d23)  -> (artifact id: 'd07eceeb441ce14cbeeb1050b04e766f') in 0.023409 seconds
Number of updated asset objects reloaded before import = 0
Number of asset objects unloaded after import = 1
========================================================================
Received Import Request.
  Time since last request: 0.000017 seconds.
  path: Assets/Assets/Storage_Locker_2/Storage_Lockers_2_Material.035_Emission.png
  artifactKey: Guid(743c3b3fc3bb0eb429c57294cbe961e6) Importer(2089858483,0ecaa5967403d082aa24f35e1b516d23)
Start importing Assets/Assets/Storage_Locker_2/Storage_Lockers_2_Material.035_Emission.png using Guid(743c3b3fc3bb0eb429c57294cbe961e6) Importer(2089858483,0ecaa5967403d082aa24f35e1b516d23)  -> (artifact id: '00aa103ca82e53893364a6587559e5f1') in 0.026425 seconds
Number of updated asset objects reloaded before import = 0
Number of asset objects unloaded after import = 1
========================================================================
Received Import Request.
  Time since last request: 0.000019 seconds.
  path: Assets/Assets/Storage_Locker_2/Storage_Lockers_2_Material.035_MetallicSmoothness.png
  artifactKey: Guid(713c8e34c01295246aaad5be0d76c06d) Importer(2089858483,0ecaa5967403d082aa24f35e1b516d23)
Start importing Assets/Assets/Storage_Locker_2/Storage_Lockers_2_Material.035_MetallicSmoothness.png using Guid(713c8e34c01295246aaad5be0d76c06d) Importer(2089858483,0ecaa5967403d082aa24f35e1b516d23)  -> (artifact id: 'e538a78ee08895c8d5d5498e74a48cdb') in 0.066048 seconds
Number of updated asset objects reloaded before import = 0
Number of asset objects unloaded after import = 1
========================================================================
Received Import Request.
  Time since last request: 0.000018 seconds.
  path: Assets/Assets/Kitchen_Fridge/Kitchen_Fridge_Material.053_AlbedoTransparency.png
  artifactKey: Guid(44fd45aaf6e14a7469600561d1d69460) Importer(2089858483,0ecaa5967403d082aa24f35e1b516d23)
Start importing Assets/Assets/Kitchen_Fridge/Kitchen_Fridge_Material.053_AlbedoTransparency.png using Guid(44fd45aaf6e14a7469600561d1d69460) Importer(2089858483,0ecaa5967403d082aa24f35e1b516d23)  -> (artifact id: '5109ab74d597a69c17e99374fdead8a9') in 0.078902 seconds
Number of updated asset objects reloaded before import = 0
Number of asset objects unloaded after import = 1
========================================================================
Received Import Request.
  Time since last request: 0.000032 seconds.
  path: Assets/Assets/Storage_Locker_3/Storage_Lockers_3_Material.039_AlbedoTransparency.png
  artifactKey: Guid(15d46da46b549854a99bccec52db23e1) Importer(2089858483,0ecaa5967403d082aa24f35e1b516d23)
Start importing Assets/Assets/Storage_Locker_3/Storage_Lockers_3_Material.039_AlbedoTransparency.png using Guid(15d46da46b549854a99bccec52db23e1) Importer(2089858483,0ecaa5967403d082aa24f35e1b516d23)  -> (artifact id: 'fcf08268a99892cef63e4d76d76d2422') in 0.022140 seconds
Number of updated asset objects reloaded before import = 0
Number of asset objects unloaded after import = 1
========================================================================
Received Import Request.
  Time since last request: 0.000023 seconds.
  path: Assets/Assets/Storage_Locker_2/Storage_Lockers_2_Material.036_Normal.png
  artifactKey: Guid(c19f037a6c751da47a17cb8d8b07a3e1) Importer(2089858483,0ecaa5967403d082aa24f35e1b516d23)
Start importing Assets/Assets/Storage_Locker_2/Storage_Lockers_2_Material.036_Normal.png using Guid(c19f037a6c751da47a17cb8d8b07a3e1) Importer(2089858483,0ecaa5967403d082aa24f35e1b516d23)  -> (artifact id: 'cd2e8e35019425abf619398e15e33552') in 0.024448 seconds
Number of updated asset objects reloaded before import = 0
Number of asset objects unloaded after import = 1
========================================================================
Received Import Request.
  Time since last request: 0.000019 seconds.
  path: Assets/Assets/Laboratory_Table/Laboratory_Table_Material.057_AmbientOcclusion.png
  artifactKey: Guid(9ea303b6d40b2b843a6bab3538f6a68a) Importer(2089858483,0ecaa5967403d082aa24f35e1b516d23)
Start importing Assets/Assets/Laboratory_Table/Laboratory_Table_Material.057_AmbientOcclusion.png using Guid(9ea303b6d40b2b843a6bab3538f6a68a) Importer(2089858483,0ecaa5967403d082aa24f35e1b516d23)  -> (artifact id: 'f9d9aeb9135499dbf6f71f81ace93cd1') in 0.022331 seconds
Number of updated asset objects reloaded before import = 0
Number of asset objects unloaded after import = 1
========================================================================
Received Import Request.
  Time since last request: 0.000021 seconds.
  path: Assets/Assets/Kitchen_Sink/Kitchen_Sink.fbx
  artifactKey: Guid(8c616465da6637942a4c18e610c7bb54) Importer(2089858483,0ecaa5967403d082aa24f35e1b516d23)
Start importing Assets/Assets/Kitchen_Sink/Kitchen_Sink.fbx using Guid(8c616465da6637942a4c18e610c7bb54) Importer(2089858483,0ecaa5967403d082aa24f35e1b516d23)  -> (artifact id: 'd1c6d919d8c5bc3598d918b7ec3f4451') in 0.165496 seconds
Number of updated asset objects reloaded before import = 0
Number of asset objects unloaded after import = 22
========================================================================
Received Import Request.
  Time since last request: 0.000031 seconds.
  path: Assets/Assets/Table_N_Chair/Table_N_Chair_Material.047_MetallicSmoothness.png
  artifactKey: Guid(36131400023b5f243b07e0163a2792ff) Importer(2089858483,0ecaa5967403d082aa24f35e1b516d23)
Start importing Assets/Assets/Table_N_Chair/Table_N_Chair_Material.047_MetallicSmoothness.png using Guid(36131400023b5f243b07e0163a2792ff) Importer(2089858483,0ecaa5967403d082aa24f35e1b516d23)  -> (artifact id: 'fb6e62a9ad3db68077376c307df0ef2d') in 0.221770 seconds
Number of updated asset objects reloaded before import = 0
Number of asset objects unloaded after import = 1
========================================================================
Received Import Request.
  Time since last request: 0.000019 seconds.
  path: Assets/Assets/Table_N_Chair/Table_N_Chair_Material.048_MetallicSmoothness.png
  artifactKey: Guid(e15c5114bdd098f4e8bc22e7897bf0b8) Importer(2089858483,0ecaa5967403d082aa24f35e1b516d23)
Start importing Assets/Assets/Table_N_Chair/Table_N_Chair_Material.048_MetallicSmoothness.png using Guid(e15c5114bdd098f4e8bc22e7897bf0b8) Importer(2089858483,0ecaa5967403d082aa24f35e1b516d23)  -> (artifact id: 'a0fa36628f0103980c45165198dd7ba0') in 0.206549 seconds
Number of updated asset objects reloaded before import = 0
Number of asset objects unloaded after import = 1
========================================================================
Received Import Request.
  Time since last request: 0.000025 seconds.
  path: Assets/Assets/Table_N_Chair/Table_N_Chair_Material.049_MetallicSmoothness.png
  artifactKey: Guid(1d3c12d46d4aafd41892e506baee0761) Importer(2089858483,0ecaa5967403d082aa24f35e1b516d23)
Start importing Assets/Assets/Table_N_Chair/Table_N_Chair_Material.049_MetallicSmoothness.png using Guid(1d3c12d46d4aafd41892e506baee0761) Importer(2089858483,0ecaa5967403d082aa24f35e1b516d23)  -> (artifact id: 'd3e081d8cac3193bb5f6de3a11b64663') in 0.020038 seconds
Number of updated asset objects reloaded before import = 0
Number of asset objects unloaded after import = 1
========================================================================
Received Import Request.
  Time since last request: 0.000016 seconds.
  path: Assets/Assets/Table_N_Chair/Table_N_Chair_Material.048_AlbedoTransparency.png
  artifactKey: Guid(68f00345915452c48bc93680866146b7) Importer(2089858483,0ecaa5967403d082aa24f35e1b516d23)
Start importing Assets/Assets/Table_N_Chair/Table_N_Chair_Material.048_AlbedoTransparency.png using Guid(68f00345915452c48bc93680866146b7) Importer(2089858483,0ecaa5967403d082aa24f35e1b516d23)  -> (artifact id: '821989723d20695a57a9732840013105') in 0.019456 seconds
Number of updated asset objects reloaded before import = 0
Number of asset objects unloaded after import = 1
========================================================================
Received Import Request.
  Time since last request: 0.000022 seconds.
  path: Assets/Assets/Trash_Bin/Trash_Bin_Material.018_AmbientOcclusion.png
  artifactKey: Guid(e2edb08c48fa369438bde4ee6fc36f43) Importer(2089858483,0ecaa5967403d082aa24f35e1b516d23)
Start importing Assets/Assets/Trash_Bin/Trash_Bin_Material.018_AmbientOcclusion.png using Guid(e2edb08c48fa369438bde4ee6fc36f43) Importer(2089858483,0ecaa5967403d082aa24f35e1b516d23)  -> (artifact id: '0e2efcbac40b40a00e3d2e2682a4af9a') in 0.019508 seconds
Number of updated asset objects reloaded before import = 0
Number of asset objects unloaded after import = 1
========================================================================
Received Import Request.
  Time since last request: 0.000016 seconds.
  path: Assets/Assets/Table_N_Chair/Table_N_Chair_Material.047_AmbientOcclusion.png
  artifactKey: Guid(e29423de11bc6844ea6c4b4fca811a32) Importer(2089858483,0ecaa5967403d082aa24f35e1b516d23)
Start importing Assets/Assets/Table_N_Chair/Table_N_Chair_Material.047_AmbientOcclusion.png using Guid(e29423de11bc6844ea6c4b4fca811a32) Importer(2089858483,0ecaa5967403d082aa24f35e1b516d23)  -> (artifact id: 'b1a51f08607f247dc39c9dc6965ce729') in 0.018518 seconds
Number of updated asset objects reloaded before import = 0
Number of asset objects unloaded after import = 1
========================================================================
Received Import Request.
  Time since last request: 0.000017 seconds.
  path: Assets/Assets/Trash_Bin/Trash_Bin_Material.020_AlbedoTransparency.png
  artifactKey: Guid(dc9826845efce2b44be582500cf257a2) Importer(2089858483,0ecaa5967403d082aa24f35e1b516d23)
Start importing Assets/Assets/Trash_Bin/Trash_Bin_Material.020_AlbedoTransparency.png using Guid(dc9826845efce2b44be582500cf257a2) Importer(2089858483,0ecaa5967403d082aa24f35e1b516d23)  -> (artifact id: '6fb7a575e8fde933cee967cbfe2047f5') in 0.020524 seconds
Number of updated asset objects reloaded before import = 0
Number of asset objects unloaded after import = 1
========================================================================
Received Import Request.
  Time since last request: 0.000021 seconds.
  path: Assets/Assets/Trash_Bin/Trash_Bin_Material.020_MetallicSmoothness.png
  artifactKey: Guid(b0c3fac7b6d2baa4eaf096fe5df32339) Importer(2089858483,0ecaa5967403d082aa24f35e1b516d23)
Start importing Assets/Assets/Trash_Bin/Trash_Bin_Material.020_MetallicSmoothness.png using Guid(b0c3fac7b6d2baa4eaf096fe5df32339) Importer(2089858483,0ecaa5967403d082aa24f35e1b516d23)  -> (artifact id: '315735ca43554b704b9381067cbc1022') in 0.022591 seconds
Number of updated asset objects reloaded before import = 0
Number of asset objects unloaded after import = 1
========================================================================
Received Import Request.
  Time since last request: 0.000029 seconds.
  path: Assets/Assets/Table_N_Chair/Table_N_Chair_Material.047_Normal.png
  artifactKey: Guid(dc7c623fa35598643ba4517f5d3db739) Importer(2089858483,0ecaa5967403d082aa24f35e1b516d23)
Start importing Assets/Assets/Table_N_Chair/Table_N_Chair_Material.047_Normal.png using Guid(dc7c623fa35598643ba4517f5d3db739) Importer(2089858483,0ecaa5967403d082aa24f35e1b516d23)  -> (artifact id: '7f5da7f5889ae1d5401a9d3f2a486531') in 0.019974 seconds
Number of updated asset objects reloaded before import = 0
Number of asset objects unloaded after import = 1
========================================================================
Received Import Request.
  Time since last request: 0.000018 seconds.
  path: Assets/Assets/Storage_Locker_3/Storage_Lockers_3.fbx
  artifactKey: Guid(34c612057e86eb247a551f7a6712dea2) Importer(2089858483,0ecaa5967403d082aa24f35e1b516d23)
Start importing Assets/Assets/Storage_Locker_3/Storage_Lockers_3.fbx using Guid(34c612057e86eb247a551f7a6712dea2) Importer(2089858483,0ecaa5967403d082aa24f35e1b516d23)  -> (artifact id: 'c41805db43cdc4d57063c70ed39db4ed') in 0.024004 seconds
Number of updated asset objects reloaded before import = 0
Number of asset objects unloaded after import = 16
========================================================================
Received Import Request.
  Time since last request: 0.000017 seconds.
  path: Assets/Assets/Laboratory_Table/Laboratory_Table_Material.057_Emission.png
  artifactKey: Guid(5e2d9bd67ad920c42bc3c2c8aa141325) Importer(2089858483,0ecaa5967403d082aa24f35e1b516d23)
Start importing Assets/Assets/Laboratory_Table/Laboratory_Table_Material.057_Emission.png using Guid(5e2d9bd67ad920c42bc3c2c8aa141325) Importer(2089858483,0ecaa5967403d082aa24f35e1b516d23)  -> (artifact id: '05aa863be1e85225ef38136916e61a0a') in 0.016212 seconds
Number of updated asset objects reloaded before import = 0
Number of asset objects unloaded after import = 1
========================================================================
Received Import Request.
  Time since last request: 0.000016 seconds.
  path: Assets/Assets/Storage_Locker_3/Storage_Lockers_3_Material.037_Emission.png
  artifactKey: Guid(9cd25cbe95d955e40b92e150aa752396) Importer(2089858483,0ecaa5967403d082aa24f35e1b516d23)
Start importing Assets/Assets/Storage_Locker_3/Storage_Lockers_3_Material.037_Emission.png using Guid(9cd25cbe95d955e40b92e150aa752396) Importer(2089858483,0ecaa5967403d082aa24f35e1b516d23)  -> (artifact id: 'b442379da564bba77e933ab954a9952f') in 0.018686 seconds
Number of updated asset objects reloaded before import = 0
Number of asset objects unloaded after import = 1
========================================================================
Received Import Request.
  Time since last request: 0.000018 seconds.
  path: Assets/Assets/Table_N_Chair/Table_N_Chair_Material.048_Normal.png
  artifactKey: Guid(46be5920e76cf334f80d64771a4c5ce8) Importer(2089858483,0ecaa5967403d082aa24f35e1b516d23)
Start importing Assets/Assets/Table_N_Chair/Table_N_Chair_Material.048_Normal.png using Guid(46be5920e76cf334f80d64771a4c5ce8) Importer(2089858483,0ecaa5967403d082aa24f35e1b516d23)  -> (artifact id: 'cd3d6abb992e69d6a27a27e152cb8a6e') in 0.023753 seconds
Number of updated asset objects reloaded before import = 0
Number of asset objects unloaded after import = 1
========================================================================
Received Import Request.
  Time since last request: 0.000021 seconds.
  path: Assets/Assets/ID_Scanner/ID_Scanner_Slim_Material.042_AmbientOcclusion.png
  artifactKey: Guid(a1af7e00b9715534b8c5f97f060e73cb) Importer(2089858483,0ecaa5967403d082aa24f35e1b516d23)
Start importing Assets/Assets/ID_Scanner/ID_Scanner_Slim_Material.042_AmbientOcclusion.png using Guid(a1af7e00b9715534b8c5f97f060e73cb) Importer(2089858483,0ecaa5967403d082aa24f35e1b516d23)  -> (artifact id: 'c31fdddbe382fc7dd99a174d1348659c') in 0.019153 seconds
Number of updated asset objects reloaded before import = 0
Number of asset objects unloaded after import = 1
========================================================================
Received Import Request.
  Time since last request: 0.000018 seconds.
  path: Assets/Assets/Laboratory_Table/Laboratory_Table_Material.023_Emission.png
  artifactKey: Guid(f4687e135aa21e047bb8a0d017dfce1c) Importer(2089858483,0ecaa5967403d082aa24f35e1b516d23)
Start importing Assets/Assets/Laboratory_Table/Laboratory_Table_Material.023_Emission.png using Guid(f4687e135aa21e047bb8a0d017dfce1c) Importer(2089858483,0ecaa5967403d082aa24f35e1b516d23)  -> (artifact id: 'd818a77a5ef6884b006de2063ec0cec9') in 0.021747 seconds
Number of updated asset objects reloaded before import = 0
Number of asset objects unloaded after import = 1
========================================================================
Received Import Request.
  Time since last request: 0.000041 seconds.
  path: Assets/Assets/Trash_Bin/Trash_Bin_Material.018_Normal.png
  artifactKey: Guid(6c23bf00675e8414f943ce98210bd05a) Importer(2089858483,0ecaa5967403d082aa24f35e1b516d23)
Start importing Assets/Assets/Trash_Bin/Trash_Bin_Material.018_Normal.png using Guid(6c23bf00675e8414f943ce98210bd05a) Importer(2089858483,0ecaa5967403d082aa24f35e1b516d23)  -> (artifact id: 'ceeabb1ddf2ea9d600fb3f1637a0bd36') in 0.036027 seconds
Number of updated asset objects reloaded before import = 0
Number of asset objects unloaded after import = 1
========================================================================
Received Import Request.
  Time since last request: 0.000019 seconds.
  path: Assets/Assets/Oxygen_Tank/Oxygen_Tank_Material.062_AmbientOcclusion.png
  artifactKey: Guid(87c2b2170ea40924d8425588a0c03523) Importer(2089858483,0ecaa5967403d082aa24f35e1b516d23)
Start importing Assets/Assets/Oxygen_Tank/Oxygen_Tank_Material.062_AmbientOcclusion.png using Guid(87c2b2170ea40924d8425588a0c03523) Importer(2089858483,0ecaa5967403d082aa24f35e1b516d23)  -> (artifact id: 'cf5858b4aa0c707ee0eb2283310fd7ab') in 0.020970 seconds
Number of updated asset objects reloaded before import = 0
Number of asset objects unloaded after import = 1
========================================================================
Received Import Request.
  Time since last request: 0.000025 seconds.
  path: Assets/Assets/Trash_Bin/Trash_Bin_Material.020_AmbientOcclusion.png
  artifactKey: Guid(14f648bb7baa2f4478473ad63d9e11de) Importer(2089858483,0ecaa5967403d082aa24f35e1b516d23)
Start importing Assets/Assets/Trash_Bin/Trash_Bin_Material.020_AmbientOcclusion.png using Guid(14f648bb7baa2f4478473ad63d9e11de) Importer(2089858483,0ecaa5967403d082aa24f35e1b516d23)  -> (artifact id: '0f0ab6b51afaf880aa9df20b24fef091') in 0.020083 seconds
Number of updated asset objects reloaded before import = 0
Number of asset objects unloaded after import = 1
========================================================================
Received Import Request.
  Time since last request: 0.000019 seconds.
  path: Assets/Assets/Storage_Locker_1/Storage_Lockers_1_Material.034_Emission.png
  artifactKey: Guid(0899bbeb069591040a77a22c9170d8b9) Importer(2089858483,0ecaa5967403d082aa24f35e1b516d23)
Start importing Assets/Assets/Storage_Locker_1/Storage_Lockers_1_Material.034_Emission.png using Guid(0899bbeb069591040a77a22c9170d8b9) Importer(2089858483,0ecaa5967403d082aa24f35e1b516d23)  -> (artifact id: '6b53ed532d526ee9fae9da0d17762b70') in 0.017271 seconds
Number of updated asset objects reloaded before import = 0
Number of asset objects unloaded after import = 1
========================================================================
Received Import Request.
  Time since last request: 0.000015 seconds.
  path: Assets/Assets/Storage_Locker_1/Storage_Lockers_1_Material.032_Emission.png
  artifactKey: Guid(2288e4f2e1100c2478fe3abefb9f75b3) Importer(2089858483,0ecaa5967403d082aa24f35e1b516d23)
Start importing Assets/Assets/Storage_Locker_1/Storage_Lockers_1_Material.032_Emission.png using Guid(2288e4f2e1100c2478fe3abefb9f75b3) Importer(2089858483,0ecaa5967403d082aa24f35e1b516d23)  -> (artifact id: '7b0e09d35c0103d53e86a8bfedacff3b') in 0.018935 seconds
Number of updated asset objects reloaded before import = 0
Number of asset objects unloaded after import = 1
========================================================================
Received Import Request.
  Time since last request: 0.000017 seconds.
  path: Assets/Assets/Laboratory_Table/Laboratory_Table_Material.058_AmbientOcclusion.png
  artifactKey: Guid(9a9b78ec9d4b2764998761a208349cc4) Importer(2089858483,0ecaa5967403d082aa24f35e1b516d23)
Start importing Assets/Assets/Laboratory_Table/Laboratory_Table_Material.058_AmbientOcclusion.png using Guid(9a9b78ec9d4b2764998761a208349cc4) Importer(2089858483,0ecaa5967403d082aa24f35e1b516d23)  -> (artifact id: 'b6c2b6c290e4ba6ef1ec1c19b84c016a') in 0.019564 seconds
Number of updated asset objects reloaded before import = 0
Number of asset objects unloaded after import = 1
========================================================================
Received Import Request.
  Time since last request: 0.000023 seconds.
  path: Assets/Fish/Body/Fish_Body_Unwrapped.fbx
  artifactKey: Guid(a431211088648ac41bb5b071c42eb73b) Importer(2089858483,0ecaa5967403d082aa24f35e1b516d23)
Start importing Assets/Fish/Body/Fish_Body_Unwrapped.fbx using Guid(a431211088648ac41bb5b071c42eb73b) Importer(2089858483,0ecaa5967403d082aa24f35e1b516d23)  -> (artifact id: '83ca42139075423026c67d1078614634') in 0.017389 seconds
Number of updated asset objects reloaded before import = 0
Number of asset objects unloaded after import = 8
========================================================================
Received Import Request.
  Time since last request: 0.571453 seconds.
  path: Assets/Assets/Door/Door_Material.043_Normal.png
  artifactKey: Guid(affb29fdfaaeec1438a302c52e7ebacb) Importer(2089858483,0ecaa5967403d082aa24f35e1b516d23)
Start importing Assets/Assets/Door/Door_Material.043_Normal.png using Guid(affb29fdfaaeec1438a302c52e7ebacb) Importer(2089858483,0ecaa5967403d082aa24f35e1b516d23)  -> (artifact id: 'a2427057c2b6cfcde6fe99b63903438e') in 0.163060 seconds
Number of updated asset objects reloaded before import = 0
Number of asset objects unloaded after import = 1
========================================================================
Received Import Request.
  Time since last request: 0.000021 seconds.
  path: Assets/Fish/Bones/New Material.mat
  artifactKey: Guid(696a3f9bf610c1d4eb50a0080b3e0336) Importer(2089858483,0ecaa5967403d082aa24f35e1b516d23)
Start importing Assets/Fish/Bones/New Material.mat using Guid(696a3f9bf610c1d4eb50a0080b3e0336) Importer(2089858483,0ecaa5967403d082aa24f35e1b516d23)  -> (artifact id: '10bf72d080ac7801335ac0c4d9267e90') in 0.023373 seconds
Number of updated asset objects reloaded before import = 0
Number of asset objects unloaded after import = 4
========================================================================
Received Import Request.
  Time since last request: 0.000032 seconds.
  path: Assets/Fish/Bones/Fish_Skeleton_Unwrapped_Fish_Skeleton_Emission.1001.png
  artifactKey: Guid(d51d7821f0cde7941a2d8803c3250114) Importer(2089858483,0ecaa5967403d082aa24f35e1b516d23)
Start importing Assets/Fish/Bones/Fish_Skeleton_Unwrapped_Fish_Skeleton_Emission.1001.png using Guid(d51d7821f0cde7941a2d8803c3250114) Importer(2089858483,0ecaa5967403d082aa24f35e1b516d23)  -> (artifact id: '26c0ae8cb1d6c2412f63d204e3cea32c') in 0.207321 seconds
Number of updated asset objects reloaded before import = 0
Number of asset objects unloaded after import = 1
========================================================================
Received Import Request.
  Time since last request: 0.000019 seconds.
  path: Assets/Assets/Hospital_Curtain/Hospital_Curtains_Material.060_AmbientOcclusion.png
  artifactKey: Guid(37334e890aa2a354a90c998cb4735844) Importer(2089858483,0ecaa5967403d082aa24f35e1b516d23)
Start importing Assets/Assets/Hospital_Curtain/Hospital_Curtains_Material.060_AmbientOcclusion.png using Guid(37334e890aa2a354a90c998cb4735844) Importer(2089858483,0ecaa5967403d082aa24f35e1b516d23)  -> (artifact id: 'cc315dea743f83fff0c1194ab1ea350d') in 0.021420 seconds
Number of updated asset objects reloaded before import = 0
Number of asset objects unloaded after import = 1
========================================================================
Received Import Request.
  Time since last request: 0.300646 seconds.
  path: Assets/Assets/ID_Scanner/ID_Scanner_Slim.fbx
  artifactKey: Guid(f4922854c2574c1429bf069e3deaaa2f) Importer(2089858483,0ecaa5967403d082aa24f35e1b516d23)
Start importing Assets/Assets/ID_Scanner/ID_Scanner_Slim.fbx using Guid(f4922854c2574c1429bf069e3deaaa2f) Importer(2089858483,0ecaa5967403d082aa24f35e1b516d23)  -> (artifact id: '9736117def0686836061622b940db3ae') in 0.023279 seconds
Number of updated asset objects reloaded before import = 0
Number of asset objects unloaded after import = 16
========================================================================
Received Import Request.
  Time since last request: 0.000018 seconds.
  path: Assets/Fish/Head/Fish_Head_Unwrapped_Fish_Head_Normal.1001.png
  artifactKey: Guid(6cd97743310c98f4eb1fa86a855ac6b3) Importer(2089858483,0ecaa5967403d082aa24f35e1b516d23)
Start importing Assets/Fish/Head/Fish_Head_Unwrapped_Fish_Head_Normal.1001.png using Guid(6cd97743310c98f4eb1fa86a855ac6b3) Importer(2089858483,0ecaa5967403d082aa24f35e1b516d23)  -> (artifact id: '066eb810f03d2d12a5df90803e92e6c3') in 0.023109 seconds
Number of updated asset objects reloaded before import = 0
Number of asset objects unloaded after import = 1
========================================================================
Received Import Request.
  Time since last request: 0.000019 seconds.
  path: Assets/IgniteCoders/Lab test/Aquarium Lab (revised test)_DefaultMaterial_Height.1001.png
  artifactKey: Guid(9d348f902e6e242468ddeb27849e4801) Importer(2089858483,0ecaa5967403d082aa24f35e1b516d23)
Start importing Assets/IgniteCoders/Lab test/Aquarium Lab (revised test)_DefaultMaterial_Height.1001.png using Guid(9d348f902e6e242468ddeb27849e4801) Importer(2089858483,0ecaa5967403d082aa24f35e1b516d23)  -> (artifact id: '020de254e6e2517c04314ecca91955d4') in 0.071295 seconds
Number of updated asset objects reloaded before import = 0
Number of asset objects unloaded after import = 1
========================================================================
Received Import Request.
  Time since last request: 0.000020 seconds.
  path: Assets/Fish/Head/Fish_Head_Unwrapped_Fish_Head_Emission.1001.png
  artifactKey: Guid(807d8347d4f687a45b139ee7f18f1589) Importer(2089858483,0ecaa5967403d082aa24f35e1b516d23)
Start importing Assets/Fish/Head/Fish_Head_Unwrapped_Fish_Head_Emission.1001.png using Guid(807d8347d4f687a45b139ee7f18f1589) Importer(2089858483,0ecaa5967403d082aa24f35e1b516d23)  -> (artifact id: '89981a3aeef328592925e6b68d08ab7e') in 0.142816 seconds
Number of updated asset objects reloaded before import = 0
Number of asset objects unloaded after import = 1
========================================================================
Received Import Request.
  Time since last request: 0.000028 seconds.
  path: Assets/Assets/Kitchen_Fridge/Kitchen_Fridge_Material.052_Normal.png
  artifactKey: Guid(76a73d0d76149a944870a805ab2a0c6c) Importer(2089858483,0ecaa5967403d082aa24f35e1b516d23)
Start importing Assets/Assets/Kitchen_Fridge/Kitchen_Fridge_Material.052_Normal.png using Guid(76a73d0d76149a944870a805ab2a0c6c) Importer(2089858483,0ecaa5967403d082aa24f35e1b516d23)  -> (artifact id: 'd8cc57aef94ddbfba6c5622e69c450b8') in 0.085417 seconds
Number of updated asset objects reloaded before import = 0
Number of asset objects unloaded after import = 1
========================================================================
Received Import Request.
  Time since last request: 0.000023 seconds.
  path: Assets/Fish/Head/Fish_Head_Unwrapped_Fish_Head_AlbedoTransparency.1001.png
  artifactKey: Guid(dc88bc0883a260f46a8f319710caf391) Importer(2089858483,0ecaa5967403d082aa24f35e1b516d23)
Start importing Assets/Fish/Head/Fish_Head_Unwrapped_Fish_Head_AlbedoTransparency.1001.png using Guid(dc88bc0883a260f46a8f319710caf391) Importer(2089858483,0ecaa5967403d082aa24f35e1b516d23)  -> (artifact id: 'b9cc692ba96753bdad04bc9f41297a73') in 0.020742 seconds
Number of updated asset objects reloaded before import = 0
Number of asset objects unloaded after import = 1
========================================================================
Received Import Request.
  Time since last request: 0.000023 seconds.
  path: Assets/Assets/Kitchen_Fridge/Kitchen_Fridge.fbx
  artifactKey: Guid(669253f44cc1c974e9e0d297735a56a4) Importer(2089858483,0ecaa5967403d082aa24f35e1b516d23)
Start importing Assets/Assets/Kitchen_Fridge/Kitchen_Fridge.fbx using Guid(669253f44cc1c974e9e0d297735a56a4) Importer(2089858483,0ecaa5967403d082aa24f35e1b516d23)  -> (artifact id: 'ef7b3cf047e64fb3d2fe8786633b0bd2') in 0.415277 seconds
Number of updated asset objects reloaded before import = 0
Number of asset objects unloaded after import = 16
========================================================================
Received Import Request.
  Time since last request: 0.000020 seconds.
  path: Assets/IgniteCoders/Simple Water Shader/Demo.unity
  artifactKey: Guid(d1c3109bdb54ad54c8a2b2838528e640) Importer(2089858483,0ecaa5967403d082aa24f35e1b516d23)
Start importing Assets/IgniteCoders/Simple Water Shader/Demo.unity using Guid(d1c3109bdb54ad54c8a2b2838528e640) Importer(2089858483,0ecaa5967403d082aa24f35e1b516d23)  -> (artifact id: '1f572cbf7546df3ed242a863a5b3c4fc') in 0.011109 seconds
Number of updated asset objects reloaded before import = 0
Number of asset objects unloaded after import = 1
========================================================================
Received Import Request.
  Time since last request: 0.000043 seconds.
  path: Assets/Level_1_Assets_Prefab/Storage_Door/Storage_Lockers_Separeted_Doors_Material.001_MetallicSmoothness.png
  artifactKey: Guid(bc0b5d326f0821f44b97fb8fe2dbd83a) Importer(2089858483,0ecaa5967403d082aa24f35e1b516d23)
Start importing Assets/Level_1_Assets_Prefab/Storage_Door/Storage_Lockers_Separeted_Doors_Material.001_MetallicSmoothness.png using Guid(bc0b5d326f0821f44b97fb8fe2dbd83a) Importer(2089858483,0ecaa5967403d082aa24f35e1b516d23)  -> (artifact id: 'd573e7e5ca2ab2aed03f7393a7083a5e') in 0.023721 seconds
Number of updated asset objects reloaded before import = 0
Number of asset objects unloaded after import = 1
========================================================================
Received Import Request.
  Time since last request: 0.000018 seconds.
  path: Assets/Level_1_Assets_Prefab/Storage_Door/Storage_Lockers_Separeted_Doors_Material.001_Normal.png
  artifactKey: Guid(93da2bc6582956440a8bd9b8ca925691) Importer(2089858483,0ecaa5967403d082aa24f35e1b516d23)
Start importing Assets/Level_1_Assets_Prefab/Storage_Door/Storage_Lockers_Separeted_Doors_Material.001_Normal.png using Guid(93da2bc6582956440a8bd9b8ca925691) Importer(2089858483,0ecaa5967403d082aa24f35e1b516d23)  -> (artifact id: '05791f2a59137fb2cbe141520b47c2fe') in 0.023894 seconds
Number of updated asset objects reloaded before import = 0
Number of asset objects unloaded after import = 1
========================================================================
Received Import Request.
  Time since last request: 0.000026 seconds.
  path: Assets/Level_1_Assets_Prefab/Storage_Door/Storage_Lockers_Separeted_Doors_Material.002_AlbedoTransparency.png
  artifactKey: Guid(0e6a34488660a604ebaec3c80edbed87) Importer(2089858483,0ecaa5967403d082aa24f35e1b516d23)
Start importing Assets/Level_1_Assets_Prefab/Storage_Door/Storage_Lockers_Separeted_Doors_Material.002_AlbedoTransparency.png using Guid(0e6a34488660a604ebaec3c80edbed87) Importer(2089858483,0ecaa5967403d082aa24f35e1b516d23)  -> (artifact id: '81f073f932990a58082385d42ba3fd9f') in 0.023203 seconds
Number of updated asset objects reloaded before import = 0
Number of asset objects unloaded after import = 1
========================================================================
Received Import Request.
  Time since last request: 0.000023 seconds.
  path: Assets/IgniteCoders/Lab test/Aquarium Lab (revised test)_DefaultMaterial_Normal.1001.png
  artifactKey: Guid(cb33510d2a1bca944a31b781b856425c) Importer(2089858483,0ecaa5967403d082aa24f35e1b516d23)
Start importing Assets/IgniteCoders/Lab test/Aquarium Lab (revised test)_DefaultMaterial_Normal.1001.png using Guid(cb33510d2a1bca944a31b781b856425c) Importer(2089858483,0ecaa5967403d082aa24f35e1b516d23)  -> (artifact id: 'd5701109dc424fc7b21321a776a88510') in 0.107307 seconds
Number of updated asset objects reloaded before import = 0
Number of asset objects unloaded after import = 1
========================================================================
Received Import Request.
  Time since last request: 0.000024 seconds.
  path: Assets/Assets/Kitchen_Stove/Kitchen_Stove_DefaultMaterial_Normal.1001.png
  artifactKey: Guid(2656a2392e16027428501764a685dac3) Importer(2089858483,0ecaa5967403d082aa24f35e1b516d23)
Start importing Assets/Assets/Kitchen_Stove/Kitchen_Stove_DefaultMaterial_Normal.1001.png using Guid(2656a2392e16027428501764a685dac3) Importer(2089858483,0ecaa5967403d082aa24f35e1b516d23)  -> (artifact id: '6440b6df7cfd1499ef2ddc7bfc6c04d7') in 0.198256 seconds
Number of updated asset objects reloaded before import = 0
Number of asset objects unloaded after import = 1
========================================================================
Received Import Request.
  Time since last request: 0.000029 seconds.
  path: Assets/Level_1_Assets_Prefab/Storage_Door/Storage_Lockers_Separeted_Doors_Material.001_AmbientOcclusion.png
  artifactKey: Guid(e7fec130868bf4948948e20d4277396f) Importer(2089858483,0ecaa5967403d082aa24f35e1b516d23)
Start importing Assets/Level_1_Assets_Prefab/Storage_Door/Storage_Lockers_Separeted_Doors_Material.001_AmbientOcclusion.png using Guid(e7fec130868bf4948948e20d4277396f) Importer(2089858483,0ecaa5967403d082aa24f35e1b516d23)  -> (artifact id: 'c37f9b6959af9637a84949280c50bafd') in 0.019760 seconds
Number of updated asset objects reloaded before import = 0
Number of asset objects unloaded after import = 1
========================================================================
Received Import Request.
  Time since last request: 0.000017 seconds.
  path: Assets/Level_1_Assets_Prefab/Storage_Door/Storage_Lockers_Separeted_Doors_Material.003_AmbientOcclusion.png
  artifactKey: Guid(49818b2b7e666114cb8a6a563ac95da9) Importer(2089858483,0ecaa5967403d082aa24f35e1b516d23)
Start importing Assets/Level_1_Assets_Prefab/Storage_Door/Storage_Lockers_Separeted_Doors_Material.003_AmbientOcclusion.png using Guid(49818b2b7e666114cb8a6a563ac95da9) Importer(2089858483,0ecaa5967403d082aa24f35e1b516d23)  -> (artifact id: '5174e9bbf8896d01420413f614a92354') in 0.020944 seconds
Number of updated asset objects reloaded before import = 0
Number of asset objects unloaded after import = 1
========================================================================
Received Import Request.
  Time since last request: 0.000018 seconds.
  path: Assets/Level_1_Assets_Prefab/Storage_Door/Storage_Lockers_Separeted_Doors_Material.003_Normal.png
  artifactKey: Guid(9cd352afba8042f418acdd2f6da07591) Importer(2089858483,0ecaa5967403d082aa24f35e1b516d23)
Start importing Assets/Level_1_Assets_Prefab/Storage_Door/Storage_Lockers_Separeted_Doors_Material.003_Normal.png using Guid(9cd352afba8042f418acdd2f6da07591) Importer(2089858483,0ecaa5967403d082aa24f35e1b516d23)  -> (artifact id: '0620bf77ef54ba3119a6e2a10e6e3159') in 0.024121 seconds
Number of updated asset objects reloaded before import = 0
Number of asset objects unloaded after import = 1
========================================================================
Received Import Request.
  Time since last request: 0.000023 seconds.
  path: Assets/Level_1_Assets_Prefab/Storage_Door/Storage_Lockers_Separeted_Doors_Material.004_AlbedoTransparency.png
  artifactKey: Guid(4310de7b734e607458f2a0e82d24e6cb) Importer(2089858483,0ecaa5967403d082aa24f35e1b516d23)
Start importing Assets/Level_1_Assets_Prefab/Storage_Door/Storage_Lockers_Separeted_Doors_Material.004_AlbedoTransparency.png using Guid(4310de7b734e607458f2a0e82d24e6cb) Importer(2089858483,0ecaa5967403d082aa24f35e1b516d23)  -> (artifact id: '1333bfa07951ce635f8c59bb5b19efa7') in 0.026416 seconds
Number of updated asset objects reloaded before import = 0
Number of asset objects unloaded after import = 1
========================================================================
Received Import Request.
  Time since last request: 0.000029 seconds.
  path: Assets/Level_1_Assets_Prefab/Storage_Door/Storage_Lockers_Separeted_Doors_Material.004_MetallicSmoothness.png
  artifactKey: Guid(91883a6e69e776948b95e3fdbd29152a) Importer(2089858483,0ecaa5967403d082aa24f35e1b516d23)
Start importing Assets/Level_1_Assets_Prefab/Storage_Door/Storage_Lockers_Separeted_Doors_Material.004_MetallicSmoothness.png using Guid(91883a6e69e776948b95e3fdbd29152a) Importer(2089858483,0ecaa5967403d082aa24f35e1b516d23)  -> (artifact id: '6a172e9d426bd97e174a9231280b4989') in 0.025417 seconds
Number of updated asset objects reloaded before import = 0
Number of asset objects unloaded after import = 1
========================================================================
Received Import Request.
  Time since last request: 0.000023 seconds.
  path: Assets/Level_1_Assets_Prefab/Storage_Door/Storage_Lockers_Separeted_Doors_Material.004_Emission.png
  artifactKey: Guid(d212f551da33a364196589923f8daf77) Importer(2089858483,0ecaa5967403d082aa24f35e1b516d23)
Start importing Assets/Level_1_Assets_Prefab/Storage_Door/Storage_Lockers_Separeted_Doors_Material.004_Emission.png using Guid(d212f551da33a364196589923f8daf77) Importer(2089858483,0ecaa5967403d082aa24f35e1b516d23)  -> (artifact id: 'cd74a2753f2a6ce2c3ae5b7fef16bf3c') in 0.031126 seconds
Number of updated asset objects reloaded before import = 0
Number of asset objects unloaded after import = 1
========================================================================
Received Import Request.
  Time since last request: 0.000034 seconds.
  path: Assets/Level_1_Assets_Prefab/Storage_Door/Storage_Lockers_Separeted_Doors_Material.002_Normal.png
  artifactKey: Guid(34c9b0914d55f234090b5a70b34a8cfc) Importer(2089858483,0ecaa5967403d082aa24f35e1b516d23)
Start importing Assets/Level_1_Assets_Prefab/Storage_Door/Storage_Lockers_Separeted_Doors_Material.002_Normal.png using Guid(34c9b0914d55f234090b5a70b34a8cfc) Importer(2089858483,0ecaa5967403d082aa24f35e1b516d23)  -> (artifact id: '945baadcaad93c65393499d800d6519b') in 0.225699 seconds
Number of updated asset objects reloaded before import = 0
Number of asset objects unloaded after import = 1
========================================================================
Received Import Request.
  Time since last request: 0.000021 seconds.
  path: Assets/IgniteCoders/Lab test/New Material.mat
  artifactKey: Guid(289dbe34bbcb26744a40c25e7bd74c8f) Importer(2089858483,0ecaa5967403d082aa24f35e1b516d23)
Start importing Assets/IgniteCoders/Lab test/New Material.mat using Guid(289dbe34bbcb26744a40c25e7bd74c8f) Importer(2089858483,0ecaa5967403d082aa24f35e1b516d23)  -> (artifact id: 'f237565e5209013fd3a53714e41c919a') in 0.123342 seconds
Number of updated asset objects reloaded before import = 0
Number of asset objects unloaded after import = 5
========================================================================
Received Import Request.
  Time since last request: 0.000033 seconds.
  path: Assets/Level_1_Assets_Prefab/Storage_Door/Storage_Lockers_Separeted_Doors_Material.033_AmbientOcclusion.png
  artifactKey: Guid(5a0be01127355004385c65df916e5484) Importer(2089858483,0ecaa5967403d082aa24f35e1b516d23)
Start importing Assets/Level_1_Assets_Prefab/Storage_Door/Storage_Lockers_Separeted_Doors_Material.033_AmbientOcclusion.png using Guid(5a0be01127355004385c65df916e5484) Importer(2089858483,0ecaa5967403d082aa24f35e1b516d23)  -> (artifact id: '987765596cb8788fb00f9ec8885e07be') in 0.040738 seconds
Number of updated asset objects reloaded before import = 0
Number of asset objects unloaded after import = 1
========================================================================
Received Import Request.
  Time since last request: 0.000022 seconds.
  path: Assets/Level_1_Assets_Prefab/Storage_Door/Storage_Lockers_Separeted_Doors_Material.005_MetallicSmoothness.png
  artifactKey: Guid(dac98c32a02c6c54db3e036d8ab1752e) Importer(2089858483,0ecaa5967403d082aa24f35e1b516d23)
Start importing Assets/Level_1_Assets_Prefab/Storage_Door/Storage_Lockers_Separeted_Doors_Material.005_MetallicSmoothness.png using Guid(dac98c32a02c6c54db3e036d8ab1752e) Importer(2089858483,0ecaa5967403d082aa24f35e1b516d23)  -> (artifact id: 'b2d101338f470640cae30132a7cadeac') in 0.026470 seconds
Number of updated asset objects reloaded before import = 0
Number of asset objects unloaded after import = 1
========================================================================
Received Import Request.
  Time since last request: 0.000024 seconds.
  path: Assets/Level_1_Assets_Prefab/Storage_Door/Storage_Lockers_Separeted_Doors_Material.005_Normal.png
  artifactKey: Guid(fd31f0dff53a70447affd4dd1b67b8c9) Importer(2089858483,0ecaa5967403d082aa24f35e1b516d23)
Start importing Assets/Level_1_Assets_Prefab/Storage_Door/Storage_Lockers_Separeted_Doors_Material.005_Normal.png using Guid(fd31f0dff53a70447affd4dd1b67b8c9) Importer(2089858483,0ecaa5967403d082aa24f35e1b516d23)  -> (artifact id: '86e3f42cd7eee33594d1fe39044e9ee7') in 0.026069 seconds
Number of updated asset objects reloaded before import = 0
Number of asset objects unloaded after import = 1
========================================================================
Received Import Request.
  Time since last request: 0.000019 seconds.
  path: Assets/Level_1_Assets_Prefab/Storage_Door/Storage_Lockers_Separeted_Doors_Material.032_Normal.png
  artifactKey: Guid(8d9eb255f5555cc4a9fbd1551072b545) Importer(2089858483,0ecaa5967403d082aa24f35e1b516d23)
Start importing Assets/Level_1_Assets_Prefab/Storage_Door/Storage_Lockers_Separeted_Doors_Material.032_Normal.png using Guid(8d9eb255f5555cc4a9fbd1551072b545) Importer(2089858483,0ecaa5967403d082aa24f35e1b516d23)  -> (artifact id: 'b083eb27403336f3b7c35bc2350bf7d5') in 0.031171 seconds
Number of updated asset objects reloaded before import = 0
Number of asset objects unloaded after import = 1
========================================================================
Received Import Request.
  Time since last request: 0.000025 seconds.
  path: Assets/Level_1_Assets_Prefab/Storage_Door/Storage_Lockers_Separeted_Doors_Material.032_AmbientOcclusion.png
  artifactKey: Guid(45c378995720e0d4d9593325005dea00) Importer(2089858483,0ecaa5967403d082aa24f35e1b516d23)
Start importing Assets/Level_1_Assets_Prefab/Storage_Door/Storage_Lockers_Separeted_Doors_Material.032_AmbientOcclusion.png using Guid(45c378995720e0d4d9593325005dea00) Importer(2089858483,0ecaa5967403d082aa24f35e1b516d23)  -> (artifact id: '15092f1a6891dbe2db3330abbdc0ffab') in 0.023453 seconds
Number of updated asset objects reloaded before import = 0
Number of asset objects unloaded after import = 1
========================================================================
Received Import Request.
  Time since last request: 0.000017 seconds.
  path: Assets/Level_1_Assets_Prefab/Storage_Door/Storage_Lockers_Separeted_Doors_Material.033_AlbedoTransparency.png
  artifactKey: Guid(efa5be56696fffb48b17c18675b3794a) Importer(2089858483,0ecaa5967403d082aa24f35e1b516d23)
Start importing Assets/Level_1_Assets_Prefab/Storage_Door/Storage_Lockers_Separeted_Doors_Material.033_AlbedoTransparency.png using Guid(efa5be56696fffb48b17c18675b3794a) Importer(2089858483,0ecaa5967403d082aa24f35e1b516d23)  -> (artifact id: '6d86b5a105abd06b9fd8ac9a9186a89d') in 0.024444 seconds
Number of updated asset objects reloaded before import = 0
Number of asset objects unloaded after import = 1
========================================================================
Received Import Request.
  Time since last request: 0.000021 seconds.
  path: Assets/Assets/Laboratory_Table/Laboratory_Table_Material.055_MetallicSmoothness.png
  artifactKey: Guid(981d4383113ce6642862f7ee36004938) Importer(2089858483,0ecaa5967403d082aa24f35e1b516d23)
Start importing Assets/Assets/Laboratory_Table/Laboratory_Table_Material.055_MetallicSmoothness.png using Guid(981d4383113ce6642862f7ee36004938) Importer(2089858483,0ecaa5967403d082aa24f35e1b516d23)  -> (artifact id: 'ff17715c0d18991c2c02e200ab7e0107') in 0.025875 seconds
Number of updated asset objects reloaded before import = 0
Number of asset objects unloaded after import = 1
========================================================================
Received Import Request.
  Time since last request: 0.000027 seconds.
  path: Assets/Assets/Laboratory_Table/Laboratory_Table_Material.056_AlbedoTransparency.png
  artifactKey: Guid(49837946175c90540bc49f13928ea324) Importer(2089858483,0ecaa5967403d082aa24f35e1b516d23)
Start importing Assets/Assets/Laboratory_Table/Laboratory_Table_Material.056_AlbedoTransparency.png using Guid(49837946175c90540bc49f13928ea324) Importer(2089858483,0ecaa5967403d082aa24f35e1b516d23)  -> (artifact id: '6cd17d2a153a916f91f27c00e9cb707b') in 0.027697 seconds
Number of updated asset objects reloaded before import = 0
Number of asset objects unloaded after import = 1
========================================================================
Received Import Request.
  Time since last request: 0.000023 seconds.
  path: Assets/Level_1_Assets_Prefab/Storage_Door/Storage_Lockers_Separeted_Doors_Material.005_AlbedoTransparency.png
  artifactKey: Guid(f37cee6b2ec664345ba5e7c0e400a660) Importer(2089858483,0ecaa5967403d082aa24f35e1b516d23)
Start importing Assets/Level_1_Assets_Prefab/Storage_Door/Storage_Lockers_Separeted_Doors_Material.005_AlbedoTransparency.png using Guid(f37cee6b2ec664345ba5e7c0e400a660) Importer(2089858483,0ecaa5967403d082aa24f35e1b516d23)  -> (artifact id: 'c33663f0002eed3e5abcede6fee921fc') in 0.021795 seconds
Number of updated asset objects reloaded before import = 0
Number of asset objects unloaded after import = 1
========================================================================
Received Import Request.
  Time since last request: 0.000032 seconds.
  path: Assets/Level_1_Assets_Prefab/Storage_Door/Storage_Lockers_Separeted_Doors_Material.032_AlbedoTransparency.png
  artifactKey: Guid(ee952e6bdd1cc6b4b9e2271bf207a4ef) Importer(2089858483,0ecaa5967403d082aa24f35e1b516d23)
Start importing Assets/Level_1_Assets_Prefab/Storage_Door/Storage_Lockers_Separeted_Doors_Material.032_AlbedoTransparency.png using Guid(ee952e6bdd1cc6b4b9e2271bf207a4ef) Importer(2089858483,0ecaa5967403d082aa24f35e1b516d23)  -> (artifact id: 'b0a066fd2812fbdb1d835ad699536fa2') in 0.029121 seconds
Number of updated asset objects reloaded before import = 0
Number of asset objects unloaded after import = 1
========================================================================
Received Import Request.
  Time since last request: 0.000021 seconds.
  path: Assets/IgniteCoders/Lab test/Aquarium Lab (revised test)_DefaultMaterial_Metallic.1001.png
  artifactKey: Guid(55ad7de081a85994188b3a432e3a0c77) Importer(2089858483,0ecaa5967403d082aa24f35e1b516d23)
Start importing Assets/IgniteCoders/Lab test/Aquarium Lab (revised test)_DefaultMaterial_Metallic.1001.png using Guid(55ad7de081a85994188b3a432e3a0c77) Importer(2089858483,0ecaa5967403d082aa24f35e1b516d23)  -> (artifact id: '6941a8387b5908467e93dd1d631858c0') in 0.071727 seconds
Number of updated asset objects reloaded before import = 0
Number of asset objects unloaded after import = 1
========================================================================
Received Import Request.
  Time since last request: 0.000019 seconds.
  path: Assets/Assets/Kitchen_Sink/Kitchen_Sink_Material.051_Normal.png
  artifactKey: Guid(1aa9986fd1299ee4b80dc192f528c36d) Importer(2089858483,0ecaa5967403d082aa24f35e1b516d23)
Start importing Assets/Assets/Kitchen_Sink/Kitchen_Sink_Material.051_Normal.png using Guid(1aa9986fd1299ee4b80dc192f528c36d) Importer(2089858483,0ecaa5967403d082aa24f35e1b516d23)  -> (artifact id: '100e8e41ebc73e593e186a126567eeff') in 0.378997 seconds
Number of updated asset objects reloaded before import = 0
Number of asset objects unloaded after import = 1
========================================================================
Received Import Request.
  Time since last request: 0.000026 seconds.
  path: Assets/Materials/Materials/amusement park logo wave wonderland 1.mat
  artifactKey: Guid(3b787f7dc62e4564d8ddcd667671854e) Importer(2089858483,0ecaa5967403d082aa24f35e1b516d23)
Start importing Assets/Materials/Materials/amusement park logo wave wonderland 1.mat using Guid(3b787f7dc62e4564d8ddcd667671854e) Importer(2089858483,0ecaa5967403d082aa24f35e1b516d23)  -> (artifact id: 'a1d97e3b19d724a167ea27f73a073320') in 0.394115 seconds
Number of updated asset objects reloaded before import = 0
Number of asset objects unloaded after import = 2
========================================================================
Received Import Request.
  Time since last request: 0.000034 seconds.
  path: Assets/Materials/RobotMats/RobotWheelsMaterial.mat
  artifactKey: Guid(7a53323aefc8ee945b36782729426c2f) Importer(2089858483,0ecaa5967403d082aa24f35e1b516d23)
Start importing Assets/Materials/RobotMats/RobotWheelsMaterial.mat using Guid(7a53323aefc8ee945b36782729426c2f) Importer(2089858483,0ecaa5967403d082aa24f35e1b516d23)  -> (artifact id: 'c199d02fd3edb50722524c5e0e86ad7c') in 0.225190 seconds
Number of updated asset objects reloaded before import = 0
Number of asset objects unloaded after import = 2
========================================================================
Received Import Request.
  Time since last request: 0.000043 seconds.
  path: Assets/Media/Cutscene/SecondFishCutsceneTimeline.playable
  artifactKey: Guid(781956b092c18d646bad7e2a38f26989) Importer(2089858483,0ecaa5967403d082aa24f35e1b516d23)
Start importing Assets/Media/Cutscene/SecondFishCutsceneTimeline.playable using Guid(781956b092c18d646bad7e2a38f26989) Importer(2089858483,0ecaa5967403d082aa24f35e1b516d23)  -> (artifact id: '5046b1272fa11edcdf80e00acdae14ad') in 0.045091 seconds
Number of updated asset objects reloaded before import = 0
Number of asset objects unloaded after import = 52
========================================================================
Received Import Request.
  Time since last request: 0.000028 seconds.
  path: Assets/Materials/Materials/carousel ride poster.mat
  artifactKey: Guid(194a23e662844164ab4fa1645c08c6b8) Importer(2089858483,0ecaa5967403d082aa24f35e1b516d23)
Start importing Assets/Materials/Materials/carousel ride poster.mat using Guid(194a23e662844164ab4fa1645c08c6b8) Importer(2089858483,0ecaa5967403d082aa24f35e1b516d23)  -> (artifact id: '30bd8e5e05670d5f316ce54fc1db52c1') in 0.014085 seconds
Number of updated asset objects reloaded before import = 0
Number of asset objects unloaded after import = 2
========================================================================
Received Import Request.
  Time since last request: 0.000018 seconds.
  path: Assets/Materials/Materials/Private dock.mat
  artifactKey: Guid(132ab8be6f3a1574189aaf0487897a1f) Importer(2089858483,0ecaa5967403d082aa24f35e1b516d23)
Start importing Assets/Materials/Materials/Private dock.mat using Guid(132ab8be6f3a1574189aaf0487897a1f) Importer(2089858483,0ecaa5967403d082aa24f35e1b516d23)  -> (artifact id: '5663a3de6ebf88d52467af25a7961196') in 0.014258 seconds
Number of updated asset objects reloaded before import = 0
Number of asset objects unloaded after import = 2
========================================================================
Received Import Request.
  Time since last request: 0.000015 seconds.
  path: Assets/Level_1_Assets_Prefab/Storage_Door/Storage_Lockers_Separeted_Doors_Material.033_Normal.png
  artifactKey: Guid(76b8ec1d071550c46b19d7a091b64039) Importer(2089858483,0ecaa5967403d082aa24f35e1b516d23)
Start importing Assets/Level_1_Assets_Prefab/Storage_Door/Storage_Lockers_Separeted_Doors_Material.033_Normal.png using Guid(76b8ec1d071550c46b19d7a091b64039) Importer(2089858483,0ecaa5967403d082aa24f35e1b516d23)  -> (artifact id: '10bda944cc5e86436d4bfeb9ec27f2e3') in 0.019277 seconds
Number of updated asset objects reloaded before import = 0
Number of asset objects unloaded after import = 1
========================================================================
Received Import Request.
  Time since last request: 0.000017 seconds.
  path: Assets/Media/Animations/screen.controller
  artifactKey: Guid(05acfca3a5c32f14c92b1d3bc00db45e) Importer(2089858483,0ecaa5967403d082aa24f35e1b516d23)
Start importing Assets/Media/Animations/screen.controller using Guid(05acfca3a5c32f14c92b1d3bc00db45e) Importer(2089858483,0ecaa5967403d082aa24f35e1b516d23)  -> (artifact id: '696bc16befe7a390156dcdceba992ecb') in 0.024659 seconds
Number of updated asset objects reloaded before import = 0
Number of asset objects unloaded after import = 7
========================================================================
Received Import Request.
  Time since last request: 0.000029 seconds.
  path: Assets/Media/Cutscene/ThirdFishCutsceneTimeline.playable
  artifactKey: Guid(d45cf0175d25b78428a1c07b53370f17) Importer(2089858483,0ecaa5967403d082aa24f35e1b516d23)
Start importing Assets/Media/Cutscene/ThirdFishCutsceneTimeline.playable using Guid(d45cf0175d25b78428a1c07b53370f17) Importer(2089858483,0ecaa5967403d082aa24f35e1b516d23)  -> (artifact id: '5f08097d74ab5baa583ceedc44535f95') in 0.020802 seconds
Number of updated asset objects reloaded before import = 0
Number of asset objects unloaded after import = 40
========================================================================
Received Import Request.
  Time since last request: 0.000022 seconds.
  path: Assets/Media/Cutscene/FirstCutsceneTimeline.playable
  artifactKey: Guid(2effd176f6acbbf438a30efb47a7fabe) Importer(2089858483,0ecaa5967403d082aa24f35e1b516d23)
Start importing Assets/Media/Cutscene/FirstCutsceneTimeline.playable using Guid(2effd176f6acbbf438a30efb47a7fabe) Importer(2089858483,0ecaa5967403d082aa24f35e1b516d23)  -> (artifact id: '2ecb09337f6b4cf1a3a438d82f100e6e') in 0.021490 seconds
Number of updated asset objects reloaded before import = 0
Number of asset objects unloaded after import = 40
========================================================================
Received Import Request.
  Time since last request: 0.000025 seconds.
  path: Assets/Media/Animations/screenFadeOut.anim
  artifactKey: Guid(5233437fc9793b94baee0acab7e2d101) Importer(2089858483,0ecaa5967403d082aa24f35e1b516d23)
Start importing Assets/Media/Animations/screenFadeOut.anim using Guid(5233437fc9793b94baee0acab7e2d101) Importer(2089858483,0ecaa5967403d082aa24f35e1b516d23)  -> (artifact id: '96560949a9f34bb01135a177fd389614') in 0.225793 seconds
Number of updated asset objects reloaded before import = 0
Number of asset objects unloaded after import = 1
========================================================================
Received Import Request.
  Time since last request: 0.000027 seconds.
  path: Assets/Media/Fonts/F25_Bank_Printer SDF.asset
  artifactKey: Guid(38afe5f7ca0ff0c4eba71eeae4edbde4) Importer(2089858483,0ecaa5967403d082aa24f35e1b516d23)
Start importing Assets/Media/Fonts/F25_Bank_Printer SDF.asset using Guid(38afe5f7ca0ff0c4eba71eeae4edbde4) Importer(2089858483,0ecaa5967403d082aa24f35e1b516d23)  -> (artifact id: '6ec4f9510a13b8f39228dd6a539ee450') in 0.041071 seconds
Number of updated asset objects reloaded before import = 0
Number of asset objects unloaded after import = 5
========================================================================
Received Import Request.
  Time since last request: 0.000022 seconds.
  path: Assets/Media/Fonts/UAV-OSD-Mono.ttf
  artifactKey: Guid(f1cc22fb1be9d7148b82a46f41b213e8) Importer(2089858483,0ecaa5967403d082aa24f35e1b516d23)
Start importing Assets/Media/Fonts/UAV-OSD-Mono.ttf using Guid(f1cc22fb1be9d7148b82a46f41b213e8) Importer(2089858483,0ecaa5967403d082aa24f35e1b516d23)  -> (artifact id: 'f7d489ece8ff7d39a0796a5df62bf4fd') in 0.071558 seconds
Number of updated asset objects reloaded before import = 0
Number of asset objects unloaded after import = 3
========================================================================
Received Import Request.
  Time since last request: 0.000017 seconds.
  path: Assets/Media/Sprites/App Icon.png
  artifactKey: Guid(f428bedd184c76646b14a2b0262dbcf3) Importer(2089858483,0ecaa5967403d082aa24f35e1b516d23)
Start importing Assets/Media/Sprites/App Icon.png using Guid(f428bedd184c76646b14a2b0262dbcf3) Importer(2089858483,0ecaa5967403d082aa24f35e1b516d23)  -> (artifact id: '1a23f9b1a3068795268a59bd2245c7a0') in 0.135407 seconds
Number of updated asset objects reloaded before import = 0
Number of asset objects unloaded after import = 3
========================================================================
Received Import Request.
  Time since last request: 0.000020 seconds.
  path: Assets/Media/Fonts/F25_Bank_Printer.ttf
  artifactKey: Guid(a2b217d992ed3c54a9a81d7362d3eddf) Importer(2089858483,0ecaa5967403d082aa24f35e1b516d23)
Start importing Assets/Media/Fonts/F25_Bank_Printer.ttf using Guid(a2b217d992ed3c54a9a81d7362d3eddf) Importer(2089858483,0ecaa5967403d082aa24f35e1b516d23)  -> (artifact id: '246a57a36a21a5adb27b7cfd4649e8e1') in 0.013778 seconds
Number of updated asset objects reloaded before import = 0
Number of asset objects unloaded after import = 3
========================================================================
Received Import Request.
  Time since last request: 0.000027 seconds.
  path: Assets/Media/Fonts/F25_Bank_Printer_Bold.ttf
  artifactKey: Guid(8b00eb24758002148a4ded21db47892f) Importer(2089858483,0ecaa5967403d082aa24f35e1b516d23)
Start importing Assets/Media/Fonts/F25_Bank_Printer_Bold.ttf using Guid(8b00eb24758002148a4ded21db47892f) Importer(2089858483,0ecaa5967403d082aa24f35e1b516d23)  -> (artifact id: '83b32409fd6bd93aee89519808569255') in 0.015619 seconds
Number of updated asset objects reloaded before import = 0
Number of asset objects unloaded after import = 3
========================================================================
Received Import Request.
  Time since last request: 0.000017 seconds.
  path: Assets/Media/Sprites/MonitorTitle 1.png
  artifactKey: Guid(303ee8da078fd544ca8d498c9924d9ab) Importer(2089858483,0ecaa5967403d082aa24f35e1b516d23)
Start importing Assets/Media/Sprites/MonitorTitle 1.png using Guid(303ee8da078fd544ca8d498c9924d9ab) Importer(2089858483,0ecaa5967403d082aa24f35e1b516d23)  -> (artifact id: '5c0e16834f1fbccfca18d1289b02ce64') in 0.054916 seconds
Number of updated asset objects reloaded before import = 0
Number of asset objects unloaded after import = 3
========================================================================
Received Import Request.
  Time since last request: 0.000026 seconds.
  path: Assets/Media/Fonts/Avery-Regular SDF.asset
  artifactKey: Guid(c21d6b8884fd04d49bf5a2cd640db824) Importer(2089858483,0ecaa5967403d082aa24f35e1b516d23)
Start importing Assets/Media/Fonts/Avery-Regular SDF.asset using Guid(c21d6b8884fd04d49bf5a2cd640db824) Importer(2089858483,0ecaa5967403d082aa24f35e1b516d23)  -> (artifact id: '79a3b672eef6fc0af3433aa3f36e656a') in 0.039310 seconds
Number of updated asset objects reloaded before import = 0
Number of asset objects unloaded after import = 5
========================================================================
Received Import Request.
  Time since last request: 0.000019 seconds.
  path: Assets/Media/Fonts/UAV-OSD-Sans-Mono.ttf
  artifactKey: Guid(e59da5983ea38b54babf81fa0190593e) Importer(2089858483,0ecaa5967403d082aa24f35e1b516d23)
Start importing Assets/Media/Fonts/UAV-OSD-Sans-Mono.ttf using Guid(e59da5983ea38b54babf81fa0190593e) Importer(2089858483,0ecaa5967403d082aa24f35e1b516d23)  -> (artifact id: '69df678d712b7f97de772202cd56b840') in 0.015414 seconds
Number of updated asset objects reloaded before import = 0
Number of asset objects unloaded after import = 3
========================================================================
Received Import Request.
  Time since last request: 0.000019 seconds.
  path: Assets/Media/Fonts/F25_Bank_Printer_Bold SDF.asset
  artifactKey: Guid(bacaf590402822740bdc5d4447ae5433) Importer(2089858483,0ecaa5967403d082aa24f35e1b516d23)
Start importing Assets/Media/Fonts/F25_Bank_Printer_Bold SDF.asset using Guid(bacaf590402822740bdc5d4447ae5433) Importer(2089858483,0ecaa5967403d082aa24f35e1b516d23)  -> (artifact id: 'a9db869b91671f1867379868b4e9655e') in 0.033173 seconds
Number of updated asset objects reloaded before import = 0
Number of asset objects unloaded after import = 5
========================================================================
Received Import Request.
  Time since last request: 0.000020 seconds.
  path: Assets/Prefabs/Bush/Base_Recolored.mat
  artifactKey: Guid(1b9612aa6383fda48aea16af1705c0e3) Importer(2089858483,0ecaa5967403d082aa24f35e1b516d23)
Start importing Assets/Prefabs/Bush/Base_Recolored.mat using Guid(1b9612aa6383fda48aea16af1705c0e3) Importer(2089858483,0ecaa5967403d082aa24f35e1b516d23)  -> (artifact id: '0b6926d953b95113d24f9f45ac9a12db') in 0.026321 seconds
Number of updated asset objects reloaded before import = 0
Number of asset objects unloaded after import = 5
========================================================================
Received Import Request.
  Time since last request: 0.000089 seconds.
  path: Assets/Media/UI/top-r.png
  artifactKey: Guid(d415f77fea9dbe74f9b038c4ab6086dc) Importer(2089858483,0ecaa5967403d082aa24f35e1b516d23)
Start importing Assets/Media/UI/top-r.png using Guid(d415f77fea9dbe74f9b038c4ab6086dc) Importer(2089858483,0ecaa5967403d082aa24f35e1b516d23)  -> (artifact id: '8d40fd1517ecbef112b63fc1f2e52388') in 0.120101 seconds
Number of updated asset objects reloaded before import = 0
Number of asset objects unloaded after import = 3
========================================================================
Received Import Request.
  Time since last request: 0.000022 seconds.
  path: Assets/Media/UI/IMG_2261.png
  artifactKey: Guid(88959cb615bcfc94b821a092e9dd99a1) Importer(2089858483,0ecaa5967403d082aa24f35e1b516d23)
Start importing Assets/Media/UI/IMG_2261.png using Guid(88959cb615bcfc94b821a092e9dd99a1) Importer(2089858483,0ecaa5967403d082aa24f35e1b516d23)  -> (artifact id: 'fc4fdcb8c246808970c3a1bc2bc7c761') in 0.092103 seconds
Number of updated asset objects reloaded before import = 0
Number of asset objects unloaded after import = 3
========================================================================
Received Import Request.
  Time since last request: 0.000018 seconds.
  path: Assets/Media/Fonts/Noach - Free Trial.ttf
  artifactKey: Guid(6d54774d129033b4cba1348c1efa4f9c) Importer(2089858483,0ecaa5967403d082aa24f35e1b516d23)
Start importing Assets/Media/Fonts/Noach - Free Trial.ttf using Guid(6d54774d129033b4cba1348c1efa4f9c) Importer(2089858483,0ecaa5967403d082aa24f35e1b516d23)  -> (artifact id: '246a985891ac14a495016178af79561f') in 0.015368 seconds
Number of updated asset objects reloaded before import = 0
Number of asset objects unloaded after import = 3
========================================================================
Received Import Request.
  Time since last request: 0.000030 seconds.
  path: Assets/Media/Videos/CUTSCENE.mp4
  artifactKey: Guid(3be2d49b13ef2c74794b79e1b4ae1f2b) Importer(2089858483,0ecaa5967403d082aa24f35e1b516d23)
Start importing Assets/Media/Videos/CUTSCENE.mp4 using Guid(3be2d49b13ef2c74794b79e1b4ae1f2b) Importer(2089858483,0ecaa5967403d082aa24f35e1b516d23)  -> (artifact id: 'c03a4dde71cc96bb4c2e998519cdfd9b') in 0.016266 seconds
Number of updated asset objects reloaded before import = 0
Number of asset objects unloaded after import = 1
========================================================================
Received Import Request.
  Time since last request: 0.000020 seconds.
  path: Assets/Prefabs/Bush/Bush Base.mat
  artifactKey: Guid(20099b9b9dd6a5f4daffbad941bcde61) Importer(2089858483,0ecaa5967403d082aa24f35e1b516d23)
Start importing Assets/Prefabs/Bush/Bush Base.mat using Guid(20099b9b9dd6a5f4daffbad941bcde61) Importer(2089858483,0ecaa5967403d082aa24f35e1b516d23)  -> (artifact id: '28d9db2a8076594daac99e98332a9563') in 0.022685 seconds
Number of updated asset objects reloaded before import = 0
Number of asset objects unloaded after import = 5
========================================================================
Received Import Request.
  Time since last request: 0.000017 seconds.
  path: Assets/Assets/Storage_Locker_2/Storage_Lockers_2_Material.036_MetallicSmoothness.png
  artifactKey: Guid(2297334bde626f94a87a155b34130eba) Importer(2089858483,0ecaa5967403d082aa24f35e1b516d23)
Start importing Assets/Assets/Storage_Locker_2/Storage_Lockers_2_Material.036_MetallicSmoothness.png using Guid(2297334bde626f94a87a155b34130eba) Importer(2089858483,0ecaa5967403d082aa24f35e1b516d23)  -> (artifact id: '0eb9b792b5ec1fb3b7a774fcdcdd376c') in 0.020728 seconds
Number of updated asset objects reloaded before import = 0
Number of asset objects unloaded after import = 1
========================================================================
Received Import Request.
  Time since last request: 0.000017 seconds.
  path: Assets/Assets/Table_N_Chair/Table_N_Chair_Material.046_AlbedoTransparency.png
  artifactKey: Guid(32ec81be6e4ee494fac7e58a35887c8a) Importer(2089858483,0ecaa5967403d082aa24f35e1b516d23)
Start importing Assets/Assets/Table_N_Chair/Table_N_Chair_Material.046_AlbedoTransparency.png using Guid(32ec81be6e4ee494fac7e58a35887c8a) Importer(2089858483,0ecaa5967403d082aa24f35e1b516d23)  -> (artifact id: '15d64d0ed4ae1d2dab828fa8da5ea750') in 0.097009 seconds
Number of updated asset objects reloaded before import = 0
Number of asset objects unloaded after import = 1
========================================================================
Received Import Request.
  Time since last request: 0.000024 seconds.
  path: Assets/Materials/Skybx.mat
  artifactKey: Guid(787dba4f3f762e5469de86ff9e3c9fac) Importer(2089858483,0ecaa5967403d082aa24f35e1b516d23)
Start importing Assets/Materials/Skybx.mat using Guid(787dba4f3f762e5469de86ff9e3c9fac) Importer(2089858483,0ecaa5967403d082aa24f35e1b516d23)  -> (artifact id: 'a306ce95a6aa02e1590947d1551e6504') in 0.016853 seconds
Number of updated asset objects reloaded before import = 0
Number of asset objects unloaded after import = 4
========================================================================
Received Import Request.
  Time since last request: 0.000048 seconds.
  path: Assets/Assets/Laboratory_Table/Laboratory_Table_Material.058_Emission.png
  artifactKey: Guid(e018ce8abee051d408fa5676274c7d90) Importer(2089858483,0ecaa5967403d082aa24f35e1b516d23)
Start importing Assets/Assets/Laboratory_Table/Laboratory_Table_Material.058_Emission.png using Guid(e018ce8abee051d408fa5676274c7d90) Importer(2089858483,0ecaa5967403d082aa24f35e1b516d23)  -> (artifact id: '3259c1e96393e8d4c37285f03c66670d') in 0.022095 seconds
Number of updated asset objects reloaded before import = 0
Number of asset objects unloaded after import = 1
========================================================================
Received Import Request.
  Time since last request: 0.000017 seconds.
  path: Assets/Media/Videos/boot up sequence.mp4
  artifactKey: Guid(74b1f4edb70c00141b8ecbcc100be374) Importer(2089858483,0ecaa5967403d082aa24f35e1b516d23)
Start importing Assets/Media/Videos/boot up sequence.mp4 using Guid(74b1f4edb70c00141b8ecbcc100be374) Importer(2089858483,0ecaa5967403d082aa24f35e1b516d23)  -> (artifact id: 'a03ffcae995256da605cb465a794ce32') in 0.046681 seconds
Number of updated asset objects reloaded before import = 0
Number of asset objects unloaded after import = 1
========================================================================
Received Import Request.
  Time since last request: 0.000028 seconds.
  path: Assets/Prefabs/Bush/Bush_Unwrapped_Bush_Leaves_SpecularSmoothness.1001.png
  artifactKey: Guid(1fb31b8426a55a44bbc5baee9ac9569f) Importer(2089858483,0ecaa5967403d082aa24f35e1b516d23)
Start importing Assets/Prefabs/Bush/Bush_Unwrapped_Bush_Leaves_SpecularSmoothness.1001.png using Guid(1fb31b8426a55a44bbc5baee9ac9569f) Importer(2089858483,0ecaa5967403d082aa24f35e1b516d23)  -> (artifact id: 'fbc329da9d1eb3ed15b3c3b8056955a6') in 0.020531 seconds
Number of updated asset objects reloaded before import = 0
Number of asset objects unloaded after import = 1
========================================================================
Received Import Request.
  Time since last request: 0.000023 seconds.
  path: Assets/Prefabs/Bush/Bush_Unwrapped_Bush_Emission.1001.png
  artifactKey: Guid(af23e39b991ba6d4a9f5709d89c1c0f5) Importer(2089858483,0ecaa5967403d082aa24f35e1b516d23)
Start importing Assets/Prefabs/Bush/Bush_Unwrapped_Bush_Emission.1001.png using Guid(af23e39b991ba6d4a9f5709d89c1c0f5) Importer(2089858483,0ecaa5967403d082aa24f35e1b516d23)  -> (artifact id: '6ad640828dcae77ebf4f3c2fac7e41ac') in 0.019256 seconds
Number of updated asset objects reloaded before import = 0
Number of asset objects unloaded after import = 1
========================================================================
Received Import Request.
  Time since last request: 0.000026 seconds.
  path: Assets/Prefabs/Bush/Bush_Unwrapped_Bush_SpecularSmoothness.1001.png
  artifactKey: Guid(32b4cca8307d43c42856e70f82d2f8df) Importer(2089858483,0ecaa5967403d082aa24f35e1b516d23)
Start importing Assets/Prefabs/Bush/Bush_Unwrapped_Bush_SpecularSmoothness.1001.png using Guid(32b4cca8307d43c42856e70f82d2f8df) Importer(2089858483,0ecaa5967403d082aa24f35e1b516d23)  -> (artifact id: '8088354bd573d27c80771e2da463936d') in 0.026691 seconds
Number of updated asset objects reloaded before import = 0
Number of asset objects unloaded after import = 1
========================================================================
Received Import Request.
  Time since last request: 0.000026 seconds.
  path: Assets/Prefabs/Bush/Bush_Unwrapped_Bush_Leaves_AlbedoTransparency.1001.png
  artifactKey: Guid(d7277b84789944e469e3659f0f99c56e) Importer(2089858483,0ecaa5967403d082aa24f35e1b516d23)
Start importing Assets/Prefabs/Bush/Bush_Unwrapped_Bush_Leaves_AlbedoTransparency.1001.png using Guid(d7277b84789944e469e3659f0f99c56e) Importer(2089858483,0ecaa5967403d082aa24f35e1b516d23)  -> (artifact id: '795298bd148c8f2502664e17e86eacde') in 0.021213 seconds
Number of updated asset objects reloaded before import = 0
Number of asset objects unloaded after import = 1
========================================================================
Received Import Request.
  Time since last request: 0.000016 seconds.
  path: Assets/Prefabs/Carnival Stall/carnival stall_DefaultMaterial_Height.1001.png
  artifactKey: Guid(76da89ea829b10e409e253242d56f21c) Importer(2089858483,0ecaa5967403d082aa24f35e1b516d23)
Start importing Assets/Prefabs/Carnival Stall/carnival stall_DefaultMaterial_Height.1001.png using Guid(76da89ea829b10e409e253242d56f21c) Importer(2089858483,0ecaa5967403d082aa24f35e1b516d23)  -> (artifact id: '8090c60ddba120baa3b2cbf9917e922f') in 0.020641 seconds
Number of updated asset objects reloaded before import = 0
Number of asset objects unloaded after import = 1
========================================================================
Received Import Request.
  Time since last request: 0.000022 seconds.
  path: Assets/Prefabs/Bush/Bush_Unwrapped_Bush_AlbedoTransparency.1001.png
  artifactKey: Guid(0a652c4679e134147a78213e2d3fd98b) Importer(2089858483,0ecaa5967403d082aa24f35e1b516d23)
Start importing Assets/Prefabs/Bush/Bush_Unwrapped_Bush_AlbedoTransparency.1001.png using Guid(0a652c4679e134147a78213e2d3fd98b) Importer(2089858483,0ecaa5967403d082aa24f35e1b516d23)  -> (artifact id: 'da0fd418b8cd3dc4d0a569b5d1a46818') in 0.022127 seconds
Number of updated asset objects reloaded before import = 0
Number of asset objects unloaded after import = 1
========================================================================
Received Import Request.
  Time since last request: 0.000181 seconds.
  path: Assets/Prefabs/Camera_Waking/Camera_Animation_Controller.controller
  artifactKey: Guid(6005e5b4565811f4cb228dc7159724fb) Importer(2089858483,0ecaa5967403d082aa24f35e1b516d23)
Start importing Assets/Prefabs/Camera_Waking/Camera_Animation_Controller.controller using Guid(6005e5b4565811f4cb228dc7159724fb) Importer(2089858483,0ecaa5967403d082aa24f35e1b516d23)  -> (artifact id: '27a1ef8976016687cc538c01460ff687') in 0.031798 seconds
Number of updated asset objects reloaded before import = 0
Number of asset objects unloaded after import = 4
========================================================================
Received Import Request.
  Time since last request: 0.000021 seconds.
  path: Assets/Prefabs/Carnival Stall/carnival stall_DefaultMaterial_AlbedoTransparency.1001.png
  artifactKey: Guid(87e072a431a14ee48ba88077bb9b9d95) Importer(2089858483,0ecaa5967403d082aa24f35e1b516d23)
Start importing Assets/Prefabs/Carnival Stall/carnival stall_DefaultMaterial_AlbedoTransparency.1001.png using Guid(87e072a431a14ee48ba88077bb9b9d95) Importer(2089858483,0ecaa5967403d082aa24f35e1b516d23)  -> (artifact id: 'bf5d677966f29292c5f4b650f64d6093') in 0.021683 seconds
Number of updated asset objects reloaded before import = 0
Number of asset objects unloaded after import = 1
========================================================================
Received Import Request.
  Time since last request: 0.000021 seconds.
  path: Assets/Prefabs/Bush/Leaves.mat
  artifactKey: Guid(fe9cdaf4633ed6344b71a38d8a009e08) Importer(2089858483,0ecaa5967403d082aa24f35e1b516d23)
Start importing Assets/Prefabs/Bush/Leaves.mat using Guid(fe9cdaf4633ed6344b71a38d8a009e08) Importer(2089858483,0ecaa5967403d082aa24f35e1b516d23)  -> (artifact id: '237b039eed413e8a088a5cb91fb6a6e8') in 0.022747 seconds
Number of updated asset objects reloaded before import = 0
Number of asset objects unloaded after import = 5
========================================================================
Received Import Request.
  Time since last request: 0.000069 seconds.
  path: Assets/Prefabs/Carousel/Carousel_Animated.controller
  artifactKey: Guid(1adc27301ea9c474293df9c2066b12fa) Importer(2089858483,0ecaa5967403d082aa24f35e1b516d23)
Start importing Assets/Prefabs/Carousel/Carousel_Animated.controller using Guid(1adc27301ea9c474293df9c2066b12fa) Importer(2089858483,0ecaa5967403d082aa24f35e1b516d23)  -> (artifact id: 'd65f83aab2c36c55c188ab31e10493bd') in 0.027885 seconds
Number of updated asset objects reloaded before import = 0
Number of asset objects unloaded after import = 4
========================================================================
Received Import Request.
  Time since last request: 0.000018 seconds.
  path: Assets/Prefabs/Coconut Tree/Coconut_Tree_Unwrapped_Coconut_Tree_AlbedoTransparency.png
  artifactKey: Guid(72625c7447c1727439a607104ddc685e) Importer(2089858483,0ecaa5967403d082aa24f35e1b516d23)
Start importing Assets/Prefabs/Coconut Tree/Coconut_Tree_Unwrapped_Coconut_Tree_AlbedoTransparency.png using Guid(72625c7447c1727439a607104ddc685e) Importer(2089858483,0ecaa5967403d082aa24f35e1b516d23)  -> (artifact id: '24aab6152608ce9779736deb24808e8d') in 0.022873 seconds
Number of updated asset objects reloaded before import = 0
Number of asset objects unloaded after import = 1
========================================================================
Received Import Request.
  Time since last request: 0.000066 seconds.
  path: Assets/Prefabs/Carousel/Crousel_NoTextures_Material.066_Normal.1001.png
  artifactKey: Guid(cf270b9e77965874a94b49ebd5ca72e3) Importer(2089858483,0ecaa5967403d082aa24f35e1b516d23)
Start importing Assets/Prefabs/Carousel/Crousel_NoTextures_Material.066_Normal.1001.png using Guid(cf270b9e77965874a94b49ebd5ca72e3) Importer(2089858483,0ecaa5967403d082aa24f35e1b516d23)  -> (artifact id: '53dd7ed625c6e178785047dcbe5d3172') in 0.034355 seconds
Number of updated asset objects reloaded before import = 0
Number of asset objects unloaded after import = 1
========================================================================
Received Import Request.
  Time since last request: 0.000029 seconds.
  path: Assets/Prefabs/Carnival Stall/carnival stall_DefaultMaterial_SpecularSmoothness.1001.png
  artifactKey: Guid(883c3add1cf633f4091c804c21846954) Importer(2089858483,0ecaa5967403d082aa24f35e1b516d23)
Start importing Assets/Prefabs/Carnival Stall/carnival stall_DefaultMaterial_SpecularSmoothness.1001.png using Guid(883c3add1cf633f4091c804c21846954) Importer(2089858483,0ecaa5967403d082aa24f35e1b516d23)  -> (artifact id: '43162bff79e1fe1f5a37db6803a73c3c') in 0.022578 seconds
Number of updated asset objects reloaded before import = 0
Number of asset objects unloaded after import = 1
========================================================================
Received Import Request.
  Time since last request: 0.000019 seconds.
  path: Assets/Prefabs/Coconut Tree/Coconut Tree_Unwrapped_V2.fbx
  artifactKey: Guid(06fc426c0723deb459c35f46f1caaaff) Importer(2089858483,0ecaa5967403d082aa24f35e1b516d23)
Start importing Assets/Prefabs/Coconut Tree/Coconut Tree_Unwrapped_V2.fbx using Guid(06fc426c0723deb459c35f46f1caaaff) Importer(2089858483,0ecaa5967403d082aa24f35e1b516d23)  -> (artifact id: '17e1716dc7f2e8f59e69285348631759') in 0.034695 seconds
Number of updated asset objects reloaded before import = 0
Number of asset objects unloaded after import = 18
========================================================================
Received Import Request.
  Time since last request: 0.000017 seconds.
  path: Assets/Prefabs/Container_Fishguts/Container_Containing_Fish_Guts_Material.075_Metallic.1001.png
  artifactKey: Guid(73ba5f6fbddd34e42a997c2caf22a874) Importer(2089858483,0ecaa5967403d082aa24f35e1b516d23)
Start importing Assets/Prefabs/Container_Fishguts/Container_Containing_Fish_Guts_Material.075_Metallic.1001.png using Guid(73ba5f6fbddd34e42a997c2caf22a874) Importer(2089858483,0ecaa5967403d082aa24f35e1b516d23)  -> (artifact id: '57ae8a44552f3ee5b7ba953423e8ebac') in 0.027380 seconds
Number of updated asset objects reloaded before import = 0
Number of asset objects unloaded after import = 1
========================================================================
Received Import Request.
  Time since last request: 0.000019 seconds.
  path: Assets/Prefabs/Container_Fishguts/Container_Containing_Fish_Guts.fbx
  artifactKey: Guid(79371bcc9c06b3d4db7c4513d3d6f9d0) Importer(2089858483,0ecaa5967403d082aa24f35e1b516d23)
Start importing Assets/Prefabs/Container_Fishguts/Container_Containing_Fish_Guts.fbx using Guid(79371bcc9c06b3d4db7c4513d3d6f9d0) Importer(2089858483,0ecaa5967403d082aa24f35e1b516d23)  -> (artifact id: '18c82747e87103cae801e7201a88cb88') in 0.024073 seconds
Number of updated asset objects reloaded before import = 0
Number of asset objects unloaded after import = 16
========================================================================
Received Import Request.
  Time since last request: 0.000027 seconds.
  path: Assets/Prefabs/Container_Fishguts/Container_Containing_Fish_Guts_Material.075_BaseColor.1001.png
  artifactKey: Guid(3e1d10ddef8ba314d8bb448b90d16d31) Importer(2089858483,0ecaa5967403d082aa24f35e1b516d23)
Start importing Assets/Prefabs/Container_Fishguts/Container_Containing_Fish_Guts_Material.075_BaseColor.1001.png using Guid(3e1d10ddef8ba314d8bb448b90d16d31) Importer(2089858483,0ecaa5967403d082aa24f35e1b516d23)  -> (artifact id: 'cbfdf1007075150fa6558e8b49325f19') in 0.020844 seconds
Number of updated asset objects reloaded before import = 0
Number of asset objects unloaded after import = 1
========================================================================
Received Import Request.
  Time since last request: 0.000020 seconds.
  path: Assets/Assets/Table_N_Chair/Table_N_Chair_Material.047_AlbedoTransparency.png
  artifactKey: Guid(b092453a92839e9499e9f28e96432585) Importer(2089858483,0ecaa5967403d082aa24f35e1b516d23)
Start importing Assets/Assets/Table_N_Chair/Table_N_Chair_Material.047_AlbedoTransparency.png using Guid(b092453a92839e9499e9f28e96432585) Importer(2089858483,0ecaa5967403d082aa24f35e1b516d23)  -> (artifact id: '363dcb1c66afd0c1e8e4000376af67d9') in 0.018607 seconds
Number of updated asset objects reloaded before import = 0
Number of asset objects unloaded after import = 1
========================================================================
Received Import Request.
  Time since last request: 0.000021 seconds.
  path: Assets/Assets/Table_N_Chair/Table_N_Chair_Material.049_Normal.png
  artifactKey: Guid(5c1c7c8f9a8da244ea2b221cd5eb2184) Importer(2089858483,0ecaa5967403d082aa24f35e1b516d23)
Start importing Assets/Assets/Table_N_Chair/Table_N_Chair_Material.049_Normal.png using Guid(5c1c7c8f9a8da244ea2b221cd5eb2184) Importer(2089858483,0ecaa5967403d082aa24f35e1b516d23)  -> (artifact id: 'eaed5e80a8a2de3e5015e6c05795e244') in 0.023931 seconds
Number of updated asset objects reloaded before import = 0
Number of asset objects unloaded after import = 1
========================================================================
Received Import Request.
  Time since last request: 0.000022 seconds.
  path: Assets/Assets/Trash_Bin/Trash_Bin_Material.020_Emission.png
  artifactKey: Guid(96f9217ff49c8f946b045fd5dfc8f8c6) Importer(2089858483,0ecaa5967403d082aa24f35e1b516d23)
Start importing Assets/Assets/Trash_Bin/Trash_Bin_Material.020_Emission.png using Guid(96f9217ff49c8f946b045fd5dfc8f8c6) Importer(2089858483,0ecaa5967403d082aa24f35e1b516d23)  -> (artifact id: '7f09630ada126d9272d09a59451eda7b') in 0.043985 seconds
Number of updated asset objects reloaded before import = 0
Number of asset objects unloaded after import = 1
========================================================================
Received Import Request.
  Time since last request: 0.000084 seconds.
  path: Assets/Assets/Table_N_Chair/Table_N_Chair_Material.048_Emission.png
  artifactKey: Guid(b5d7a79a74a999d46ac4bf842de6eb0f) Importer(2089858483,0ecaa5967403d082aa24f35e1b516d23)
Start importing Assets/Assets/Table_N_Chair/Table_N_Chair_Material.048_Emission.png using Guid(b5d7a79a74a999d46ac4bf842de6eb0f) Importer(2089858483,0ecaa5967403d082aa24f35e1b516d23)  -> (artifact id: '0e352ad55ce776d91643c42423a57942') in 0.018496 seconds
Number of updated asset objects reloaded before import = 0
Number of asset objects unloaded after import = 1
========================================================================
Received Import Request.
  Time since last request: 0.000018 seconds.
  path: Assets/Scenes/Level3Pol.unity
  artifactKey: Guid(25d40344dcce55448a5c97875fa95386) Importer(2089858483,0ecaa5967403d082aa24f35e1b516d23)
Start importing Assets/Scenes/Level3Pol.unity using Guid(25d40344dcce55448a5c97875fa95386) Importer(2089858483,0ecaa5967403d082aa24f35e1b516d23)  -> (artifact id: 'b5b9315cab51f5d6055aecb5f7ee0646') in 0.011461 seconds
Number of updated asset objects reloaded before import = 0
Number of asset objects unloaded after import = 1
========================================================================
Received Import Request.
  Time since last request: 0.000019 seconds.
  path: Assets/Assets/Rectangle_Tank_1/Rectangle_Tank_1_Material.064_Emission.png
  artifactKey: Guid(148907cf7f2cec2478d93f0387d26557) Importer(2089858483,0ecaa5967403d082aa24f35e1b516d23)
Start importing Assets/Assets/Rectangle_Tank_1/Rectangle_Tank_1_Material.064_Emission.png using Guid(148907cf7f2cec2478d93f0387d26557) Importer(2089858483,0ecaa5967403d082aa24f35e1b516d23)  -> (artifact id: '11326b4190b0a489959f67c4a8ae0463') in 0.023623 seconds
Number of updated asset objects reloaded before import = 0
Number of asset objects unloaded after import = 1
========================================================================
Received Import Request.
  Time since last request: 0.000019 seconds.
  path: Assets/Prefabs/Bush/Bush_Unwrapped.fbx
  artifactKey: Guid(0c6622012ddf49248ac61cec6d4040ee) Importer(2089858483,0ecaa5967403d082aa24f35e1b516d23)
Start importing Assets/Prefabs/Bush/Bush_Unwrapped.fbx using Guid(0c6622012ddf49248ac61cec6d4040ee) Importer(2089858483,0ecaa5967403d082aa24f35e1b516d23)  -> (artifact id: 'a32dbdb1c520d2859e1194ec81bb0f9c') in 0.022728 seconds
Number of updated asset objects reloaded before import = 0
Number of asset objects unloaded after import = 16
========================================================================
Received Import Request.
  Time since last request: 0.000015 seconds.
  path: Assets/Prefabs/PlayerUI 1.prefab
  artifactKey: Guid(746f023972402e34d8309bf32b0b482a) Importer(2089858483,0ecaa5967403d082aa24f35e1b516d23)
Start importing Assets/Prefabs/PlayerUI 1.prefab using Guid(746f023972402e34d8309bf32b0b482a) Importer(2089858483,0ecaa5967403d082aa24f35e1b516d23)  -> (artifact id: '05b0fea173115fcef986e0610df519ae') in 0.049524 seconds
Number of updated asset objects reloaded before import = 0
Number of asset objects unloaded after import = 67
========================================================================
Received Import Request.
  Time since last request: 0.000018 seconds.
  path: Assets/Materials/Coral_Golem_Texturin_Material.003_AlbedoTransparency.mat
  artifactKey: Guid(72330e3b8af7ba142a6d211b455fa4ea) Importer(2089858483,0ecaa5967403d082aa24f35e1b516d23)
Start importing Assets/Materials/Coral_Golem_Texturin_Material.003_AlbedoTransparency.mat using Guid(72330e3b8af7ba142a6d211b455fa4ea) Importer(2089858483,0ecaa5967403d082aa24f35e1b516d23)  -> (artifact id: '9ef3447c857764efd55617433510e7be') in 0.731174 seconds
Number of updated asset objects reloaded before import = 0
Number of asset objects unloaded after import = 5
========================================================================
Received Import Request.
  Time since last request: 0.000030 seconds.
  path: Assets/Assets/Wall_Security_Camera 1/Security_Wall_Camera_Material.030_Normal.png
  artifactKey: Guid(7a9bb07706e234f4c930ebae61038e59) Importer(2089858483,0ecaa5967403d082aa24f35e1b516d23)
Start importing Assets/Assets/Wall_Security_Camera 1/Security_Wall_Camera_Material.030_Normal.png using Guid(7a9bb07706e234f4c930ebae61038e59) Importer(2089858483,0ecaa5967403d082aa24f35e1b516d23)  -> (artifact id: '4312d9867b79bdad1f99125926811b81') in 0.022340 seconds
Number of updated asset objects reloaded before import = 0
Number of asset objects unloaded after import = 1
========================================================================
Received Import Request.
  Time since last request: 0.000021 seconds.
  path: Assets/Prefabs/DeadBodies/MUTILATED BODY1.fbx
  artifactKey: Guid(93c68b33b32e9914f9a03c81fa813c21) Importer(2089858483,0ecaa5967403d082aa24f35e1b516d23)
Start importing Assets/Prefabs/DeadBodies/MUTILATED BODY1.fbx using Guid(93c68b33b32e9914f9a03c81fa813c21) Importer(2089858483,0ecaa5967403d082aa24f35e1b516d23)  -> (artifact id: '2f7b82c136fb0e6b3e313dc267234894') in 0.025620 seconds
Number of updated asset objects reloaded before import = 0
Number of asset objects unloaded after import = 11
========================================================================
Received Import Request.
  Time since last request: 0.000018 seconds.
  path: Assets/Prefabs/Container_Fishguts/Container_Containing_Fish_Guts_Material.075_Normal.1001.png
  artifactKey: Guid(30fff361408214f4495c233c5bf623d8) Importer(2089858483,0ecaa5967403d082aa24f35e1b516d23)
Start importing Assets/Prefabs/Container_Fishguts/Container_Containing_Fish_Guts_Material.075_Normal.1001.png using Guid(30fff361408214f4495c233c5bf623d8) Importer(2089858483,0ecaa5967403d082aa24f35e1b516d23)  -> (artifact id: '6f7da76c444d1fe5d9a8ef91ae54b243') in 0.019172 seconds
Number of updated asset objects reloaded before import = 0
Number of asset objects unloaded after import = 1
========================================================================
Received Import Request.
  Time since last request: 0.000018 seconds.
  path: Assets/Assets/Wall_Security_Camera 1/Security_Wall_Camera_Material.029_AlbedoTransparency.png
  artifactKey: Guid(385781df60aa0484d9e791a8ce0873a2) Importer(2089858483,0ecaa5967403d082aa24f35e1b516d23)
Start importing Assets/Assets/Wall_Security_Camera 1/Security_Wall_Camera_Material.029_AlbedoTransparency.png using Guid(385781df60aa0484d9e791a8ce0873a2) Importer(2089858483,0ecaa5967403d082aa24f35e1b516d23)  -> (artifact id: '41f4e6b3c277bc190eed0b7738828484') in 0.024598 seconds
Number of updated asset objects reloaded before import = 0
Number of asset objects unloaded after import = 1
========================================================================
Received Import Request.
  Time since last request: 0.000033 seconds.
  path: Assets/Prefabs/Ferry/ferry_Material_Metallic.1001.png
  artifactKey: Guid(94f73cb35d4d40a4e8710963f5bee7c4) Importer(2089858483,0ecaa5967403d082aa24f35e1b516d23)
Start importing Assets/Prefabs/Ferry/ferry_Material_Metallic.1001.png using Guid(94f73cb35d4d40a4e8710963f5bee7c4) Importer(2089858483,0ecaa5967403d082aa24f35e1b516d23)  -> (artifact id: 'd5409c451cb5d3ab542000e460f1f72f') in 0.277838 seconds
Number of updated asset objects reloaded before import = 0
Number of asset objects unloaded after import = 1
========================================================================
Received Import Request.
  Time since last request: 0.000021 seconds.
  path: Assets/Assets/Wall_Security_Camera 1/Security_Wall_Camera_Material.030_Emission.png
  artifactKey: Guid(8ec0b786b53d77942a89a7cadedf8ff4) Importer(2089858483,0ecaa5967403d082aa24f35e1b516d23)
Start importing Assets/Assets/Wall_Security_Camera 1/Security_Wall_Camera_Material.030_Emission.png using Guid(8ec0b786b53d77942a89a7cadedf8ff4) Importer(2089858483,0ecaa5967403d082aa24f35e1b516d23)  -> (artifact id: 'c474dc444748bc98fe93101698f2613c') in 0.067103 seconds
Number of updated asset objects reloaded before import = 0
Number of asset objects unloaded after import = 1
========================================================================
Received Import Request.
  Time since last request: 0.000040 seconds.
  path: Assets/Prefabs/Coral Golem/Coral_Golem_Texturin_Material.003_Normal.png
  artifactKey: Guid(c1e696217497d4347b90f26f5e631c05) Importer(2089858483,0ecaa5967403d082aa24f35e1b516d23)
Start importing Assets/Prefabs/Coral Golem/Coral_Golem_Texturin_Material.003_Normal.png using Guid(c1e696217497d4347b90f26f5e631c05) Importer(2089858483,0ecaa5967403d082aa24f35e1b516d23)  -> (artifact id: 'd6a8b66ae551c88ece7db659a57ee721') in 0.021022 seconds
Number of updated asset objects reloaded before import = 0
Number of asset objects unloaded after import = 1
========================================================================
Received Import Request.
  Time since last request: 0.000018 seconds.
  path: Assets/Prefabs/Coral Golem/Coral_Golem_Test_2.fbx
  artifactKey: Guid(977e1dc2c70f54840aa8a8ff07b6aeb5) Importer(2089858483,0ecaa5967403d082aa24f35e1b516d23)
Start importing Assets/Prefabs/Coral Golem/Coral_Golem_Test_2.fbx using Guid(977e1dc2c70f54840aa8a8ff07b6aeb5) Importer(2089858483,0ecaa5967403d082aa24f35e1b516d23)  -> (artifact id: '058cb22be91022d6349cccad454000a1') in 0.043230 seconds
Number of updated asset objects reloaded before import = 0
Number of asset objects unloaded after import = 226
========================================================================
Received Import Request.
  Time since last request: 0.000018 seconds.
  path: Assets/Prefabs/Coral Golem/Coral_Golem_Texturin_Material.001_Emission.png
  artifactKey: Guid(63259f9c83ef9d34dba72768135b10f1) Importer(2089858483,0ecaa5967403d082aa24f35e1b516d23)
Start importing Assets/Prefabs/Coral Golem/Coral_Golem_Texturin_Material.001_Emission.png using Guid(63259f9c83ef9d34dba72768135b10f1) Importer(2089858483,0ecaa5967403d082aa24f35e1b516d23)  -> (artifact id: 'cc24304fedeaa5a49f4f42632f83f3b3') in 0.204030 seconds
Number of updated asset objects reloaded before import = 0
Number of asset objects unloaded after import = 1
========================================================================
Received Import Request.
  Time since last request: 0.000044 seconds.
  path: Assets/Prefabs/Lamp Post/Lamp_Post_Unwrapped_Lamp_Post_SpecularSmoothness.1001.png
  artifactKey: Guid(a2b152032d0c9c74aa3903d7bcc074e6) Importer(2089858483,0ecaa5967403d082aa24f35e1b516d23)
Start importing Assets/Prefabs/Lamp Post/Lamp_Post_Unwrapped_Lamp_Post_SpecularSmoothness.1001.png using Guid(a2b152032d0c9c74aa3903d7bcc074e6) Importer(2089858483,0ecaa5967403d082aa24f35e1b516d23)  -> (artifact id: 'abbce77e0b371472ff48d86593cde15d') in 0.027280 seconds
Number of updated asset objects reloaded before import = 0
Number of asset objects unloaded after import = 1
========================================================================
Received Import Request.
  Time since last request: 0.000019 seconds.
  path: Assets/Prefabs/Lamp Post 1/Lamp_Post_Unwrapped.fbx
  artifactKey: Guid(7a15dab9caf1b66459f36e4c9ba107b5) Importer(2089858483,0ecaa5967403d082aa24f35e1b516d23)
Start importing Assets/Prefabs/Lamp Post 1/Lamp_Post_Unwrapped.fbx using Guid(7a15dab9caf1b66459f36e4c9ba107b5) Importer(2089858483,0ecaa5967403d082aa24f35e1b516d23)  -> (artifact id: 'b46c1caf3c4a03b52660b794fd1f70a8') in 0.031437 seconds
Number of updated asset objects reloaded before import = 0
Number of asset objects unloaded after import = 8
========================================================================
Received Import Request.
  Time since last request: 0.000020 seconds.
  path: Assets/Assets/Wall_Security_Camera 1/Security_Wall_Camera_Material.031_AlbedoTransparency.png
  artifactKey: Guid(b12d0cec9d959c04ea4b6b9fa6d8cad4) Importer(2089858483,0ecaa5967403d082aa24f35e1b516d23)
Start importing Assets/Assets/Wall_Security_Camera 1/Security_Wall_Camera_Material.031_AlbedoTransparency.png using Guid(b12d0cec9d959c04ea4b6b9fa6d8cad4) Importer(2089858483,0ecaa5967403d082aa24f35e1b516d23)  -> (artifact id: '71155522e4153abaa597d9c3d2f559fe') in 0.023653 seconds
Number of updated asset objects reloaded before import = 0
Number of asset objects unloaded after import = 1
========================================================================
Received Import Request.
  Time since last request: 0.000025 seconds.
  path: Assets/Fish/Bones/Fish_Skeleton_Unwrapped_Fish_Skeleton_AlbedoTransparency.1001.png
  artifactKey: Guid(10e47dd0e609fac469b032f97411a81a) Importer(2089858483,0ecaa5967403d082aa24f35e1b516d23)
Start importing Assets/Fish/Bones/Fish_Skeleton_Unwrapped_Fish_Skeleton_AlbedoTransparency.1001.png using Guid(10e47dd0e609fac469b032f97411a81a) Importer(2089858483,0ecaa5967403d082aa24f35e1b516d23)  -> (artifact id: 'd528f9220baf90ba5110d096fbc6f318') in 0.026165 seconds
Number of updated asset objects reloaded before import = 0
Number of asset objects unloaded after import = 1
========================================================================
Received Import Request.
  Time since last request: 0.000025 seconds.
  path: Assets/Prefabs/Lamp Post 1/Lamp_Post_Unwrapped_Lamp_Post_SpecularSmoothness.1001.png
  artifactKey: Guid(64c4e88d37339d2419d12e6f02b35455) Importer(2089858483,0ecaa5967403d082aa24f35e1b516d23)
Start importing Assets/Prefabs/Lamp Post 1/Lamp_Post_Unwrapped_Lamp_Post_SpecularSmoothness.1001.png using Guid(64c4e88d37339d2419d12e6f02b35455) Importer(2089858483,0ecaa5967403d082aa24f35e1b516d23)  -> (artifact id: '3f92ec2e7b8f61ff37442fda0781ab2c') in 0.023381 seconds
Number of updated asset objects reloaded before import = 0
Number of asset objects unloaded after import = 1
========================================================================
Received Import Request.
  Time since last request: 0.000034 seconds.
  path: Assets/Prefabs/Coral Golem/Coral_Golem_Texturin_Material.002_MetallicSmoothness.png
  artifactKey: Guid(9e811c6099d80de4e9303ef62718d5d4) Importer(2089858483,0ecaa5967403d082aa24f35e1b516d23)
Start importing Assets/Prefabs/Coral Golem/Coral_Golem_Texturin_Material.002_MetallicSmoothness.png using Guid(9e811c6099d80de4e9303ef62718d5d4) Importer(2089858483,0ecaa5967403d082aa24f35e1b516d23)  -> (artifact id: '7bc813493269aaf8517c0cb50887361f') in 0.023340 seconds
Number of updated asset objects reloaded before import = 0
Number of asset objects unloaded after import = 1
========================================================================
Received Import Request.
  Time since last request: 0.000016 seconds.
  path: Assets/Prefabs/Level_1_Assets_Prefab/Kitchen_Sink.prefab
  artifactKey: Guid(194b64192ee091b4eb059e394b49bb65) Importer(2089858483,0ecaa5967403d082aa24f35e1b516d23)
Start importing Assets/Prefabs/Level_1_Assets_Prefab/Kitchen_Sink.prefab using Guid(194b64192ee091b4eb059e394b49bb65) Importer(2089858483,0ecaa5967403d082aa24f35e1b516d23)  -> (artifact id: 'c58602ec90c766424b7d64cba1b5a09d') in 0.135347 seconds
Number of updated asset objects reloaded before import = 0
Number of asset objects unloaded after import = 35
========================================================================
Received Import Request.
  Time since last request: 0.000018 seconds.
  path: Assets/Prefabs/Level_1_Assets_Prefab/Storage_Lockers_2.prefab
  artifactKey: Guid(a491c63205645aa4f9c9d7a8cf84e51b) Importer(2089858483,0ecaa5967403d082aa24f35e1b516d23)
Start importing Assets/Prefabs/Level_1_Assets_Prefab/Storage_Lockers_2.prefab using Guid(a491c63205645aa4f9c9d7a8cf84e51b) Importer(2089858483,0ecaa5967403d082aa24f35e1b516d23)  -> (artifact id: '8ce646eb489193980e2a47dca14823d9') in 0.015739 seconds
Number of updated asset objects reloaded before import = 0
Number of asset objects unloaded after import = 26
========================================================================
Received Import Request.
  Time since last request: 0.000044 seconds.
  path: Assets/Prefabs/Level_1_Assets_Prefab/Rectangle_Tank_1.prefab
  artifactKey: Guid(f3f735fcea075bd41b9373a7e63e16ee) Importer(2089858483,0ecaa5967403d082aa24f35e1b516d23)
Start importing Assets/Prefabs/Level_1_Assets_Prefab/Rectangle_Tank_1.prefab using Guid(f3f735fcea075bd41b9373a7e63e16ee) Importer(2089858483,0ecaa5967403d082aa24f35e1b516d23)  -> (artifact id: '7c60960f2eb8288fb82d3a51dd26061f') in 0.016895 seconds
Number of updated asset objects reloaded before import = 0
Number of asset objects unloaded after import = 13
========================================================================
Received Import Request.
  Time since last request: 0.000030 seconds.
  path: Assets/Prefabs/Level_1_Assets_Prefab/Kitchen_Fridge.prefab
  artifactKey: Guid(10a53f01fa520be49839593ff462f007) Importer(2089858483,0ecaa5967403d082aa24f35e1b516d23)
Start importing Assets/Prefabs/Level_1_Assets_Prefab/Kitchen_Fridge.prefab using Guid(10a53f01fa520be49839593ff462f007) Importer(2089858483,0ecaa5967403d082aa24f35e1b516d23)  -> (artifact id: 'fcf3bc17aa345100e23b5828b290ecb4') in 0.131212 seconds
Number of updated asset objects reloaded before import = 0
Number of asset objects unloaded after import = 26
========================================================================
Received Import Request.
  Time since last request: 0.000018 seconds.
  path: Assets/Fish/Body/Fish_Body_Unwrapped_Fish_Body_Normal.1001.png
  artifactKey: Guid(9e38b99b0f0693d4c80a793faaa1d684) Importer(2089858483,0ecaa5967403d082aa24f35e1b516d23)
Start importing Assets/Fish/Body/Fish_Body_Unwrapped_Fish_Body_Normal.1001.png using Guid(9e38b99b0f0693d4c80a793faaa1d684) Importer(2089858483,0ecaa5967403d082aa24f35e1b516d23)  -> (artifact id: '5ed09caf7ed54f84140d0fc3259238aa') in 0.026743 seconds
Number of updated asset objects reloaded before import = 0
Number of asset objects unloaded after import = 1
========================================================================
Received Import Request.
  Time since last request: 0.000031 seconds.
  path: Assets/Fish/Body/Fish_Body_Unwrapped_Fish_Body_AlbedoTransparency.1001.png
  artifactKey: Guid(74b6d6e4c6d88544e97e53436174ddc4) Importer(2089858483,0ecaa5967403d082aa24f35e1b516d23)
Start importing Assets/Fish/Body/Fish_Body_Unwrapped_Fish_Body_AlbedoTransparency.1001.png using Guid(74b6d6e4c6d88544e97e53436174ddc4) Importer(2089858483,0ecaa5967403d082aa24f35e1b516d23)  -> (artifact id: '6cc61c90ea48cc310d729b07847bb9d5') in 0.031062 seconds
Number of updated asset objects reloaded before import = 0
Number of asset objects unloaded after import = 1
========================================================================
Received Import Request.
  Time since last request: 0.000029 seconds.
  path: Assets/Prefabs/Level_1_Assets_Prefab/Rectangle_Tank_2.prefab
  artifactKey: Guid(a11821c0bef1c234b8d992719b6b125a) Importer(2089858483,0ecaa5967403d082aa24f35e1b516d23)
Start importing Assets/Prefabs/Level_1_Assets_Prefab/Rectangle_Tank_2.prefab using Guid(a11821c0bef1c234b8d992719b6b125a) Importer(2089858483,0ecaa5967403d082aa24f35e1b516d23)  -> (artifact id: '2407b57b0a77b6f8ca18a80b93b047ad') in 0.016650 seconds
Number of updated asset objects reloaded before import = 0
Number of asset objects unloaded after import = 13
========================================================================
Received Import Request.
  Time since last request: 0.000016 seconds.
  path: Assets/Prefabs/Lever_Final/Lever_Unwrapped_Lever_Base_Normal.1001.png
  artifactKey: Guid(083c091d5d0da61499b36fc082b398a8) Importer(2089858483,0ecaa5967403d082aa24f35e1b516d23)
Start importing Assets/Prefabs/Lever_Final/Lever_Unwrapped_Lever_Base_Normal.1001.png using Guid(083c091d5d0da61499b36fc082b398a8) Importer(2089858483,0ecaa5967403d082aa24f35e1b516d23)  -> (artifact id: '3e5a681fa40c16300508ed1a9de192eb') in 0.028174 seconds
Number of updated asset objects reloaded before import = 0
Number of asset objects unloaded after import = 1
========================================================================
Received Import Request.
  Time since last request: 0.000025 seconds.
  path: Assets/Prefabs/Level_1_Assets_Prefab/Table_N_Chair.prefab
  artifactKey: Guid(6cada3ae2ee5fe7448e714db33d7f9e6) Importer(2089858483,0ecaa5967403d082aa24f35e1b516d23)
Start importing Assets/Prefabs/Level_1_Assets_Prefab/Table_N_Chair.prefab using Guid(6cada3ae2ee5fe7448e714db33d7f9e6) Importer(2089858483,0ecaa5967403d082aa24f35e1b516d23)  -> (artifact id: '6b3049cd11e5d54bd40bdea4cd5bf3a8') in 0.027722 seconds
Number of updated asset objects reloaded before import = 0
Number of asset objects unloaded after import = 51
========================================================================
Received Import Request.
  Time since last request: 0.000016 seconds.
  path: Assets/Prefabs/Level_1_Assets_Prefab/Storage_Lockers_3.prefab
  artifactKey: Guid(bb5e35cc913773a47be92d126140e338) Importer(2089858483,0ecaa5967403d082aa24f35e1b516d23)
Start importing Assets/Prefabs/Level_1_Assets_Prefab/Storage_Lockers_3.prefab using Guid(bb5e35cc913773a47be92d126140e338) Importer(2089858483,0ecaa5967403d082aa24f35e1b516d23)  -> (artifact id: 'e5de91d6e029263f34864e060e8f07df') in 0.013353 seconds
Number of updated asset objects reloaded before import = 0
Number of asset objects unloaded after import = 26
========================================================================
Received Import Request.
  Time since last request: 0.000020 seconds.
  path: Assets/Prefabs/Level_1_Assets_Prefab/Storage_Lockers_Separeted_Doors.prefab
  artifactKey: Guid(f3e1ace519c40ca4ea062893393cc365) Importer(2089858483,0ecaa5967403d082aa24f35e1b516d23)
Start importing Assets/Prefabs/Level_1_Assets_Prefab/Storage_Lockers_Separeted_Doors.prefab using Guid(f3e1ace519c40ca4ea062893393cc365) Importer(2089858483,0ecaa5967403d082aa24f35e1b516d23)  -> (artifact id: 'ade8cee7c7f5ba77f0801bed302563f5') in 0.016071 seconds
Number of updated asset objects reloaded before import = 0
Number of asset objects unloaded after import = 60
========================================================================
Received Import Request.
  Time since last request: 0.000027 seconds.
  path: Assets/Assets/Wall_Security_Camera 1/Security_Wall_Camera_Material.030_MetallicSmoothness.png
  artifactKey: Guid(508b3bfab656df24dbbaf7438d3aa183) Importer(2089858483,0ecaa5967403d082aa24f35e1b516d23)
Start importing Assets/Assets/Wall_Security_Camera 1/Security_Wall_Camera_Material.030_MetallicSmoothness.png using Guid(508b3bfab656df24dbbaf7438d3aa183) Importer(2089858483,0ecaa5967403d082aa24f35e1b516d23)  -> (artifact id: '83d0c97c9dcfc9abc9de2b13651c5548') in 0.022392 seconds
Number of updated asset objects reloaded before import = 0
Number of asset objects unloaded after import = 1
========================================================================
Received Import Request.
  Time since last request: 0.000017 seconds.
  path: Assets/Assets/Wall_Security_Camera 1/Security_Wall_Camera_Material.031_MetallicSmoothness.png
  artifactKey: Guid(3b23553524ab661479f425a6c545a386) Importer(2089858483,0ecaa5967403d082aa24f35e1b516d23)
Start importing Assets/Assets/Wall_Security_Camera 1/Security_Wall_Camera_Material.031_MetallicSmoothness.png using Guid(3b23553524ab661479f425a6c545a386) Importer(2089858483,0ecaa5967403d082aa24f35e1b516d23)  -> (artifact id: '33399633b19177b61bbeddb512045146') in 0.023683 seconds
Number of updated asset objects reloaded before import = 0
Number of asset objects unloaded after import = 1
========================================================================
Received Import Request.
  Time since last request: 0.000028 seconds.
  path: Assets/Prefabs/Coral Golem/Coral_Golem_Texturin_Material.003_Emission.png
  artifactKey: Guid(ad78fffe7f8f7c0489def2c3471d837c) Importer(2089858483,0ecaa5967403d082aa24f35e1b516d23)
Start importing Assets/Prefabs/Coral Golem/Coral_Golem_Texturin_Material.003_Emission.png using Guid(ad78fffe7f8f7c0489def2c3471d837c) Importer(2089858483,0ecaa5967403d082aa24f35e1b516d23)  -> (artifact id: 'dc6879c6a5e44f0a12ad5f0b952a3aa4') in 0.021769 seconds
Number of updated asset objects reloaded before import = 0
Number of asset objects unloaded after import = 1
========================================================================
Received Import Request.
  Time since last request: 0.000029 seconds.
  path: Assets/Prefabs/Rubble 1/RUBBLE 1_Material_Height.1001.png
  artifactKey: Guid(65f2343c2745acb48b0b33242e68d06f) Importer(2089858483,0ecaa5967403d082aa24f35e1b516d23)
Start importing Assets/Prefabs/Rubble 1/RUBBLE 1_Material_Height.1001.png using Guid(65f2343c2745acb48b0b33242e68d06f) Importer(2089858483,0ecaa5967403d082aa24f35e1b516d23)  -> (artifact id: '4a84bbaf7e97413128022ced2485b9a8') in 0.027992 seconds
Number of updated asset objects reloaded before import = 0
Number of asset objects unloaded after import = 1
========================================================================
Received Import Request.
  Time since last request: 0.000017 seconds.
  path: Assets/Prefabs/Monsters/Monster.prefab
  artifactKey: Guid(4752db9c11c485d44b1be3692b10f229) Importer(2089858483,0ecaa5967403d082aa24f35e1b516d23)
Start importing Assets/Prefabs/Monsters/Monster.prefab using Guid(4752db9c11c485d44b1be3692b10f229) Importer(2089858483,0ecaa5967403d082aa24f35e1b516d23)  -> (artifact id: '7ea72218299f4ab8fb3be8326cfc46a1') in 0.099521 seconds
Number of updated asset objects reloaded before import = 0
Number of asset objects unloaded after import = 237
========================================================================
Received Import Request.
  Time since last request: 0.000026 seconds.
  path: Assets/Prefabs/Rubble 1/RUBBLE 1_Material_BaseColor.1001.png
  artifactKey: Guid(c87f320ae5228b9499ec78a3e3858115) Importer(2089858483,0ecaa5967403d082aa24f35e1b516d23)
Start importing Assets/Prefabs/Rubble 1/RUBBLE 1_Material_BaseColor.1001.png using Guid(c87f320ae5228b9499ec78a3e3858115) Importer(2089858483,0ecaa5967403d082aa24f35e1b516d23)  -> (artifact id: '68fa08dcd45d13a7446e06e0d4133fe4') in 0.020226 seconds
Number of updated asset objects reloaded before import = 0
Number of asset objects unloaded after import = 1
========================================================================
Received Import Request.
  Time since last request: 0.000037 seconds.
  path: Assets/Prefabs/Materials/GlassShader.shadergraph
  artifactKey: Guid(da5b0bd7382ff6d4a936cf1055a67d6d) Importer(2089858483,0ecaa5967403d082aa24f35e1b516d23)
Start importing Assets/Prefabs/Materials/GlassShader.shadergraph using Guid(da5b0bd7382ff6d4a936cf1055a67d6d) Importer(2089858483,0ecaa5967403d082aa24f35e1b516d23)  -> (artifact id: '8c01dace1ed60dbefa33ecaeb096b2d8') in 0.021530 seconds
Number of updated asset objects reloaded before import = 0
Number of asset objects unloaded after import = 2
========================================================================
Received Import Request.
  Time since last request: 0.000027 seconds.
  path: Assets/Assets/Wall_Security_Camera 1/Security_Wall_Camera_Material.029_Emission.png
  artifactKey: Guid(a0857860c2a71d84c8349d53dc0d8186) Importer(2089858483,0ecaa5967403d082aa24f35e1b516d23)
Start importing Assets/Assets/Wall_Security_Camera 1/Security_Wall_Camera_Material.029_Emission.png using Guid(a0857860c2a71d84c8349d53dc0d8186) Importer(2089858483,0ecaa5967403d082aa24f35e1b516d23)  -> (artifact id: 'a8b5373b56cfcc4eb7e12bd4a3b7bfff') in 0.018866 seconds
Number of updated asset objects reloaded before import = 0
Number of asset objects unloaded after import = 1
========================================================================
Received Import Request.
  Time since last request: 0.000018 seconds.
  path: Assets/Prefabs/Generator/Lever Base Color.png
  artifactKey: Guid(e02d8ebcec5e41b4a8f407210a41db4d) Importer(2089858483,0ecaa5967403d082aa24f35e1b516d23)
Start importing Assets/Prefabs/Generator/Lever Base Color.png using Guid(e02d8ebcec5e41b4a8f407210a41db4d) Importer(2089858483,0ecaa5967403d082aa24f35e1b516d23)  -> (artifact id: '2d2619b50cd22a62cc03d8f7e64ef3ac') in 0.021082 seconds
Number of updated asset objects reloaded before import = 0
Number of asset objects unloaded after import = 1
========================================================================
Received Import Request.
  Time since last request: 0.000022 seconds.
  path: Assets/Prefabs/Lamp Post 1/Lamp_Post_Unwrapped_Lamp_Post_Normal.1001.png
  artifactKey: Guid(f89ca52b47653f649a008bdef0420ce5) Importer(2089858483,0ecaa5967403d082aa24f35e1b516d23)
Start importing Assets/Prefabs/Lamp Post 1/Lamp_Post_Unwrapped_Lamp_Post_Normal.1001.png using Guid(f89ca52b47653f649a008bdef0420ce5) Importer(2089858483,0ecaa5967403d082aa24f35e1b516d23)  -> (artifact id: '740d9969a06f31c54a99039ff364e477') in 0.023541 seconds
Number of updated asset objects reloaded before import = 0
Number of asset objects unloaded after import = 1
========================================================================
Received Import Request.
  Time since last request: 0.000027 seconds.
  path: Assets/Prefabs/Sunfish_Model_Animation/Sunfish_Talking_Aniamtion_Controller.controller
  artifactKey: Guid(f438a80579546b746a33d5bb0db2788c) Importer(2089858483,0ecaa5967403d082aa24f35e1b516d23)
Start importing Assets/Prefabs/Sunfish_Model_Animation/Sunfish_Talking_Aniamtion_Controller.controller using Guid(f438a80579546b746a33d5bb0db2788c) Importer(2089858483,0ecaa5967403d082aa24f35e1b516d23)  -> (artifact id: 'f0eca5fc1acd70fed6a231e6ca3a6555') in 0.013513 seconds
Number of updated asset objects reloaded before import = 0
Number of asset objects unloaded after import = 4
========================================================================
Received Import Request.
  Time since last request: 0.000030 seconds.
  path: Assets/Prefabs/Sunfish_Model_Animation/Sunfish.prefab
  artifactKey: Guid(20c185b0dbee646448738587500237d9) Importer(2089858483,0ecaa5967403d082aa24f35e1b516d23)
Start importing Assets/Prefabs/Sunfish_Model_Animation/Sunfish.prefab using Guid(20c185b0dbee646448738587500237d9) Importer(2089858483,0ecaa5967403d082aa24f35e1b516d23)  -> (artifact id: 'f3d93b460a57a7b6dc5c5b0798d20d1d') in 0.019326 seconds
Number of updated asset objects reloaded before import = 0
Number of asset objects unloaded after import = 56
========================================================================
Received Import Request.
  Time since last request: 0.000016 seconds.
  path: Assets/Prefabs/Sunfish_Model_Animation/Sunfish_DefaultMaterial_BaseColor.1001.png
  artifactKey: Guid(9aaebfd9f598b534a9c6f1158dc6c897) Importer(2089858483,0ecaa5967403d082aa24f35e1b516d23)
Start importing Assets/Prefabs/Sunfish_Model_Animation/Sunfish_DefaultMaterial_BaseColor.1001.png using Guid(9aaebfd9f598b534a9c6f1158dc6c897) Importer(2089858483,0ecaa5967403d082aa24f35e1b516d23)  -> (artifact id: '8c0216ef96a9c0f0b38319f0c78b3b78') in 0.022423 seconds
Number of updated asset objects reloaded before import = 0
Number of asset objects unloaded after import = 1
========================================================================
Received Import Request.
  Time since last request: 0.000019 seconds.
  path: Assets/Prefabs/Teacup BaseRide/Tea_Cups_NoTextures_DefaultMaterial_AlbedoTransparency.1001.png
  artifactKey: Guid(8a8c60c545cd3dc46afbfe5cda1d507d) Importer(2089858483,0ecaa5967403d082aa24f35e1b516d23)
Start importing Assets/Prefabs/Teacup BaseRide/Tea_Cups_NoTextures_DefaultMaterial_AlbedoTransparency.1001.png using Guid(8a8c60c545cd3dc46afbfe5cda1d507d) Importer(2089858483,0ecaa5967403d082aa24f35e1b516d23)  -> (artifact id: 'fff9d60d9fb844e1fffea1968eb64f7c') in 0.020543 seconds
Number of updated asset objects reloaded before import = 0
Number of asset objects unloaded after import = 1
========================================================================
Received Import Request.
  Time since last request: 0.000021 seconds.
  path: Assets/Prefabs/Teacup BaseRide/Tea_Cups_NoTextures_DefaultMaterial_Normal.1001.png
  artifactKey: Guid(07ec1ae97cbd27145b07cc53c3f2c3bd) Importer(2089858483,0ecaa5967403d082aa24f35e1b516d23)
Start importing Assets/Prefabs/Teacup BaseRide/Tea_Cups_NoTextures_DefaultMaterial_Normal.1001.png using Guid(07ec1ae97cbd27145b07cc53c3f2c3bd) Importer(2089858483,0ecaa5967403d082aa24f35e1b516d23)  -> (artifact id: 'da3511301195693eadc76a80920ec071') in 0.020440 seconds
Number of updated asset objects reloaded before import = 0
Number of asset objects unloaded after import = 1
========================================================================
Received Import Request.
  Time since last request: 0.000028 seconds.
  path: Assets/Prefabs/Sunfish_Model_Animation/Sunfish_DefaultMaterial_Height.1001.png
  artifactKey: Guid(88185b3943513a544aae06c7db8f300e) Importer(2089858483,0ecaa5967403d082aa24f35e1b516d23)
Start importing Assets/Prefabs/Sunfish_Model_Animation/Sunfish_DefaultMaterial_Height.1001.png using Guid(88185b3943513a544aae06c7db8f300e) Importer(2089858483,0ecaa5967403d082aa24f35e1b516d23)  -> (artifact id: '31c648fe923259a28fa3603d3364d9ed') in 0.038292 seconds
Number of updated asset objects reloaded before import = 0
Number of asset objects unloaded after import = 1
========================================================================
Received Import Request.
  Time since last request: 0.000022 seconds.
  path: Assets/Prefabs/Teacup BaseRide/Tea_Ride_Base_NoTextures_DefaultMaterial_AlbedoTransparency.1001.png
  artifactKey: Guid(924b97f4f53ca754da61b5508d06b1b4) Importer(2089858483,0ecaa5967403d082aa24f35e1b516d23)
Start importing Assets/Prefabs/Teacup BaseRide/Tea_Ride_Base_NoTextures_DefaultMaterial_AlbedoTransparency.1001.png using Guid(924b97f4f53ca754da61b5508d06b1b4) Importer(2089858483,0ecaa5967403d082aa24f35e1b516d23)  -> (artifact id: 'c6801c6f94e68432bdd6e61e9b54a989') in 0.019852 seconds
Number of updated asset objects reloaded before import = 0
Number of asset objects unloaded after import = 1
========================================================================
Received Import Request.
  Time since last request: 0.000031 seconds.
  path: Assets/Prefabs/Tentacle/Tentacle_Animation_Tentacle_MetallicSmoothness.png
  artifactKey: Guid(c682b12df25d7684f9ae1065c978fad0) Importer(2089858483,0ecaa5967403d082aa24f35e1b516d23)
Start importing Assets/Prefabs/Tentacle/Tentacle_Animation_Tentacle_MetallicSmoothness.png using Guid(c682b12df25d7684f9ae1065c978fad0) Importer(2089858483,0ecaa5967403d082aa24f35e1b516d23)  -> (artifact id: 'e80d8b5c1007a38a45a44fb228082729') in 0.023509 seconds
Number of updated asset objects reloaded before import = 0
Number of asset objects unloaded after import = 1
========================================================================
Received Import Request.
  Time since last request: 0.000035 seconds.
  path: Assets/Prefabs/Tentacle/Tentacle_Animation_Tentacle_AmbientOcclusion.png
  artifactKey: Guid(d805c86b4a130fa4f95778403a89b59b) Importer(2089858483,0ecaa5967403d082aa24f35e1b516d23)
Start importing Assets/Prefabs/Tentacle/Tentacle_Animation_Tentacle_AmbientOcclusion.png using Guid(d805c86b4a130fa4f95778403a89b59b) Importer(2089858483,0ecaa5967403d082aa24f35e1b516d23)  -> (artifact id: '9f14504240b2674e1e7ccab4cfd1f967') in 0.024749 seconds
Number of updated asset objects reloaded before import = 0
Number of asset objects unloaded after import = 1
========================================================================
Received Import Request.
  Time since last request: 0.000020 seconds.
  path: Assets/Prefabs/Teacup BaseRide/Tea_Cups_NoTextures_DefaultMaterial_SpecularSmoothness.1001.png
  artifactKey: Guid(d91800ec5968ef74987ae67576361386) Importer(2089858483,0ecaa5967403d082aa24f35e1b516d23)
Start importing Assets/Prefabs/Teacup BaseRide/Tea_Cups_NoTextures_DefaultMaterial_SpecularSmoothness.1001.png using Guid(d91800ec5968ef74987ae67576361386) Importer(2089858483,0ecaa5967403d082aa24f35e1b516d23)  -> (artifact id: 'a5e1e8a244f9b707f72255acba99deac') in 0.023491 seconds
Number of updated asset objects reloaded before import = 0
Number of asset objects unloaded after import = 1
========================================================================
Received Import Request.
  Time since last request: 0.000019 seconds.
  path: Assets/Prefabs/Teacup BaseRide/Tea_Ride_Animated.fbx
  artifactKey: Guid(cec8c71c6941b0a44991615637cea8df) Importer(2089858483,0ecaa5967403d082aa24f35e1b516d23)
Start importing Assets/Prefabs/Teacup BaseRide/Tea_Ride_Animated.fbx using Guid(cec8c71c6941b0a44991615637cea8df) Importer(2089858483,0ecaa5967403d082aa24f35e1b516d23)  -> (artifact id: '95976ac36a4bbb9ad4d6e85a558da5c4') in 0.023441 seconds
Number of updated asset objects reloaded before import = 0
Number of asset objects unloaded after import = 35
========================================================================
Received Import Request.
  Time since last request: 0.000025 seconds.
  path: Assets/Prefabs/Viking Ride/New Material 1.mat
  artifactKey: Guid(a812c0380eed6ee4cae8307e40bacb97) Importer(2089858483,0ecaa5967403d082aa24f35e1b516d23)
Start importing Assets/Prefabs/Viking Ride/New Material 1.mat using Guid(a812c0380eed6ee4cae8307e40bacb97) Importer(2089858483,0ecaa5967403d082aa24f35e1b516d23)  -> (artifact id: 'f0ba59dacfa29b3d9c5ab74c162ce0f4') in 0.131438 seconds
Number of updated asset objects reloaded before import = 0
Number of asset objects unloaded after import = 4
========================================================================
Received Import Request.
  Time since last request: 0.000022 seconds.
  path: Assets/Prefabs/Testing/room test 1.fbx
  artifactKey: Guid(3a3023ae1582b3c4aab350bc93791d2a) Importer(2089858483,0ecaa5967403d082aa24f35e1b516d23)
Start importing Assets/Prefabs/Testing/room test 1.fbx using Guid(3a3023ae1582b3c4aab350bc93791d2a) Importer(2089858483,0ecaa5967403d082aa24f35e1b516d23)  -> (artifact id: '9506206c88fb45d4a3fdbaa30281c2df') in 0.136312 seconds
Number of updated asset objects reloaded before import = 0
Number of asset objects unloaded after import = 111
========================================================================
Received Import Request.
  Time since last request: 0.000042 seconds.
  path: Assets/Prefabs/Testing/lab test 2 hopefully oks.fbx
  artifactKey: Guid(599d354c2630f9840beb7a6e893761b9) Importer(2089858483,0ecaa5967403d082aa24f35e1b516d23)
Start importing Assets/Prefabs/Testing/lab test 2 hopefully oks.fbx using Guid(599d354c2630f9840beb7a6e893761b9) Importer(2089858483,0ecaa5967403d082aa24f35e1b516d23)  -> (artifact id: '7f66dc4098f9fa603d8cad74da48d631') in 0.074886 seconds
Number of updated asset objects reloaded before import = 0
Number of asset objects unloaded after import = 110
========================================================================
Received Import Request.
  Time since last request: 0.000036 seconds.
  path: Assets/Prefabs/Viking Ride/Viking Ride_Fixed UV_Material.038_Normal.1001.png
  artifactKey: Guid(25b7206416f6907468187f79d39a9942) Importer(2089858483,0ecaa5967403d082aa24f35e1b516d23)
Start importing Assets/Prefabs/Viking Ride/Viking Ride_Fixed UV_Material.038_Normal.1001.png using Guid(25b7206416f6907468187f79d39a9942) Importer(2089858483,0ecaa5967403d082aa24f35e1b516d23)  -> (artifact id: 'b1b8c97638138a56eff0a5a3e9f182fb') in 0.156649 seconds
Number of updated asset objects reloaded before import = 0
Number of asset objects unloaded after import = 1
========================================================================
Received Import Request.
  Time since last request: 0.000023 seconds.
  path: Assets/Prefabs/Viking Ride/Viking Ride_Fixed UV_Viking Ship_SpecularSmoothness.1001.png
  artifactKey: Guid(5f11a387830111f45a2bebdb27bcb9ef) Importer(2089858483,0ecaa5967403d082aa24f35e1b516d23)
Start importing Assets/Prefabs/Viking Ride/Viking Ride_Fixed UV_Viking Ship_SpecularSmoothness.1001.png using Guid(5f11a387830111f45a2bebdb27bcb9ef) Importer(2089858483,0ecaa5967403d082aa24f35e1b516d23)  -> (artifact id: 'c8a75472d4b2dfbc9e57181aac8bce1b') in 0.023601 seconds
Number of updated asset objects reloaded before import = 0
Number of asset objects unloaded after import = 1
========================================================================
Received Import Request.
  Time since last request: 0.000024 seconds.
  path: Assets/Prefabs/Viking Ride/Viking_Animation_Controller.controller
  artifactKey: Guid(5c4bee407915b5a4c88ac2b989cf809e) Importer(2089858483,0ecaa5967403d082aa24f35e1b516d23)
Start importing Assets/Prefabs/Viking Ride/Viking_Animation_Controller.controller using Guid(5c4bee407915b5a4c88ac2b989cf809e) Importer(2089858483,0ecaa5967403d082aa24f35e1b516d23)  -> (artifact id: '6a5f23642fad98f727394e8bc612c14e') in 0.012723 seconds
Number of updated asset objects reloaded before import = 0
Number of asset objects unloaded after import = 7
========================================================================
Received Import Request.
  Time since last request: 0.000027 seconds.
  path: Assets/Materials/MainMenu
  artifactKey: Guid(d171719f625a94a43b5c3979367f5178) Importer(815301076,1909f56bfc062723c751e8b465ee728b)
Start importing Assets/Materials/MainMenu using Guid(d171719f625a94a43b5c3979367f5178) Importer(815301076,1909f56bfc062723c751e8b465ee728b)  -> (artifact id: '216cbb8275d46ff9e49f7e123ee7df8f') in 0.000703 seconds
Number of updated asset objects reloaded before import = 0
Number of asset objects unloaded after import = 0
========================================================================
Received Import Request.
  Time since last request: 0.000021 seconds.
  path: Assets/Prefabs/Testing/PierANEW.fbx
  artifactKey: Guid(9790bbf1d00e39249858d67054fdcdba) Importer(2089858483,0ecaa5967403d082aa24f35e1b516d23)
Start importing Assets/Prefabs/Testing/PierANEW.fbx using Guid(9790bbf1d00e39249858d67054fdcdba) Importer(2089858483,0ecaa5967403d082aa24f35e1b516d23)  -> (artifact id: '9de35d938e2a2538d69ea19c1aeba06b') in 1.485962 seconds
Number of updated asset objects reloaded before import = 0
Number of asset objects unloaded after import = 935
========================================================================
Received Import Request.
  Time since last request: 0.000029 seconds.
  path: Assets/Prefabs/Wood_Signage/Wood_Signage_Material.091_Emissive.1001.png
  artifactKey: Guid(430962af15cfbe64b965258417d2cb31) Importer(2089858483,0ecaa5967403d082aa24f35e1b516d23)
Start importing Assets/Prefabs/Wood_Signage/Wood_Signage_Material.091_Emissive.1001.png using Guid(430962af15cfbe64b965258417d2cb31) Importer(2089858483,0ecaa5967403d082aa24f35e1b516d23)  -> (artifact id: '9897668a71514bdac9a82675c8a1ed60') in 0.022254 seconds
Number of updated asset objects reloaded before import = 0
Number of asset objects unloaded after import = 1
========================================================================
Received Import Request.
  Time since last request: 0.000213 seconds.
  path: Assets/QuickOutline/Scripts/Outline.cs
  artifactKey: Guid(5fea29bb7c508c244a1f805a5fd3fc4d) Importer(2089858483,0ecaa5967403d082aa24f35e1b516d23)
Start importing Assets/QuickOutline/Scripts/Outline.cs using Guid(5fea29bb7c508c244a1f805a5fd3fc4d) Importer(2089858483,0ecaa5967403d082aa24f35e1b516d23)  -> (artifact id: 'f676dc34dbbf8976ea1b294391a2f751') in 0.012281 seconds
Number of updated asset objects reloaded before import = 0
Number of asset objects unloaded after import = 1
========================================================================
Received Import Request.
  Time since last request: 0.000017 seconds.
  path: Assets/Prefabs/Wood_Signage/Wood_Signage.prefab
  artifactKey: Guid(84de7543b26a7b44e94e36cc9bd33c71) Importer(2089858483,0ecaa5967403d082aa24f35e1b516d23)
Start importing Assets/Prefabs/Wood_Signage/Wood_Signage.prefab using Guid(84de7543b26a7b44e94e36cc9bd33c71) Importer(2089858483,0ecaa5967403d082aa24f35e1b516d23)  -> (artifact id: '0f672e9ba574905cc7888d59acb47f1b') in 0.151481 seconds
Number of updated asset objects reloaded before import = 0
Number of asset objects unloaded after import = 13
========================================================================
Received Import Request.
  Time since last request: 0.000024 seconds.
  path: Assets/Materials/Materials/amusement park logo wave wonderland 1.mat
  artifactKey: Guid(3b787f7dc62e4564d8ddcd667671854e) Importer(815301076,1909f56bfc062723c751e8b465ee728b)
Start importing Assets/Materials/Materials/amusement park logo wave wonderland 1.mat using Guid(3b787f7dc62e4564d8ddcd667671854e) Importer(815301076,1909f56bfc062723c751e8b465ee728b)  -> (artifact id: 'f471d50dd4e5a8eac05f125ec479115e') in 0.277969 seconds
Number of updated asset objects reloaded before import = 0
Number of asset objects unloaded after import = 22
========================================================================
Received Import Request.
  Time since last request: 0.000032 seconds.
  path: Assets/Scenes/Level1_Profiles/PP Profile.asset
  artifactKey: Guid(94e2496991bde5142933d682aa48c61d) Importer(2089858483,0ecaa5967403d082aa24f35e1b516d23)
Start importing Assets/Scenes/Level1_Profiles/PP Profile.asset using Guid(94e2496991bde5142933d682aa48c61d) Importer(2089858483,0ecaa5967403d082aa24f35e1b516d23)  -> (artifact id: '28c58d19eb48eac895b107f90e2facb3') in 0.154069 seconds
Number of updated asset objects reloaded before import = 0
Number of asset objects unloaded after import = 5
========================================================================
Received Import Request.
  Time since last request: 0.000029 seconds.
  path: Assets/Materials/Materials/map guide.mat
  artifactKey: Guid(2c58402ba4254d64db4004759625e819) Importer(815301076,1909f56bfc062723c751e8b465ee728b)
Start importing Assets/Materials/Materials/map guide.mat using Guid(2c58402ba4254d64db4004759625e819) Importer(815301076,1909f56bfc062723c751e8b465ee728b)  -> (artifact id: 'ee515ae6cd28af2c9f3b100be9dfc568') in 0.021932 seconds
Number of updated asset objects reloaded before import = 0
Number of asset objects unloaded after import = 3
========================================================================
Received Import Request.
  Time since last request: 0.000032 seconds.
  path: Assets/Materials/Materials/carousel ride poster.mat
  artifactKey: Guid(194a23e662844164ab4fa1645c08c6b8) Importer(815301076,1909f56bfc062723c751e8b465ee728b)
Start importing Assets/Materials/Materials/carousel ride poster.mat using Guid(194a23e662844164ab4fa1645c08c6b8) Importer(815301076,1909f56bfc062723c751e8b465ee728b)  -> (artifact id: '608a1b217e4ea93c5d620577d5535537') in 0.016503 seconds
Number of updated asset objects reloaded before import = 0
Number of asset objects unloaded after import = 3
========================================================================
Received Import Request.
  Time since last request: 0.000028 seconds.
  path: Assets/TextMesh Pro/Shaders/TMPro_Properties.cginc
  artifactKey: Guid(3997e2241185407d80309a82f9148466) Importer(2089858483,0ecaa5967403d082aa24f35e1b516d23)
Start importing Assets/TextMesh Pro/Shaders/TMPro_Properties.cginc using Guid(3997e2241185407d80309a82f9148466) Importer(2089858483,0ecaa5967403d082aa24f35e1b516d23)  -> (artifact id: '82dd336a273aa4ddc1ea11a61f1c73ac') in 0.031345 seconds
Number of updated asset objects reloaded before import = 0
Number of asset objects unloaded after import = 1
========================================================================
Received Import Request.
  Time since last request: 0.000018 seconds.
  path: Assets/TextMesh Pro/Shaders/TMPro.cginc
  artifactKey: Guid(407bc68d299748449bbf7f48ee690f8d) Importer(2089858483,0ecaa5967403d082aa24f35e1b516d23)
Start importing Assets/TextMesh Pro/Shaders/TMPro.cginc using Guid(407bc68d299748449bbf7f48ee690f8d) Importer(2089858483,0ecaa5967403d082aa24f35e1b516d23)  -> (artifact id: '66da661794871dccf4b89a21883999d4') in 0.111561 seconds
Number of updated asset objects reloaded before import = 0
Number of asset objects unloaded after import = 1
========================================================================
Received Import Request.
  Time since last request: 0.000022 seconds.
  path: Assets/TextMesh Pro/Shaders/TMP_SDF-Mobile Overlay.shader
  artifactKey: Guid(a02a7d8c237544f1962732b55a9aebf1) Importer(2089858483,0ecaa5967403d082aa24f35e1b516d23)
Start importing Assets/TextMesh Pro/Shaders/TMP_SDF-Mobile Overlay.shader using Guid(a02a7d8c237544f1962732b55a9aebf1) Importer(2089858483,0ecaa5967403d082aa24f35e1b516d23)  -> (artifact id: '0b4904da2a5532128cbcbf67d91f4e96') in 0.058611 seconds
Number of updated asset objects reloaded before import = 0
Number of asset objects unloaded after import = 1
========================================================================
Received Import Request.
  Time since last request: 0.000027 seconds.
  path: Assets/TextMesh Pro/Shaders/TMP_SDF-Mobile Masking.shader
  artifactKey: Guid(bc1ede39bf3643ee8e493720e4259791) Importer(2089858483,0ecaa5967403d082aa24f35e1b516d23)
Start importing Assets/TextMesh Pro/Shaders/TMP_SDF-Mobile Masking.shader using Guid(bc1ede39bf3643ee8e493720e4259791) Importer(2089858483,0ecaa5967403d082aa24f35e1b516d23)  -> (artifact id: '28eec9a02a3431de9e8f9fa3e48df777') in 0.013507 seconds
Number of updated asset objects reloaded before import = 0
Number of asset objects unloaded after import = 1
========================================================================
Received Import Request.
  Time since last request: 0.000025 seconds.
  path: Assets/TextMesh Pro/Shaders/TMP_Bitmap.shader
  artifactKey: Guid(128e987d567d4e2c824d754223b3f3b0) Importer(2089858483,0ecaa5967403d082aa24f35e1b516d23)
Start importing Assets/TextMesh Pro/Shaders/TMP_Bitmap.shader using Guid(128e987d567d4e2c824d754223b3f3b0) Importer(2089858483,0ecaa5967403d082aa24f35e1b516d23)  -> (artifact id: '59ce4928737c929df0cd6a2569454262') in 0.142050 seconds
Number of updated asset objects reloaded before import = 0
Number of asset objects unloaded after import = 1
========================================================================
Received Import Request.
  Time since last request: 0.000034 seconds.
  path: Assets/TextMesh Pro/Shaders/TMP_SDF Overlay.shader
  artifactKey: Guid(dd89cf5b9246416f84610a006f916af7) Importer(2089858483,0ecaa5967403d082aa24f35e1b516d23)
Start importing Assets/TextMesh Pro/Shaders/TMP_SDF Overlay.shader using Guid(dd89cf5b9246416f84610a006f916af7) Importer(2089858483,0ecaa5967403d082aa24f35e1b516d23)  -> (artifact id: 'f53afb26bf33c56f77da481ae71f7c06') in 0.016660 seconds
Number of updated asset objects reloaded before import = 0
Number of asset objects unloaded after import = 1
========================================================================
Received Import Request.
  Time since last request: 0.000033 seconds.
  path: Assets/TextMesh Pro/Shaders/TMP_Bitmap-Mobile.shader
  artifactKey: Guid(1e3b057af24249748ff873be7fafee47) Importer(2089858483,0ecaa5967403d082aa24f35e1b516d23)
Start importing Assets/TextMesh Pro/Shaders/TMP_Bitmap-Mobile.shader using Guid(1e3b057af24249748ff873be7fafee47) Importer(2089858483,0ecaa5967403d082aa24f35e1b516d23)  -> (artifact id: 'b212f63019884feda39c241b7348fd15') in 0.016398 seconds
Number of updated asset objects reloaded before import = 0
Number of asset objects unloaded after import = 1
========================================================================
Received Import Request.
  Time since last request: 0.000037 seconds.
  path: Assets/Scenes/MainMenu/Post Process Profile.asset
  artifactKey: Guid(6e22911d309f5374284f56a1c4cea4d6) Importer(2089858483,0ecaa5967403d082aa24f35e1b516d23)
Start importing Assets/Scenes/MainMenu/Post Process Profile.asset using Guid(6e22911d309f5374284f56a1c4cea4d6) Importer(2089858483,0ecaa5967403d082aa24f35e1b516d23)  -> (artifact id: '19bfd121da591a4d20e0c8db59288e48') in 0.015891 seconds
Number of updated asset objects reloaded before import = 0
Number of asset objects unloaded after import = 12
========================================================================
Received Import Request.
  Time since last request: 0.000019 seconds.
  path: Assets/TextMesh Pro/Shaders/TMP_SDF-Surface-Mobile.shader
  artifactKey: Guid(85187c2149c549c5b33f0cdb02836b17) Importer(2089858483,0ecaa5967403d082aa24f35e1b516d23)
Start importing Assets/TextMesh Pro/Shaders/TMP_SDF-Surface-Mobile.shader using Guid(85187c2149c549c5b33f0cdb02836b17) Importer(2089858483,0ecaa5967403d082aa24f35e1b516d23)  -> (artifact id: '5df4e0055756354a2fa83e81b81d449b') in 0.017990 seconds
Number of updated asset objects reloaded before import = 0
Number of asset objects unloaded after import = 1
========================================================================
Received Import Request.
  Time since last request: 0.000022 seconds.
  path: Assets/TextMesh Pro/Sprites/EmojiOne.png
  artifactKey: Guid(dffef66376be4fa480fb02b19edbe903) Importer(2089858483,0ecaa5967403d082aa24f35e1b516d23)
Start importing Assets/TextMesh Pro/Sprites/EmojiOne.png using Guid(dffef66376be4fa480fb02b19edbe903) Importer(2089858483,0ecaa5967403d082aa24f35e1b516d23)  -> (artifact id: '6502fc855ceefde7e4260709f09e476c') in 0.020405 seconds
Number of updated asset objects reloaded before import = 0
Number of asset objects unloaded after import = 1
========================================================================
Received Import Request.
  Time since last request: 0.000021 seconds.
  path: Assets/TextMesh Pro/Shaders/TMP_SDF.shader
  artifactKey: Guid(68e6db2ebdc24f95958faec2be5558d6) Importer(2089858483,0ecaa5967403d082aa24f35e1b516d23)
Start importing Assets/TextMesh Pro/Shaders/TMP_SDF.shader using Guid(68e6db2ebdc24f95958faec2be5558d6) Importer(2089858483,0ecaa5967403d082aa24f35e1b516d23)  -> (artifact id: '743fd8b7c4af815c2199e9be7b66e107') in 0.013545 seconds
Number of updated asset objects reloaded before import = 0
Number of asset objects unloaded after import = 1
========================================================================
Received Import Request.
  Time since last request: 0.000031 seconds.
  path: Assets/TextMesh Pro/Shaders/TMP_Sprite.shader
  artifactKey: Guid(cf81c85f95fe47e1a27f6ae460cf182c) Importer(2089858483,0ecaa5967403d082aa24f35e1b516d23)
Start importing Assets/TextMesh Pro/Shaders/TMP_Sprite.shader using Guid(cf81c85f95fe47e1a27f6ae460cf182c) Importer(2089858483,0ecaa5967403d082aa24f35e1b516d23)  -> (artifact id: 'ac238eadd0ec3f9424448fbc0ec39920') in 0.012593 seconds
Number of updated asset objects reloaded before import = 0
Number of asset objects unloaded after import = 1
========================================================================
Received Import Request.
  Time since last request: 0.000020 seconds.
  path: Assets/Scenes/Level2/LightingData.asset
  artifactKey: Guid(066ece239e3926442b6106c6f765dc37) Importer(2089858483,0ecaa5967403d082aa24f35e1b516d23)
Start importing Assets/Scenes/Level2/LightingData.asset using Guid(066ece239e3926442b6106c6f765dc37) Importer(2089858483,0ecaa5967403d082aa24f35e1b516d23)  -> (artifact id: 'db31953b932e29f4ddc57964ac1bd973') in 0.012201 seconds
Number of updated asset objects reloaded before import = 0
Number of asset objects unloaded after import = 2
========================================================================
Received Import Request.
  Time since last request: 0.000023 seconds.
  path: Assets/Materials/Materials/Lever Mechanics.mat
  artifactKey: Guid(9010742c3fb322348b73dc8d8a46a6f4) Importer(815301076,1909f56bfc062723c751e8b465ee728b)
Start importing Assets/Materials/Materials/Lever Mechanics.mat using Guid(9010742c3fb322348b73dc8d8a46a6f4) Importer(815301076,1909f56bfc062723c751e8b465ee728b)  -> (artifact id: '78c11939c633498fab2626512aad66b5') in 0.017506 seconds
Number of updated asset objects reloaded before import = 0
Number of asset objects unloaded after import = 3
========================================================================
Received Import Request.
  Time since last request: 0.000028 seconds.
  path: Assets/Prefabs/Ferry/ferry_Material_Normal.1001.png
  artifactKey: Guid(dc6113f45e3a9474a83ee79347c6ea75) Importer(2089858483,0ecaa5967403d082aa24f35e1b516d23)
Start importing Assets/Prefabs/Ferry/ferry_Material_Normal.1001.png using Guid(dc6113f45e3a9474a83ee79347c6ea75) Importer(2089858483,0ecaa5967403d082aa24f35e1b516d23)  -> (artifact id: '49d63c4a5fcf962e3c32c814d8a7ebc8') in 0.047384 seconds
Number of updated asset objects reloaded before import = 0
Number of asset objects unloaded after import = 1
========================================================================
Received Import Request.
  Time since last request: 0.000018 seconds.
  path: Assets/Prefabs/Materials/Glass.mat
  artifactKey: Guid(78640f46fc0267d46985eab76cc9c70f) Importer(2089858483,0ecaa5967403d082aa24f35e1b516d23)
Start importing Assets/Prefabs/Materials/Glass.mat using Guid(78640f46fc0267d46985eab76cc9c70f) Importer(2089858483,0ecaa5967403d082aa24f35e1b516d23)  -> (artifact id: '8f7a903edfff9f82eeb011d2644816a1') in 0.210919 seconds
Number of updated asset objects reloaded before import = 0
Number of asset objects unloaded after import = 1
========================================================================
Received Import Request.
  Time since last request: 0.000025 seconds.
  path: Assets/Assets/Door/Materials/Door_Material.044_AlbedoTransparency.mat
  artifactKey: Guid(d025f7948ccf78b4fabd9d09e9a41e77) Importer(2089858483,0ecaa5967403d082aa24f35e1b516d23)
Start importing Assets/Assets/Door/Materials/Door_Material.044_AlbedoTransparency.mat using Guid(d025f7948ccf78b4fabd9d09e9a41e77) Importer(2089858483,0ecaa5967403d082aa24f35e1b516d23)  -> (artifact id: '694471e063b1612d123824d881f3838c') in 0.656592 seconds
Number of updated asset objects reloaded before import = 0
Number of asset objects unloaded after import = 6
========================================================================
Received Import Request.
  Time since last request: 0.000029 seconds.
  path: Assets/Assets/Kitchen_Sink/Materials/Kitchen_Sink_Material.022_AlbedoTransparency.mat
  artifactKey: Guid(58d3e2e5b47d682459d7220857e1fa19) Importer(2089858483,0ecaa5967403d082aa24f35e1b516d23)
Start importing Assets/Assets/Kitchen_Sink/Materials/Kitchen_Sink_Material.022_AlbedoTransparency.mat using Guid(58d3e2e5b47d682459d7220857e1fa19) Importer(2089858483,0ecaa5967403d082aa24f35e1b516d23)  -> (artifact id: '54c1fb2d332968c0ab3d71c1240885de') in 0.175556 seconds
Number of updated asset objects reloaded before import = 0
Number of asset objects unloaded after import = 6
========================================================================
Received Import Request.
  Time since last request: 0.000027 seconds.
  path: Assets/Assets/Kitchen_Sink/Materials/Kitchen_Sink_Material.050_AlbedoTransparency.mat
  artifactKey: Guid(9a506778aca808a49b4a7db5fd47b4d2) Importer(2089858483,0ecaa5967403d082aa24f35e1b516d23)
Start importing Assets/Assets/Kitchen_Sink/Materials/Kitchen_Sink_Material.050_AlbedoTransparency.mat using Guid(9a506778aca808a49b4a7db5fd47b4d2) Importer(2089858483,0ecaa5967403d082aa24f35e1b516d23)  -> (artifact id: 'dc92809a99f4202fb0c52fe8d2a1dd00') in 0.080525 seconds
Number of updated asset objects reloaded before import = 0
Number of asset objects unloaded after import = 6
========================================================================
Received Import Request.
  Time since last request: 0.000022 seconds.
  path: Assets/Assets/ID_Scanner/Materials/ID_Scanner_Slim_Material.042_AlbedoTransparency.mat
  artifactKey: Guid(566db651e95b2674a96b189bc9ddd8ad) Importer(2089858483,0ecaa5967403d082aa24f35e1b516d23)
Start importing Assets/Assets/ID_Scanner/Materials/ID_Scanner_Slim_Material.042_AlbedoTransparency.mat using Guid(566db651e95b2674a96b189bc9ddd8ad) Importer(2089858483,0ecaa5967403d082aa24f35e1b516d23)  -> (artifact id: 'a024717db32d9411a320afd0407f955c') in 0.033000 seconds
Number of updated asset objects reloaded before import = 0
Number of asset objects unloaded after import = 6
========================================================================
Received Import Request.
  Time since last request: 0.000029 seconds.
  path: Assets/Assets/Cylinder_Tank/Materials/Cylinder_Tank_Material.063_AlbedoTransparency.mat
  artifactKey: Guid(b89708449f5003540b1a1598e802397a) Importer(2089858483,0ecaa5967403d082aa24f35e1b516d23)
Start importing Assets/Assets/Cylinder_Tank/Materials/Cylinder_Tank_Material.063_AlbedoTransparency.mat using Guid(b89708449f5003540b1a1598e802397a) Importer(2089858483,0ecaa5967403d082aa24f35e1b516d23)  -> (artifact id: '04dd685b1b3965636da7f5a5e1d9cecf') in 0.029547 seconds
Number of updated asset objects reloaded before import = 0
Number of asset objects unloaded after import = 6
========================================================================
Received Import Request.
  Time since last request: 0.000024 seconds.
  path: Assets/Assets/Laboratory_Table/Materials/Laboratory_Table_Material.056_AlbedoTransparency.mat
  artifactKey: Guid(2c54a0b34d1f53a44adb080f3f4bcde2) Importer(2089858483,0ecaa5967403d082aa24f35e1b516d23)
Start importing Assets/Assets/Laboratory_Table/Materials/Laboratory_Table_Material.056_AlbedoTransparency.mat using Guid(2c54a0b34d1f53a44adb080f3f4bcde2) Importer(2089858483,0ecaa5967403d082aa24f35e1b516d23)  -> (artifact id: 'f2aff058cfd9c0266342a9071501de81') in 0.030162 seconds
Number of updated asset objects reloaded before import = 0
Number of asset objects unloaded after import = 6
========================================================================
Received Import Request.
  Time since last request: 0.000019 seconds.
  path: Assets/Assets/Storage_Locker_1/Materials/Storage_Lockers_1_Material.033_AlbedoTransparency 1.mat
  artifactKey: Guid(f01caeb73e9a52c4bac7c35b29de9ce6) Importer(2089858483,0ecaa5967403d082aa24f35e1b516d23)
Start importing Assets/Assets/Storage_Locker_1/Materials/Storage_Lockers_1_Material.033_AlbedoTransparency 1.mat using Guid(f01caeb73e9a52c4bac7c35b29de9ce6) Importer(2089858483,0ecaa5967403d082aa24f35e1b516d23)  -> (artifact id: '4ee3b2afe1eb790460401cee7e2764e9') in 0.023995 seconds
Number of updated asset objects reloaded before import = 0
Number of asset objects unloaded after import = 6
========================================================================
Received Import Request.
  Time since last request: 0.000019 seconds.
  path: Assets/Assets/Storage_Locker_1/Materials/Storage_Lockers_1_Material.032_AlbedoTransparency 1.mat
  artifactKey: Guid(c56cf622a74fe6d49b4e9a8d06f7e2e6) Importer(2089858483,0ecaa5967403d082aa24f35e1b516d23)
Start importing Assets/Assets/Storage_Locker_1/Materials/Storage_Lockers_1_Material.032_AlbedoTransparency 1.mat using Guid(c56cf622a74fe6d49b4e9a8d06f7e2e6) Importer(2089858483,0ecaa5967403d082aa24f35e1b516d23)  -> (artifact id: '9b0e4b1725ec39023dac9ba683ca05ce') in 0.039166 seconds
Number of updated asset objects reloaded before import = 0
Number of asset objects unloaded after import = 6
========================================================================
Received Import Request.
  Time since last request: 0.000029 seconds.
  path: Assets/Assets/Table_N_Chair/Materials/Table_N_Chair_Material.048_AlbedoTransparency.mat
  artifactKey: Guid(12847e381ccc8a74bad27429585d46a5) Importer(2089858483,0ecaa5967403d082aa24f35e1b516d23)
Start importing Assets/Assets/Table_N_Chair/Materials/Table_N_Chair_Material.048_AlbedoTransparency.mat using Guid(12847e381ccc8a74bad27429585d46a5) Importer(2089858483,0ecaa5967403d082aa24f35e1b516d23)  -> (artifact id: '0aa6ff1fce4fb48406f70505916cd4da') in 0.030111 seconds
Number of updated asset objects reloaded before import = 0
Number of asset objects unloaded after import = 6
========================================================================
Received Import Request.
  Time since last request: 0.000038 seconds.
  path: Assets/Assets/Trash_Bin/Materials/Trash_Bin_Material.018_AlbedoTransparency.mat
  artifactKey: Guid(36d2bfa24073b8e44a540f785ee8801b) Importer(2089858483,0ecaa5967403d082aa24f35e1b516d23)
Start importing Assets/Assets/Trash_Bin/Materials/Trash_Bin_Material.018_AlbedoTransparency.mat using Guid(36d2bfa24073b8e44a540f785ee8801b) Importer(2089858483,0ecaa5967403d082aa24f35e1b516d23)  -> (artifact id: '1d26218bdf71cc1c38665a1bf94f5fee') in 0.347113 seconds
Number of updated asset objects reloaded before import = 0
Number of asset objects unloaded after import = 6
========================================================================
Received Import Request.
  Time since last request: 0.000021 seconds.
  path: Assets/Assets/Wall_Security_Camera 1/Materials/Security_Wall_Camera_Material.031_AlbedoTransparency.mat
  artifactKey: Guid(65a0e453d57ff7040a1bcc8b10d160b6) Importer(2089858483,0ecaa5967403d082aa24f35e1b516d23)
Start importing Assets/Assets/Wall_Security_Camera 1/Materials/Security_Wall_Camera_Material.031_AlbedoTransparency.mat using Guid(65a0e453d57ff7040a1bcc8b10d160b6) Importer(2089858483,0ecaa5967403d082aa24f35e1b516d23)  -> (artifact id: '4cbccc419a6965f6c7b8d176e9221eee') in 0.027393 seconds
Number of updated asset objects reloaded before import = 0
Number of asset objects unloaded after import = 6
========================================================================
Received Import Request.
  Time since last request: 0.000030 seconds.
  path: Assets/Assets/Table_N_Chair/Materials/Table_N_Chair_Material.047_AlbedoTransparency.mat
  artifactKey: Guid(1ea3f997d4a099645a37bc5ae66beba0) Importer(2089858483,0ecaa5967403d082aa24f35e1b516d23)
Start importing Assets/Assets/Table_N_Chair/Materials/Table_N_Chair_Material.047_AlbedoTransparency.mat using Guid(1ea3f997d4a099645a37bc5ae66beba0) Importer(2089858483,0ecaa5967403d082aa24f35e1b516d23)  -> (artifact id: '3c3144971a1a458b47f4a30b731d44f0') in 0.025186 seconds
Number of updated asset objects reloaded before import = 0
Number of asset objects unloaded after import = 6
========================================================================
Received Import Request.
  Time since last request: 0.000019 seconds.
  path: Assets/Assets/Table_N_Chair/Materials/Table_N_Chair_Material.046_AlbedoTransparency.mat
  artifactKey: Guid(9c7c48fd450ede04ea7dfc45a1c3f47b) Importer(2089858483,0ecaa5967403d082aa24f35e1b516d23)
Start importing Assets/Assets/Table_N_Chair/Materials/Table_N_Chair_Material.046_AlbedoTransparency.mat using Guid(9c7c48fd450ede04ea7dfc45a1c3f47b) Importer(2089858483,0ecaa5967403d082aa24f35e1b516d23)  -> (artifact id: '53df21291f2c0699512f1853174335fd') in 0.028135 seconds
Number of updated asset objects reloaded before import = 0
Number of asset objects unloaded after import = 6
========================================================================
Received Import Request.
  Time since last request: 0.000023 seconds.
  path: Assets/Assets/Rectangle_Tank_1/Materials/Rectangle_Tank_1_Material.064_AlbedoTransparency.mat
  artifactKey: Guid(f69291fb8ce9c8b469dcdf9aa23b250b) Importer(2089858483,0ecaa5967403d082aa24f35e1b516d23)
Start importing Assets/Assets/Rectangle_Tank_1/Materials/Rectangle_Tank_1_Material.064_AlbedoTransparency.mat using Guid(f69291fb8ce9c8b469dcdf9aa23b250b) Importer(2089858483,0ecaa5967403d082aa24f35e1b516d23)  -> (artifact id: '9c55ce5ecc5ab134c1c1814772242a1a') in 0.024407 seconds
Number of updated asset objects reloaded before import = 0
Number of asset objects unloaded after import = 6
========================================================================
Received Import Request.
  Time since last request: 0.000021 seconds.
  path: Assets/Assets/Laboratory_Table/Materials/Laboratory_Table_Material.057_AlbedoTransparency.mat
  artifactKey: Guid(09b79212f5aec574b92826fcfd7fdce6) Importer(2089858483,0ecaa5967403d082aa24f35e1b516d23)
Start importing Assets/Assets/Laboratory_Table/Materials/Laboratory_Table_Material.057_AlbedoTransparency.mat using Guid(09b79212f5aec574b92826fcfd7fdce6) Importer(2089858483,0ecaa5967403d082aa24f35e1b516d23)  -> (artifact id: '0d6894bce8fc55c57b4b91aa03a1d24a') in 0.026343 seconds
Number of updated asset objects reloaded before import = 0
Number of asset objects unloaded after import = 6
========================================================================
Received Import Request.
  Time since last request: 0.000023 seconds.
  path: Assets/Scenes/Level1/ReflectionProbe-0.exr
  artifactKey: Guid(19453dec598a69448b29f90860effbab) Importer(2089858483,0ecaa5967403d082aa24f35e1b516d23)
Start importing Assets/Scenes/Level1/ReflectionProbe-0.exr using Guid(19453dec598a69448b29f90860effbab) Importer(2089858483,0ecaa5967403d082aa24f35e1b516d23)  -> (artifact id: 'de6de1386580c0a582f38a6ee87538e1') in 0.020124 seconds
Number of updated asset objects reloaded before import = 0
Number of asset objects unloaded after import = 1
========================================================================
Received Import Request.
  Time since last request: 0.000024 seconds.
  path: Assets/Assets/Wall_Security_Camera 1/Security_Wall_Camera.fbx
  artifactKey: Guid(9ab0e0abd4d01c843b736fbcdc70e878) Importer(2089858483,0ecaa5967403d082aa24f35e1b516d23)
Start importing Assets/Assets/Wall_Security_Camera 1/Security_Wall_Camera.fbx using Guid(9ab0e0abd4d01c843b736fbcdc70e878) Importer(2089858483,0ecaa5967403d082aa24f35e1b516d23)  -> (artifact id: 'b12abba75eabb1870dca9e61f73390d1') in 0.025041 seconds
Number of updated asset objects reloaded before import = 0
Number of asset objects unloaded after import = 22
========================================================================
Received Import Request.
  Time since last request: 0.000029 seconds.
  path: Assets/Assets/Wall_Security_Camera 1/Security_Wall_Camera_Material.029_Normal.png
  artifactKey: Guid(1fcca503604db0c4f966962dedf6fd4c) Importer(2089858483,0ecaa5967403d082aa24f35e1b516d23)
Start importing Assets/Assets/Wall_Security_Camera 1/Security_Wall_Camera_Material.029_Normal.png using Guid(1fcca503604db0c4f966962dedf6fd4c) Importer(2089858483,0ecaa5967403d082aa24f35e1b516d23)  -> (artifact id: '689ab1ebd20df3c1726fc5599b73fbf7') in 0.043072 seconds
Number of updated asset objects reloaded before import = 0
Number of asset objects unloaded after import = 1
========================================================================
Received Import Request.
  Time since last request: 0.000029 seconds.
  path: Assets/Assets/Ceiling_Security_Camera/Materials/Security_Ceiling_Camera_DefaultMaterial_AlbedoTransparency.mat
  artifactKey: Guid(cc0f222847beb3442818031bf60ad28a) Importer(2089858483,0ecaa5967403d082aa24f35e1b516d23)
Start importing Assets/Assets/Ceiling_Security_Camera/Materials/Security_Ceiling_Camera_DefaultMaterial_AlbedoTransparency.mat using Guid(cc0f222847beb3442818031bf60ad28a) Importer(2089858483,0ecaa5967403d082aa24f35e1b516d23)  -> (artifact id: '53207958ca57a1afc161d203cb6af7da') in 0.032937 seconds
Number of updated asset objects reloaded before import = 0
Number of asset objects unloaded after import = 6
========================================================================
Received Import Request.
  Time since last request: 0.000023 seconds.
  path: Assets/Prefabs/Container_Fishguts/Container_Containing_Fish_Guts_Material.075_Emissive.1001.png
  artifactKey: Guid(001d57d55a925e742860578b98343940) Importer(2089858483,0ecaa5967403d082aa24f35e1b516d23)
Start importing Assets/Prefabs/Container_Fishguts/Container_Containing_Fish_Guts_Material.075_Emissive.1001.png using Guid(001d57d55a925e742860578b98343940) Importer(2089858483,0ecaa5967403d082aa24f35e1b516d23)  -> (artifact id: 'dd91540f943788505cfa6badf6e97a95') in 0.020435 seconds
Number of updated asset objects reloaded before import = 0
Number of asset objects unloaded after import = 1
========================================================================
Received Import Request.
  Time since last request: 0.000020 seconds.
  path: Assets/IgniteCoders/Simple Water Shader/Resources/Water_mat_02.mat
  artifactKey: Guid(8759ec410a6774b4ea13ae32dc2b8d2e) Importer(2089858483,0ecaa5967403d082aa24f35e1b516d23)
Start importing Assets/IgniteCoders/Simple Water Shader/Resources/Water_mat_02.mat using Guid(8759ec410a6774b4ea13ae32dc2b8d2e) Importer(2089858483,0ecaa5967403d082aa24f35e1b516d23)  -> (artifact id: '2df964d4398850053c92a733b0859478') in 0.157812 seconds
Number of updated asset objects reloaded before import = 0
Number of asset objects unloaded after import = 4
========================================================================
Received Import Request.
  Time since last request: 0.000029 seconds.
  path: Assets/Level_1_Assets_Prefab/Storage_Door/Materials 1/Storage_Lockers_Separeted_Doors_Material.001_AlbedoTransparency.mat
  artifactKey: Guid(6bfd94ae86c2f0743923e2b1c280775e) Importer(2089858483,0ecaa5967403d082aa24f35e1b516d23)
Start importing Assets/Level_1_Assets_Prefab/Storage_Door/Materials 1/Storage_Lockers_Separeted_Doors_Material.001_AlbedoTransparency.mat using Guid(6bfd94ae86c2f0743923e2b1c280775e) Importer(2089858483,0ecaa5967403d082aa24f35e1b516d23)  -> (artifact id: 'c2ce09a63ad1bf426c2eb61191ebda74') in 0.025225 seconds
Number of updated asset objects reloaded before import = 0
Number of asset objects unloaded after import = 6
========================================================================
Received Import Request.
  Time since last request: 0.000066 seconds.
  path: Assets/Media/UI/UI/image.png
  artifactKey: Guid(6e18eec421b183148a8200f409a496f2) Importer(2089858483,0ecaa5967403d082aa24f35e1b516d23)
Start importing Assets/Media/UI/UI/image.png using Guid(6e18eec421b183148a8200f409a496f2) Importer(2089858483,0ecaa5967403d082aa24f35e1b516d23)  -> (artifact id: '09f0fe80136b48524dcb2fba7845993e') in 0.168686 seconds
Number of updated asset objects reloaded before import = 0
Number of asset objects unloaded after import = 3
========================================================================
Received Import Request.
  Time since last request: 0.000073 seconds.
  path: Assets/Media/UI/UI/settings_ui_bg-3.png
  artifactKey: Guid(7e7812219e04d8e49bf8415e6fe3f4a6) Importer(2089858483,0ecaa5967403d082aa24f35e1b516d23)
Start importing Assets/Media/UI/UI/settings_ui_bg-3.png using Guid(7e7812219e04d8e49bf8415e6fe3f4a6) Importer(2089858483,0ecaa5967403d082aa24f35e1b516d23)  -> (artifact id: '8fab3cd0182e765c834ed57aec69401b') in 0.022384 seconds
Number of updated asset objects reloaded before import = 0
Number of asset objects unloaded after import = 3
========================================================================
Received Import Request.
  Time since last request: 0.000021 seconds.
  path: Assets/Media/UI/UI/IMG_0721.png
  artifactKey: Guid(130574dfc8d03724599a6664158f4dc6) Importer(2089858483,0ecaa5967403d082aa24f35e1b516d23)
Start importing Assets/Media/UI/UI/IMG_0721.png using Guid(130574dfc8d03724599a6664158f4dc6) Importer(2089858483,0ecaa5967403d082aa24f35e1b516d23)  -> (artifact id: '747aec7d19932697d5b13b085baa921b') in 0.285007 seconds
Number of updated asset objects reloaded before import = 0
Number of asset objects unloaded after import = 3
========================================================================
Received Import Request.
  Time since last request: 0.000037 seconds.
  path: Assets/Plugins/Demigiant/DOTween/DOTween.dll
  artifactKey: Guid(a811bde74b26b53498b4f6d872b09b6d) Importer(2089858483,0ecaa5967403d082aa24f35e1b516d23)
Start importing Assets/Plugins/Demigiant/DOTween/DOTween.dll using Guid(a811bde74b26b53498b4f6d872b09b6d) Importer(2089858483,0ecaa5967403d082aa24f35e1b516d23)  -> (artifact id: 'fb79f6f740b6e1a219daabc4b89a9a2e') in 0.014069 seconds
Number of updated asset objects reloaded before import = 0
Number of asset objects unloaded after import = 1
========================================================================
Received Import Request.
  Time since last request: 0.000017 seconds.
  path: Assets/Media/UI/UI/settings_ui_handle.png
  artifactKey: Guid(26466b6dd1b7f91449fa9dd903966856) Importer(2089858483,0ecaa5967403d082aa24f35e1b516d23)
Start importing Assets/Media/UI/UI/settings_ui_handle.png using Guid(26466b6dd1b7f91449fa9dd903966856) Importer(2089858483,0ecaa5967403d082aa24f35e1b516d23)  -> (artifact id: '3d0835d10c1e03021d3fcaa5c90eb821') in 0.510564 seconds
Number of updated asset objects reloaded before import = 0
Number of asset objects unloaded after import = 3
========================================================================
Received Import Request.
  Time since last request: 0.000026 seconds.
  path: Assets/Plugins/Demigiant/DOTween/readme.txt
  artifactKey: Guid(fccfc62abf2eb0a4db614853430894fd) Importer(2089858483,0ecaa5967403d082aa24f35e1b516d23)
Start importing Assets/Plugins/Demigiant/DOTween/readme.txt using Guid(fccfc62abf2eb0a4db614853430894fd) Importer(2089858483,0ecaa5967403d082aa24f35e1b516d23)  -> (artifact id: '79cc7f292fed4dc5a82784caed679ff3') in 0.286970 seconds
Number of updated asset objects reloaded before import = 0
Number of asset objects unloaded after import = 1
========================================================================
Received Import Request.
  Time since last request: 0.000067 seconds.
  path: Assets/Prefabs/Fish/Whole/Fish_Whole_Unwrapped_Fish_Whole_Emission.1001.png
  artifactKey: Guid(251b0605e2e1a5640aefd413dc4c7881) Importer(2089858483,0ecaa5967403d082aa24f35e1b516d23)
Start importing Assets/Prefabs/Fish/Whole/Fish_Whole_Unwrapped_Fish_Whole_Emission.1001.png using Guid(251b0605e2e1a5640aefd413dc4c7881) Importer(2089858483,0ecaa5967403d082aa24f35e1b516d23)  -> (artifact id: '622d6c2598612072450e2071deaa5b12') in 0.429461 seconds
Number of updated asset objects reloaded before import = 0
Number of asset objects unloaded after import = 1
========================================================================
Received Import Request.
  Time since last request: 0.000044 seconds.
  path: Assets/Prefabs/Fish/Whole/Fish_Whole_Unwrapped_Fish_Whole_SpecularSmoothness.1001.png
  artifactKey: Guid(0137097d7213d934a9da2236b3e867ac) Importer(2089858483,0ecaa5967403d082aa24f35e1b516d23)
Start importing Assets/Prefabs/Fish/Whole/Fish_Whole_Unwrapped_Fish_Whole_SpecularSmoothness.1001.png using Guid(0137097d7213d934a9da2236b3e867ac) Importer(2089858483,0ecaa5967403d082aa24f35e1b516d23)  -> (artifact id: '327d1a59f149e7ca210cc2cca677b626') in 0.123044 seconds
Number of updated asset objects reloaded before import = 0
Number of asset objects unloaded after import = 1
========================================================================
Received Import Request.
  Time since last request: 0.000027 seconds.
  path: Assets/Media/UI/UI/settings_ui_handle 1.png
  artifactKey: Guid(033ca5c94ea983445a68279be91993eb) Importer(2089858483,0ecaa5967403d082aa24f35e1b516d23)
Start importing Assets/Media/UI/UI/settings_ui_handle 1.png using Guid(033ca5c94ea983445a68279be91993eb) Importer(2089858483,0ecaa5967403d082aa24f35e1b516d23)  -> (artifact id: '3fca14f0abe1dd63210c2acab06081a5') in 0.018502 seconds
Number of updated asset objects reloaded before import = 0
Number of asset objects unloaded after import = 3
========================================================================
Received Import Request.
  Time since last request: 0.000018 seconds.
  path: Assets/IgniteCoders/Simple Water Shader/Resources/WaterSurface_atlas.tif
  artifactKey: Guid(2ed3d41b7c655bf4daa77f71b994f6ed) Importer(2089858483,0ecaa5967403d082aa24f35e1b516d23)
Start importing Assets/IgniteCoders/Simple Water Shader/Resources/WaterSurface_atlas.tif using Guid(2ed3d41b7c655bf4daa77f71b994f6ed) Importer(2089858483,0ecaa5967403d082aa24f35e1b516d23)  -> (artifact id: '1a5282083efb35f9f7e3e0c5ef800326') in 0.022831 seconds
Number of updated asset objects reloaded before import = 0
Number of asset objects unloaded after import = 1
========================================================================
Received Import Request.
  Time since last request: 0.000107 seconds.
  path: Assets/Prefabs/Fish/Whole/Fish_Whole_Unwrapped.fbx
  artifactKey: Guid(0bc484c0ef5f18f458dd2df6c54f1090) Importer(2089858483,0ecaa5967403d082aa24f35e1b516d23)
Start importing Assets/Prefabs/Fish/Whole/Fish_Whole_Unwrapped.fbx using Guid(0bc484c0ef5f18f458dd2df6c54f1090) Importer(2089858483,0ecaa5967403d082aa24f35e1b516d23)  -> (artifact id: '4ca4ff2e0ba1177ba9472104bc49ac0d') in 0.401876 seconds
Number of updated asset objects reloaded before import = 0
Number of asset objects unloaded after import = 8
========================================================================
Received Import Request.
  Time since last request: 0.000023 seconds.
  path: Assets/IgniteCoders/Simple Water Shader/Resources/WaterSurface_single.tif
  artifactKey: Guid(11154d936b05e66498f68fa178c5cfbb) Importer(2089858483,0ecaa5967403d082aa24f35e1b516d23)
Start importing Assets/IgniteCoders/Simple Water Shader/Resources/WaterSurface_single.tif using Guid(11154d936b05e66498f68fa178c5cfbb) Importer(2089858483,0ecaa5967403d082aa24f35e1b516d23)  -> (artifact id: '95265cbeb0d264da80d6d25c07a660c8') in 0.018455 seconds
Number of updated asset objects reloaded before import = 0
Number of asset objects unloaded after import = 1
========================================================================
Received Import Request.
  Time since last request: 0.000028 seconds.
  path: Assets/Media/UI/UI/triangle warning.png
  artifactKey: Guid(a8d227e0f87b90f47854fe26fdf178a4) Importer(2089858483,0ecaa5967403d082aa24f35e1b516d23)
Start importing Assets/Media/UI/UI/triangle warning.png using Guid(a8d227e0f87b90f47854fe26fdf178a4) Importer(2089858483,0ecaa5967403d082aa24f35e1b516d23)  -> (artifact id: '9dd2eaddd9ff67e4b92faca92c0686c5') in 0.054998 seconds
Number of updated asset objects reloaded before import = 0
Number of asset objects unloaded after import = 3
========================================================================
Received Import Request.
  Time since last request: 0.000020 seconds.
  path: Assets/Prefabs/Carousel/Materials/Poles.mat
  artifactKey: Guid(c1ec2d284f4b80649924a5829ef9f800) Importer(2089858483,0ecaa5967403d082aa24f35e1b516d23)
Start importing Assets/Prefabs/Carousel/Materials/Poles.mat using Guid(c1ec2d284f4b80649924a5829ef9f800) Importer(2089858483,0ecaa5967403d082aa24f35e1b516d23)  -> (artifact id: '49360c2116863c1227bf30a39e8de4fb') in 0.017214 seconds
Number of updated asset objects reloaded before import = 0
Number of asset objects unloaded after import = 1
========================================================================
Received Import Request.
  Time since last request: 0.000024 seconds.
  path: Assets/Prefabs/Level 2 Prefabs/Levers/Lever.fbx
  artifactKey: Guid(92e082f22ec13b7428bdb77e40c5451d) Importer(2089858483,0ecaa5967403d082aa24f35e1b516d23)
Start importing Assets/Prefabs/Level 2 Prefabs/Levers/Lever.fbx using Guid(92e082f22ec13b7428bdb77e40c5451d) Importer(2089858483,0ecaa5967403d082aa24f35e1b516d23)  -> (artifact id: 'd066998eb82f1f91df5c300ed2de5906') in 0.226231 seconds
Number of updated asset objects reloaded before import = 0
Number of asset objects unloaded after import = 8
========================================================================
Received Import Request.
  Time since last request: 0.000023 seconds.
  path: Assets/Prefabs/Shipment Containers/Rectangle/Container_Rectangle_DefaultMaterial_Emission.1001.png
  artifactKey: Guid(132137a643ec0a84b9a1511349491691) Importer(2089858483,0ecaa5967403d082aa24f35e1b516d23)
Start importing Assets/Prefabs/Shipment Containers/Rectangle/Container_Rectangle_DefaultMaterial_Emission.1001.png using Guid(132137a643ec0a84b9a1511349491691) Importer(2089858483,0ecaa5967403d082aa24f35e1b516d23)  -> (artifact id: '17e760d0c6cc0889937dc62c64dff3c4') in 0.074781 seconds
Number of updated asset objects reloaded before import = 0
Number of asset objects unloaded after import = 1
========================================================================
Received Import Request.
  Time since last request: 0.000033 seconds.
  path: Assets/Prefabs/Shipment Containers/Rectangle/Container_Rectangle_DefaultMaterial_Normal.1001.png
  artifactKey: Guid(61b4cae27eae05c42a6280b666ad13d9) Importer(2089858483,0ecaa5967403d082aa24f35e1b516d23)
Start importing Assets/Prefabs/Shipment Containers/Rectangle/Container_Rectangle_DefaultMaterial_Normal.1001.png using Guid(61b4cae27eae05c42a6280b666ad13d9) Importer(2089858483,0ecaa5967403d082aa24f35e1b516d23)  -> (artifact id: '747a47f0237b7bb4a63622b07a21a6c7') in 0.026750 seconds
Number of updated asset objects reloaded before import = 0
Number of asset objects unloaded after import = 1
========================================================================
Received Import Request.
  Time since last request: 0.000023 seconds.
  path: Assets/Prefabs/Shipment Containers/Rectangle/Container_Rectangle_DefaultMaterial_AlbedoTransparency.1001.png
  artifactKey: Guid(931692374ffa8694da75987a51944564) Importer(2089858483,0ecaa5967403d082aa24f35e1b516d23)
Start importing Assets/Prefabs/Shipment Containers/Rectangle/Container_Rectangle_DefaultMaterial_AlbedoTransparency.1001.png using Guid(931692374ffa8694da75987a51944564) Importer(2089858483,0ecaa5967403d082aa24f35e1b516d23)  -> (artifact id: '24187735b4be1e0ad7a464f36b6bfb2c') in 0.020094 seconds
Number of updated asset objects reloaded before import = 0
Number of asset objects unloaded after import = 1
========================================================================
Received Import Request.
  Time since last request: 0.000022 seconds.
  path: Assets/Media/UI/UI/scaryImage.png
  artifactKey: Guid(1afbcaf073c5bf949b7f1155eaaa5695) Importer(2089858483,0ecaa5967403d082aa24f35e1b516d23)
Start importing Assets/Media/UI/UI/scaryImage.png using Guid(1afbcaf073c5bf949b7f1155eaaa5695) Importer(2089858483,0ecaa5967403d082aa24f35e1b516d23)  -> (artifact id: 'a2ed2d9d7dcd3f2e21516d64122b33ea') in 0.022178 seconds
Number of updated asset objects reloaded before import = 0
Number of asset objects unloaded after import = 3
========================================================================
Received Import Request.
  Time since last request: 0.000023 seconds.
  path: Assets/Media/Audio/Music/Monitor Level 3.wav
  artifactKey: Guid(ee747b0e999a7f9458b5c21b9d6944a1) Importer(2089858483,0ecaa5967403d082aa24f35e1b516d23)
Start importing Assets/Media/Audio/Music/Monitor Level 3.wav using Guid(ee747b0e999a7f9458b5c21b9d6944a1) Importer(2089858483,0ecaa5967403d082aa24f35e1b516d23)  -> (artifact id: 'f7d588e6d9630594c5dd839846cc4351') in 0.046043 seconds
Number of updated asset objects reloaded before import = 0
Number of asset objects unloaded after import = 1
========================================================================
Received Import Request.
  Time since last request: 0.000019 seconds.
  path: Assets/Media/UI/UI/triangle warning 1.png
  artifactKey: Guid(26e0a2bea14a1ee46ac2200d81665f5e) Importer(2089858483,0ecaa5967403d082aa24f35e1b516d23)
Start importing Assets/Media/UI/UI/triangle warning 1.png using Guid(26e0a2bea14a1ee46ac2200d81665f5e) Importer(2089858483,0ecaa5967403d082aa24f35e1b516d23)  -> (artifact id: 'efe433fd8c53bc315485952e2fa6b9ad') in 0.072514 seconds
Number of updated asset objects reloaded before import = 0
Number of asset objects unloaded after import = 3
========================================================================
Received Import Request.
  Time since last request: 0.000022 seconds.
  path: Assets/Prefabs/Monsters/Frog/phrog_DefaultMaterial_Emission.1001.png
  artifactKey: Guid(376db0bfd6582af4083d069670b26ce0) Importer(2089858483,0ecaa5967403d082aa24f35e1b516d23)
Start importing Assets/Prefabs/Monsters/Frog/phrog_DefaultMaterial_Emission.1001.png using Guid(376db0bfd6582af4083d069670b26ce0) Importer(2089858483,0ecaa5967403d082aa24f35e1b516d23)  -> (artifact id: '4b45051bee3cf5ff0a3690a089fbeaad') in 0.022308 seconds
Number of updated asset objects reloaded before import = 0
Number of asset objects unloaded after import = 1
========================================================================
Received Import Request.
  Time since last request: 0.000028 seconds.
  path: Assets/Prefabs/Shipment Containers/Rectangle/Container_Rectangle_DefaultMaterial_SpecularSmoothness.1001.png
  artifactKey: Guid(113228da9d5fc51458ba2eb6fa620bb7) Importer(2089858483,0ecaa5967403d082aa24f35e1b516d23)
Start importing Assets/Prefabs/Shipment Containers/Rectangle/Container_Rectangle_DefaultMaterial_SpecularSmoothness.1001.png using Guid(113228da9d5fc51458ba2eb6fa620bb7) Importer(2089858483,0ecaa5967403d082aa24f35e1b516d23)  -> (artifact id: '109bf235a7f5dfec3d2e55203fed701d') in 0.024353 seconds
Number of updated asset objects reloaded before import = 0
Number of asset objects unloaded after import = 1
========================================================================
Received Import Request.
  Time since last request: 0.000018 seconds.
  path: Assets/Prefabs/Tentacle/Materials/Tentacle_Animation_Tentacle_AlbedoTransparency.mat
  artifactKey: Guid(e66a294257cbd494186b326745671005) Importer(2089858483,0ecaa5967403d082aa24f35e1b516d23)
Start importing Assets/Prefabs/Tentacle/Materials/Tentacle_Animation_Tentacle_AlbedoTransparency.mat using Guid(e66a294257cbd494186b326745671005) Importer(2089858483,0ecaa5967403d082aa24f35e1b516d23)  -> (artifact id: 'f03b630329b8af1e0b8347e95a20fab4') in 0.022135 seconds
Number of updated asset objects reloaded before import = 0
Number of asset objects unloaded after import = 7
========================================================================
Received Import Request.
  Time since last request: 0.000021 seconds.
  path: Assets/Prefabs/Water/Underwater Effects/Readme.txt
  artifactKey: Guid(7d80d8498539f614e87a6f38f0b95121) Importer(2089858483,0ecaa5967403d082aa24f35e1b516d23)
Start importing Assets/Prefabs/Water/Underwater Effects/Readme.txt using Guid(7d80d8498539f614e87a6f38f0b95121) Importer(2089858483,0ecaa5967403d082aa24f35e1b516d23)  -> (artifact id: '4587415712dbcf7e76c592465bbb3dab') in 0.031955 seconds
Number of updated asset objects reloaded before import = 0
Number of asset objects unloaded after import = 1
========================================================================
Received Import Request.
  Time since last request: 0.000019 seconds.
  path: Assets/Prefabs/Teacup BaseRide/Materials/Tea_Ride_Base_NoTextures_DefaultMaterial_AlbedoTransparency.1001.mat
  artifactKey: Guid(722cdfa0cfc492f4d9e3463a132c4d8d) Importer(2089858483,0ecaa5967403d082aa24f35e1b516d23)
Start importing Assets/Prefabs/Teacup BaseRide/Materials/Tea_Ride_Base_NoTextures_DefaultMaterial_AlbedoTransparency.1001.mat using Guid(722cdfa0cfc492f4d9e3463a132c4d8d) Importer(2089858483,0ecaa5967403d082aa24f35e1b516d23)  -> (artifact id: '2058336997f57b2c8a7f0c6f5bc7454c') in 0.213582 seconds
Number of updated asset objects reloaded before import = 0
Number of asset objects unloaded after import = 5
========================================================================
Received Import Request.
  Time since last request: 0.000024 seconds.
  path: Assets/Prefabs/Shipment Containers/Square/Container_Square_DefaultMaterial_SpecularSmoothness.1001.png
  artifactKey: Guid(bf78a6ff137025a469431b3be751e447) Importer(2089858483,0ecaa5967403d082aa24f35e1b516d23)
Start importing Assets/Prefabs/Shipment Containers/Square/Container_Square_DefaultMaterial_SpecularSmoothness.1001.png using Guid(bf78a6ff137025a469431b3be751e447) Importer(2089858483,0ecaa5967403d082aa24f35e1b516d23)  -> (artifact id: '9da4ff7d28fbc5091c2e4c0ab1d56deb') in 0.023973 seconds
Number of updated asset objects reloaded before import = 0
Number of asset objects unloaded after import = 1
========================================================================
Received Import Request.
  Time since last request: 0.000045 seconds.
  path: Assets/Prefabs/Shipment Containers/Square/Container_Square_DefaultMaterial_AlbedoTransparency.1001.png
  artifactKey: Guid(7fa486f8b01797140b7a5a3e49be7a50) Importer(2089858483,0ecaa5967403d082aa24f35e1b516d23)
Start importing Assets/Prefabs/Shipment Containers/Square/Container_Square_DefaultMaterial_AlbedoTransparency.1001.png using Guid(7fa486f8b01797140b7a5a3e49be7a50) Importer(2089858483,0ecaa5967403d082aa24f35e1b516d23)  -> (artifact id: '71d0e32db1db11d2f838f5302d2f7cd1') in 0.021807 seconds
Number of updated asset objects reloaded before import = 0
Number of asset objects unloaded after import = 1
========================================================================
Received Import Request.
  Time since last request: 0.000050 seconds.
  path: Assets/Prefabs/Teacup BaseRide/Materials/Tea_Cups_NoTextures_DefaultMaterial_AlbedoTransparency.1001 1.mat
  artifactKey: Guid(ee703d0d9c869d2488e7f864ffee484c) Importer(2089858483,0ecaa5967403d082aa24f35e1b516d23)
Start importing Assets/Prefabs/Teacup BaseRide/Materials/Tea_Cups_NoTextures_DefaultMaterial_AlbedoTransparency.1001 1.mat using Guid(ee703d0d9c869d2488e7f864ffee484c) Importer(2089858483,0ecaa5967403d082aa24f35e1b516d23)  -> (artifact id: '383f10ddff60837d055d5c3f3d9151dc') in 0.021546 seconds
Number of updated asset objects reloaded before import = 0
Number of asset objects unloaded after import = 5
========================================================================
Received Import Request.
  Time since last request: 0.000030 seconds.
  path: Assets/TextMesh Pro/Resources/Sprite Assets/EmojiOne.asset
  artifactKey: Guid(c41005c129ba4d66911b75229fd70b45) Importer(2089858483,0ecaa5967403d082aa24f35e1b516d23)
Start importing Assets/TextMesh Pro/Resources/Sprite Assets/EmojiOne.asset using Guid(c41005c129ba4d66911b75229fd70b45) Importer(2089858483,0ecaa5967403d082aa24f35e1b516d23)  -> (artifact id: 'd23e2acfd6a35f8e429a9b7c05e7bec6') in 0.017201 seconds
Number of updated asset objects reloaded before import = 0
Number of asset objects unloaded after import = 3
========================================================================
Received Import Request.
  Time since last request: 0.000027 seconds.
  path: Assets/_Scripts/Core/Utilities/GameObjectExtensions.cs
  artifactKey: Guid(5226199e15d544899e4f4179166fe48e) Importer(2089858483,0ecaa5967403d082aa24f35e1b516d23)
Start importing Assets/_Scripts/Core/Utilities/GameObjectExtensions.cs using Guid(5226199e15d544899e4f4179166fe48e) Importer(2089858483,0ecaa5967403d082aa24f35e1b516d23)  -> (artifact id: '5c24ee50a480d0a0a0603a2b66df8e4f') in 0.012405 seconds
Number of updated asset objects reloaded before import = 0
Number of asset objects unloaded after import = 1
========================================================================
Received Import Request.
  Time since last request: 0.000024 seconds.
  path: Assets/_Scripts/Core/Pattern/ImpersistentSingleton.cs
  artifactKey: Guid(92bc8b7241a172d49ad60604cab264a8) Importer(2089858483,0ecaa5967403d082aa24f35e1b516d23)
Start importing Assets/_Scripts/Core/Pattern/ImpersistentSingleton.cs using Guid(92bc8b7241a172d49ad60604cab264a8) Importer(2089858483,0ecaa5967403d082aa24f35e1b516d23)  -> (artifact id: '1efb73c21a776e2d094fee7c84566b88') in 0.095145 seconds
Number of updated asset objects reloaded before import = 0
Number of asset objects unloaded after import = 1
========================================================================
Received Import Request.
  Time since last request: 0.000055 seconds.
  path: Assets/TextMesh Pro/Resources/Fonts & Materials/LiberationSans SDF - Outline.mat
  artifactKey: Guid(79459efec17a4d00a321bdcc27bbc385) Importer(2089858483,0ecaa5967403d082aa24f35e1b516d23)
Start importing Assets/TextMesh Pro/Resources/Fonts & Materials/LiberationSans SDF - Outline.mat using Guid(79459efec17a4d00a321bdcc27bbc385) Importer(2089858483,0ecaa5967403d082aa24f35e1b516d23)  -> (artifact id: 'f7fa696d5650178586d9ea181d81a63e') in 0.043229 seconds
Number of updated asset objects reloaded before import = 0
Number of asset objects unloaded after import = 2
========================================================================
Received Import Request.
  Time since last request: 0.000020 seconds.
  path: Assets/Prefabs/Shipment Containers/Square/Container_Square_DefaultMaterial_Normal.1001.png
  artifactKey: Guid(1fa5be3f691848848bc7feb4ed78078b) Importer(2089858483,0ecaa5967403d082aa24f35e1b516d23)
Start importing Assets/Prefabs/Shipment Containers/Square/Container_Square_DefaultMaterial_Normal.1001.png using Guid(1fa5be3f691848848bc7feb4ed78078b) Importer(2089858483,0ecaa5967403d082aa24f35e1b516d23)  -> (artifact id: 'a103ed159b94d2074c1d04dadd5c1f74') in 0.027000 seconds
Number of updated asset objects reloaded before import = 0
Number of asset objects unloaded after import = 1
========================================================================
Received Import Request.
  Time since last request: 0.000025 seconds.
  path: Assets/Prefabs/Wood_Plank/Materials/Wood_Plank_Material.090_BaseColor.1001.mat
  artifactKey: Guid(86cffdbb2dcfe8d428f9f29d76b705d1) Importer(2089858483,0ecaa5967403d082aa24f35e1b516d23)
Start importing Assets/Prefabs/Wood_Plank/Materials/Wood_Plank_Material.090_BaseColor.1001.mat using Guid(86cffdbb2dcfe8d428f9f29d76b705d1) Importer(2089858483,0ecaa5967403d082aa24f35e1b516d23)  -> (artifact id: '3ed7f9da9dd5894c0628da665b906a39') in 0.019014 seconds
Number of updated asset objects reloaded before import = 0
Number of asset objects unloaded after import = 6
========================================================================
Received Import Request.
  Time since last request: 0.000023 seconds.
  path: Assets/_Scripts/Core/Pattern/PersistentSingleton.cs
  artifactKey: Guid(d9bba77a0b0743d892ec798abeadf338) Importer(2089858483,0ecaa5967403d082aa24f35e1b516d23)
Start importing Assets/_Scripts/Core/Pattern/PersistentSingleton.cs using Guid(d9bba77a0b0743d892ec798abeadf338) Importer(2089858483,0ecaa5967403d082aa24f35e1b516d23)  -> (artifact id: '735d46d7c4760d441db91b80b840e7d2') in 0.012873 seconds
Number of updated asset objects reloaded before import = 0
Number of asset objects unloaded after import = 1
========================================================================
Received Import Request.
  Time since last request: 0.000033 seconds.
  path: Assets/_Scripts/Systems/GameCore/SceneChangerTrigger.cs
  artifactKey: Guid(6bccb68d4b76b6e41b05caf191e490ed) Importer(2089858483,0ecaa5967403d082aa24f35e1b516d23)
Start importing Assets/_Scripts/Systems/GameCore/SceneChangerTrigger.cs using Guid(6bccb68d4b76b6e41b05caf191e490ed) Importer(2089858483,0ecaa5967403d082aa24f35e1b516d23)  -> (artifact id: '35c66ac4d68a9cfd641d95ce452b5185') in 0.013771 seconds
Number of updated asset objects reloaded before import = 0
Number of asset objects unloaded after import = 1
========================================================================
Received Import Request.
  Time since last request: 0.000037 seconds.
  path: Assets/_Scripts/Systems/Hint System/Hint.cs
  artifactKey: Guid(f1ea252789fa6fb4fb1d64a58d6ce8b1) Importer(2089858483,0ecaa5967403d082aa24f35e1b516d23)
Start importing Assets/_Scripts/Systems/Hint System/Hint.cs using Guid(f1ea252789fa6fb4fb1d64a58d6ce8b1) Importer(2089858483,0ecaa5967403d082aa24f35e1b516d23)  -> (artifact id: '2a00b56087bba2f14ac237e6c507fbaa') in 0.012987 seconds
Number of updated asset objects reloaded before import = 0
Number of asset objects unloaded after import = 1
========================================================================
Received Import Request.
  Time since last request: 0.000029 seconds.
  path: Assets/_Scripts/Systems/Audio/TimelineAudioMixerConnector.cs
  artifactKey: Guid(8467674da2633f046b8dc23fb78cca3b) Importer(2089858483,0ecaa5967403d082aa24f35e1b516d23)
Start importing Assets/_Scripts/Systems/Audio/TimelineAudioMixerConnector.cs using Guid(8467674da2633f046b8dc23fb78cca3b) Importer(2089858483,0ecaa5967403d082aa24f35e1b516d23)  -> (artifact id: 'b65b5427ef14c9ae6a002099b8ed585f') in 0.012308 seconds
Number of updated asset objects reloaded before import = 0
Number of asset objects unloaded after import = 1
========================================================================
Received Import Request.
  Time since last request: 0.000019 seconds.
  path: Assets/Prefabs/Water/Underwater Effects/UnderwaterEffects.shader
  artifactKey: Guid(49f56094dc36d404c9900cd243cc3f22) Importer(2089858483,0ecaa5967403d082aa24f35e1b516d23)
Start importing Assets/Prefabs/Water/Underwater Effects/UnderwaterEffects.shader using Guid(49f56094dc36d404c9900cd243cc3f22) Importer(2089858483,0ecaa5967403d082aa24f35e1b516d23)  -> (artifact id: '3b790db446c769a821f8add28dabbd75') in 0.014165 seconds
Number of updated asset objects reloaded before import = 0
Number of asset objects unloaded after import = 1
========================================================================
Received Import Request.
  Time since last request: 0.000034 seconds.
  path: Assets/Prefabs/Teacup BaseRide/Materials/Tea_Cups_NoTextures_DefaultMaterial_AlbedoTransparency.1001.mat
  artifactKey: Guid(391c00e2fddfc404b981b7297b7799e0) Importer(2089858483,0ecaa5967403d082aa24f35e1b516d23)
Start importing Assets/Prefabs/Teacup BaseRide/Materials/Tea_Cups_NoTextures_DefaultMaterial_AlbedoTransparency.1001.mat using Guid(391c00e2fddfc404b981b7297b7799e0) Importer(2089858483,0ecaa5967403d082aa24f35e1b516d23)  -> (artifact id: '4f953d5d43404cd8063e47e4f18e6379') in 0.026759 seconds
Number of updated asset objects reloaded before import = 0
Number of asset objects unloaded after import = 5
========================================================================
Received Import Request.
  Time since last request: 0.000023 seconds.
  path: Assets/_Scripts/Systems/Cutscene/CutsceneTrigger.cs
  artifactKey: Guid(58dd1e9e1ae212042a9c81cd630fd839) Importer(2089858483,0ecaa5967403d082aa24f35e1b516d23)
Start importing Assets/_Scripts/Systems/Cutscene/CutsceneTrigger.cs using Guid(58dd1e9e1ae212042a9c81cd630fd839) Importer(2089858483,0ecaa5967403d082aa24f35e1b516d23)  -> (artifact id: '5e488ed5483165019d5f5a2aca549773') in 0.015234 seconds
Number of updated asset objects reloaded before import = 0
Number of asset objects unloaded after import = 1
========================================================================
Received Import Request.
  Time since last request: 0.000036 seconds.
  path: Assets/_Scripts/Systems/Debug/DebugScript.cs
  artifactKey: Guid(be291c114d65b9a498522f1b6ac0e5d3) Importer(2089858483,0ecaa5967403d082aa24f35e1b516d23)
Start importing Assets/_Scripts/Systems/Debug/DebugScript.cs using Guid(be291c114d65b9a498522f1b6ac0e5d3) Importer(2089858483,0ecaa5967403d082aa24f35e1b516d23)  -> (artifact id: 'febc300d086ab1cd089bbd5b08454042') in 0.014016 seconds
Number of updated asset objects reloaded before import = 0
Number of asset objects unloaded after import = 1
========================================================================
Received Import Request.
  Time since last request: 0.000028 seconds.
  path: Assets/TextMesh Pro/Resources/Style Sheets/Default Style Sheet.asset
  artifactKey: Guid(f952c082cb03451daed3ee968ac6c63e) Importer(2089858483,0ecaa5967403d082aa24f35e1b516d23)
Start importing Assets/TextMesh Pro/Resources/Style Sheets/Default Style Sheet.asset using Guid(f952c082cb03451daed3ee968ac6c63e) Importer(2089858483,0ecaa5967403d082aa24f35e1b516d23)  -> (artifact id: 'd8feb0b733cbdbc83eb3a7db0234030f') in 0.015095 seconds
Number of updated asset objects reloaded before import = 0
Number of asset objects unloaded after import = 1
========================================================================
Received Import Request.
  Time since last request: 0.000034 seconds.
  path: Assets/TextMesh Pro/Resources/Fonts & Materials/LiberationSans SDF.asset
  artifactKey: Guid(8f586378b4e144a9851e7b34d9b748ee) Importer(2089858483,0ecaa5967403d082aa24f35e1b516d23)
Start importing Assets/TextMesh Pro/Resources/Fonts & Materials/LiberationSans SDF.asset using Guid(8f586378b4e144a9851e7b34d9b748ee) Importer(2089858483,0ecaa5967403d082aa24f35e1b516d23)  -> (artifact id: 'b878d793e7ca6d3917cb0721273b39af') in 0.062736 seconds
Number of updated asset objects reloaded before import = 0
Number of asset objects unloaded after import = 8
========================================================================
Received Import Request.
  Time since last request: 0.000018 seconds.
  path: Assets/_Scripts/Systems/InterAction/DialogueInteractable.cs
  artifactKey: Guid(bc472ec44bf0c7b4493eb7742e40b78c) Importer(2089858483,0ecaa5967403d082aa24f35e1b516d23)
Start importing Assets/_Scripts/Systems/InterAction/DialogueInteractable.cs using Guid(bc472ec44bf0c7b4493eb7742e40b78c) Importer(2089858483,0ecaa5967403d082aa24f35e1b516d23)  -> (artifact id: 'e71a8d6ba71311eef55bc4ca098b0e98') in 0.011990 seconds
Number of updated asset objects reloaded before import = 0
Number of asset objects unloaded after import = 1
========================================================================
Received Import Request.
  Time since last request: 0.000020 seconds.
  path: Assets/_Scripts/Systems/Lights/LighthouseController.cs
  artifactKey: Guid(6f287d01317f7b8478cb43dc17c4afb9) Importer(2089858483,0ecaa5967403d082aa24f35e1b516d23)
Start importing Assets/_Scripts/Systems/Lights/LighthouseController.cs using Guid(6f287d01317f7b8478cb43dc17c4afb9) Importer(2089858483,0ecaa5967403d082aa24f35e1b516d23)  -> (artifact id: '3577028500b77f329d172ad54fa355c2') in 0.013248 seconds
Number of updated asset objects reloaded before import = 0
Number of asset objects unloaded after import = 1
========================================================================
Received Import Request.
  Time since last request: 0.000037 seconds.
  path: Assets/_Scripts/Systems/MonsterSpawner/TentacleController.cs
  artifactKey: Guid(55c310dd58bff7246b6b59d78160556c) Importer(2089858483,0ecaa5967403d082aa24f35e1b516d23)
Start importing Assets/_Scripts/Systems/MonsterSpawner/TentacleController.cs using Guid(55c310dd58bff7246b6b59d78160556c) Importer(2089858483,0ecaa5967403d082aa24f35e1b516d23)  -> (artifact id: '568ca42bfe74dede0fc7d16617cb21af') in 0.023457 seconds
Number of updated asset objects reloaded before import = 0
Number of asset objects unloaded after import = 1
========================================================================
Received Import Request.
  Time since last request: 0.000560 seconds.
  path: Assets/_Scripts/Systems/PauseSystem/GamePlayPauseUI.cs
  artifactKey: Guid(b689fc6145b61ab4f8bf59bd2bfa742a) Importer(2089858483,0ecaa5967403d082aa24f35e1b516d23)
Start importing Assets/_Scripts/Systems/PauseSystem/GamePlayPauseUI.cs using Guid(b689fc6145b61ab4f8bf59bd2bfa742a) Importer(2089858483,0ecaa5967403d082aa24f35e1b516d23)  -> (artifact id: '261c001ed0d85cbd0a886e5a594d59cc') in 0.017389 seconds
Number of updated asset objects reloaded before import = 0
Number of asset objects unloaded after import = 1
========================================================================
Received Import Request.
  Time since last request: 0.000025 seconds.
  path: Assets/_Scripts/Systems/MonsterSpawner/MonsterActivationTrigger.cs
  artifactKey: Guid(4b9b67869c99a1641b05f7a7bf6bda1f) Importer(2089858483,0ecaa5967403d082aa24f35e1b516d23)
Start importing Assets/_Scripts/Systems/MonsterSpawner/MonsterActivationTrigger.cs using Guid(4b9b67869c99a1641b05f7a7bf6bda1f) Importer(2089858483,0ecaa5967403d082aa24f35e1b516d23)  -> (artifact id: 'a5171aa16611b4c424b144c5a13ec403') in 0.012538 seconds
Number of updated asset objects reloaded before import = 0
Number of asset objects unloaded after import = 1
========================================================================
Received Import Request.
  Time since last request: 0.000031 seconds.
  path: Assets/_Scripts/Systems/InterAction/RotatingObjectInteractable.cs
  artifactKey: Guid(ad5effc8e61dc1e49b7428c5875ecb01) Importer(2089858483,0ecaa5967403d082aa24f35e1b516d23)
Start importing Assets/_Scripts/Systems/InterAction/RotatingObjectInteractable.cs using Guid(ad5effc8e61dc1e49b7428c5875ecb01) Importer(2089858483,0ecaa5967403d082aa24f35e1b516d23)  -> (artifact id: '481e46b8ec58bd860fb2a2eeebee1d75') in 0.010439 seconds
Number of updated asset objects reloaded before import = 0
Number of asset objects unloaded after import = 1
========================================================================
Received Import Request.
  Time since last request: 0.000021 seconds.
  path: Assets/_Scripts/Systems/Hint System/HintEvents.cs
  artifactKey: Guid(720d21aaf0179564eae9840d20fbab39) Importer(2089858483,0ecaa5967403d082aa24f35e1b516d23)
Start importing Assets/_Scripts/Systems/Hint System/HintEvents.cs using Guid(720d21aaf0179564eae9840d20fbab39) Importer(2089858483,0ecaa5967403d082aa24f35e1b516d23)  -> (artifact id: '26f8f4b2112ad29f4aecba1960c7556f') in 0.012344 seconds
Number of updated asset objects reloaded before import = 0
Number of asset objects unloaded after import = 1
========================================================================
Received Import Request.
  Time since last request: 0.000027 seconds.
  path: Assets/_Scripts/Systems/PauseSystem/MainMenuPauseUI.cs
  artifactKey: Guid(d4aa279f7fd46f840b4055cd097bbbc3) Importer(2089858483,0ecaa5967403d082aa24f35e1b516d23)
Start importing Assets/_Scripts/Systems/PauseSystem/MainMenuPauseUI.cs using Guid(d4aa279f7fd46f840b4055cd097bbbc3) Importer(2089858483,0ecaa5967403d082aa24f35e1b516d23)  -> (artifact id: 'df6e11ea3e8b5dff7ec65708d11f7385') in 0.013831 seconds
Number of updated asset objects reloaded before import = 0
Number of asset objects unloaded after import = 1
========================================================================
Received Import Request.
  Time since last request: 0.000022 seconds.
  path: Assets/_Scripts/Systems/Input/InputSystem.cs
  artifactKey: Guid(3a6d3936f27de9044b632b611bfcc06a) Importer(2089858483,0ecaa5967403d082aa24f35e1b516d23)
Start importing Assets/_Scripts/Systems/Input/InputSystem.cs using Guid(3a6d3936f27de9044b632b611bfcc06a) Importer(2089858483,0ecaa5967403d082aa24f35e1b516d23)  -> (artifact id: '568f279d74a500455a278c7042bffa19') in 0.010594 seconds
Number of updated asset objects reloaded before import = 0
Number of asset objects unloaded after import = 1
========================================================================
Received Import Request.
  Time since last request: 0.000051 seconds.
  path: Assets/_Scripts/Systems/Management/CameraManager.cs
  artifactKey: Guid(0b67715948eb11a469a88eef42b31695) Importer(2089858483,0ecaa5967403d082aa24f35e1b516d23)
Start importing Assets/_Scripts/Systems/Management/CameraManager.cs using Guid(0b67715948eb11a469a88eef42b31695) Importer(2089858483,0ecaa5967403d082aa24f35e1b516d23)  -> (artifact id: '256159f555b194b5fdae7d6b5b9a1fd2') in 0.013358 seconds
Number of updated asset objects reloaded before import = 0
Number of asset objects unloaded after import = 1
========================================================================
Received Import Request.
  Time since last request: 0.000026 seconds.
  path: Assets/_Scripts/UI/Menu/MenuEventSystemHandler.cs
  artifactKey: Guid(368f37f8146f7fc43a13888be72bee5e) Importer(2089858483,0ecaa5967403d082aa24f35e1b516d23)
Start importing Assets/_Scripts/UI/Menu/MenuEventSystemHandler.cs using Guid(368f37f8146f7fc43a13888be72bee5e) Importer(2089858483,0ecaa5967403d082aa24f35e1b516d23)  -> (artifact id: '11e56b64c73ea6dd022f41385d630e2c') in 0.012761 seconds
Number of updated asset objects reloaded before import = 0
Number of asset objects unloaded after import = 1
========================================================================
Received Import Request.
  Time since last request: 0.000018 seconds.
  path: Assets/Media/Audio/Dialogue/Fish (edited)/Line 1_you_re here.mp3
  artifactKey: Guid(c8b084d7b1c30ff4d9aecc287a3908a5) Importer(2089858483,0ecaa5967403d082aa24f35e1b516d23)
Start importing Assets/Media/Audio/Dialogue/Fish (edited)/Line 1_you_re here.mp3 using Guid(c8b084d7b1c30ff4d9aecc287a3908a5) Importer(2089858483,0ecaa5967403d082aa24f35e1b516d23)  -> (artifact id: 'a476526275e8c50b288ab934383759d6') in 0.037255 seconds
Number of updated asset objects reloaded before import = 0
Number of asset objects unloaded after import = 1
========================================================================
Received Import Request.
  Time since last request: 0.000024 seconds.
  path: Assets/Media/Audio/Dialogue/Fish (edited)/Line 7_puuull pull the lever.mp3
  artifactKey: Guid(94d93d08599cd8346ac34b0a5764eb08) Importer(2089858483,0ecaa5967403d082aa24f35e1b516d23)
Start importing Assets/Media/Audio/Dialogue/Fish (edited)/Line 7_puuull pull the lever.mp3 using Guid(94d93d08599cd8346ac34b0a5764eb08) Importer(2089858483,0ecaa5967403d082aa24f35e1b516d23)  -> (artifact id: '7ea528788b7ec0eb15d761d8869a3d8a') in 0.042179 seconds
Number of updated asset objects reloaded before import = 0
Number of asset objects unloaded after import = 1
========================================================================
Received Import Request.
  Time since last request: 0.000032 seconds.
  path: Assets/_Scripts/UI/Menu/MainMenuEventHandler.cs
  artifactKey: Guid(c8e0b6187ca840148919ac22d5b49e42) Importer(2089858483,0ecaa5967403d082aa24f35e1b516d23)
Start importing Assets/_Scripts/UI/Menu/MainMenuEventHandler.cs using Guid(c8e0b6187ca840148919ac22d5b49e42) Importer(2089858483,0ecaa5967403d082aa24f35e1b516d23)  -> (artifact id: 'ee0f989f23a14bc6e1f71a487d503f3b') in 0.013400 seconds
Number of updated asset objects reloaded before import = 0
Number of asset objects unloaded after import = 1
========================================================================
Received Import Request.
  Time since last request: 0.000021 seconds.
  path: Assets/Media/Audio/Dialogue/Fish (edited)/splash.wav
  artifactKey: Guid(ecd6ab8b10bd2954e8c3149ce8cbce42) Importer(2089858483,0ecaa5967403d082aa24f35e1b516d23)
Start importing Assets/Media/Audio/Dialogue/Fish (edited)/splash.wav using Guid(ecd6ab8b10bd2954e8c3149ce8cbce42) Importer(2089858483,0ecaa5967403d082aa24f35e1b516d23)  -> (artifact id: 'a81cdd2295878eae07eb1686b09992b8') in 0.042485 seconds
Number of updated asset objects reloaded before import = 0
Number of asset objects unloaded after import = 1
========================================================================
Received Import Request.
  Time since last request: 0.000025 seconds.
  path: Assets/Media/Audio/Dialogue/Fish (edited)/Line 5_what you did.mp3
  artifactKey: Guid(787939d0f3917714390823af0787f486) Importer(2089858483,0ecaa5967403d082aa24f35e1b516d23)
Start importing Assets/Media/Audio/Dialogue/Fish (edited)/Line 5_what you did.mp3 using Guid(787939d0f3917714390823af0787f486) Importer(2089858483,0ecaa5967403d082aa24f35e1b516d23)  -> (artifact id: 'cecee4a6781ed0b6a30559eb4e2fc8af') in 0.119493 seconds
Number of updated asset objects reloaded before import = 0
Number of asset objects unloaded after import = 1
========================================================================
Received Import Request.
  Time since last request: 0.000041 seconds.
  path: Assets/_Scripts/Systems/Tutorial/TutorialManager.cs
  artifactKey: Guid(fa77544c422eaa549b90c69f02eb3d18) Importer(2089858483,0ecaa5967403d082aa24f35e1b516d23)
Start importing Assets/_Scripts/Systems/Tutorial/TutorialManager.cs using Guid(fa77544c422eaa549b90c69f02eb3d18) Importer(2089858483,0ecaa5967403d082aa24f35e1b516d23)  -> (artifact id: 'b4d572f413d48ca59054e3005edc0f4f') in 0.018781 seconds
Number of updated asset objects reloaded before import = 0
Number of asset objects unloaded after import = 1
========================================================================
Received Import Request.
  Time since last request: 0.000026 seconds.
  path: Assets/_Scripts/UI/Menu/DeathScreen.cs
  artifactKey: Guid(9843eaa7720a74042adf91273bb4816d) Importer(2089858483,0ecaa5967403d082aa24f35e1b516d23)
Start importing Assets/_Scripts/UI/Menu/DeathScreen.cs using Guid(9843eaa7720a74042adf91273bb4816d) Importer(2089858483,0ecaa5967403d082aa24f35e1b516d23)  -> (artifact id: '52eed60fef507a04349375909ed7a26a') in 0.012454 seconds
Number of updated asset objects reloaded before import = 0
Number of asset objects unloaded after import = 1
========================================================================
Received Import Request.
  Time since last request: 0.000058 seconds.
  path: Assets/Media/Audio/SFX/Game SFX/door opening2.wav
  artifactKey: Guid(7d9159a2c72b37f4d91fb36d96994804) Importer(2089858483,0ecaa5967403d082aa24f35e1b516d23)
Start importing Assets/Media/Audio/SFX/Game SFX/door opening2.wav using Guid(7d9159a2c72b37f4d91fb36d96994804) Importer(2089858483,0ecaa5967403d082aa24f35e1b516d23)  -> (artifact id: 'd9883f4787a1879c4d6f2a9bfec845c1') in 0.032520 seconds
Number of updated asset objects reloaded before import = 0
Number of asset objects unloaded after import = 1
========================================================================
Received Import Request.
  Time since last request: 0.000035 seconds.
  path: Assets/Media/Audio/Dialogue/Pier A Wisteria (edited)/are you awake_01.wav
  artifactKey: Guid(71f8eeaacbf38994caf5b0891e799bdd) Importer(2089858483,0ecaa5967403d082aa24f35e1b516d23)
Start importing Assets/Media/Audio/Dialogue/Pier A Wisteria (edited)/are you awake_01.wav using Guid(71f8eeaacbf38994caf5b0891e799bdd) Importer(2089858483,0ecaa5967403d082aa24f35e1b516d23)  -> (artifact id: '0c4efddb6694e4ec0cdda6914079d449') in 0.037777 seconds
Number of updated asset objects reloaded before import = 0
Number of asset objects unloaded after import = 1
========================================================================
Received Import Request.
  Time since last request: 0.000020 seconds.
  path: Assets/Media/Audio/Dialogue/Pier A Wisteria (edited)/there isnt much time_01.wav
  artifactKey: Guid(f70e20fa698ab3f418333aacee505335) Importer(2089858483,0ecaa5967403d082aa24f35e1b516d23)
Start importing Assets/Media/Audio/Dialogue/Pier A Wisteria (edited)/there isnt much time_01.wav using Guid(f70e20fa698ab3f418333aacee505335) Importer(2089858483,0ecaa5967403d082aa24f35e1b516d23)  -> (artifact id: 'd654f54fcd8e4c6fd2760f1da554fc88') in 0.036581 seconds
Number of updated asset objects reloaded before import = 0
Number of asset objects unloaded after import = 1
========================================================================
Received Import Request.
  Time since last request: 0.000021 seconds.
  path: Assets/Media/Audio/SFX/Game SFX/lever pull.wav
  artifactKey: Guid(2818604d20ed0cf48a8ccd867de1fc39) Importer(2089858483,0ecaa5967403d082aa24f35e1b516d23)
Start importing Assets/Media/Audio/SFX/Game SFX/lever pull.wav using Guid(2818604d20ed0cf48a8ccd867de1fc39) Importer(2089858483,0ecaa5967403d082aa24f35e1b516d23)  -> (artifact id: '83cc0f4717e1d7a59e4ba3962fbfe2e2') in 0.049374 seconds
Number of updated asset objects reloaded before import = 0
Number of asset objects unloaded after import = 1
========================================================================
Received Import Request.
  Time since last request: 0.000021 seconds.
  path: Assets/Media/Audio/Dialogue/Pier A Wisteria (edited)/i disabled your movement restrictions_01.wav
  artifactKey: Guid(5b4caee7eeddf984c8fdb757f8cc267e) Importer(2089858483,0ecaa5967403d082aa24f35e1b516d23)
Start importing Assets/Media/Audio/Dialogue/Pier A Wisteria (edited)/i disabled your movement restrictions_01.wav using Guid(5b4caee7eeddf984c8fdb757f8cc267e) Importer(2089858483,0ecaa5967403d082aa24f35e1b516d23)  -> (artifact id: '5c2d1086a6d9419688d5ba28245ce8fa') in 0.065413 seconds
Number of updated asset objects reloaded before import = 0
Number of asset objects unloaded after import = 1
========================================================================
Received Import Request.
  Time since last request: 0.000026 seconds.
  path: Assets/Media/Audio/Dialogue/Pier A Plume  (edited)/who are you why are you in my head.wav
  artifactKey: Guid(c33c37fb472d1ca408127ef4d3f38c19) Importer(2089858483,0ecaa5967403d082aa24f35e1b516d23)
Start importing Assets/Media/Audio/Dialogue/Pier A Plume  (edited)/who are you why are you in my head.wav using Guid(c33c37fb472d1ca408127ef4d3f38c19) Importer(2089858483,0ecaa5967403d082aa24f35e1b516d23)  -> (artifact id: '49dff8c5a6525797db5a0659c2ce733d') in 0.040512 seconds
Number of updated asset objects reloaded before import = 0
Number of asset objects unloaded after import = 1
========================================================================
Received Import Request.
  Time since last request: 0.000022 seconds.
  path: Assets/Media/Audio/Dialogue/Pier A Wisteria (edited)/youre our only hope_01.wav
  artifactKey: Guid(599779595563eb840a601450951a776c) Importer(2089858483,0ecaa5967403d082aa24f35e1b516d23)
Start importing Assets/Media/Audio/Dialogue/Pier A Wisteria (edited)/youre our only hope_01.wav using Guid(599779595563eb840a601450951a776c) Importer(2089858483,0ecaa5967403d082aa24f35e1b516d23)  -> (artifact id: '9c235c399d479f407891d995420c3db9') in 0.037756 seconds
Number of updated asset objects reloaded before import = 0
Number of asset objects unloaded after import = 1
========================================================================
Received Import Request.
  Time since last request: 0.000018 seconds.
  path: Assets/Media/Audio/SFX/Game SFX/scanner door unlocked.wav
  artifactKey: Guid(42641841207d6034fbc7f6d6bea2044e) Importer(2089858483,0ecaa5967403d082aa24f35e1b516d23)
Start importing Assets/Media/Audio/SFX/Game SFX/scanner door unlocked.wav using Guid(42641841207d6034fbc7f6d6bea2044e) Importer(2089858483,0ecaa5967403d082aa24f35e1b516d23)  -> (artifact id: '596a8582e2af5a2bc0b8a1b20c2e068c') in 0.161365 seconds
Number of updated asset objects reloaded before import = 0
Number of asset objects unloaded after import = 1
========================================================================
Received Import Request.
  Time since last request: 0.000024 seconds.
  path: Assets/Media/Audio/SFX/Game SFX/viking ride.wav
  artifactKey: Guid(6a8a7c87b26334744b34ab25b9b79971) Importer(2089858483,0ecaa5967403d082aa24f35e1b516d23)
Start importing Assets/Media/Audio/SFX/Game SFX/viking ride.wav using Guid(6a8a7c87b26334744b34ab25b9b79971) Importer(2089858483,0ecaa5967403d082aa24f35e1b516d23)  -> (artifact id: '7de826d37f16f6b579ba5532d04eba82') in 0.035686 seconds
Number of updated asset objects reloaded before import = 0
Number of asset objects unloaded after import = 1
========================================================================
Received Import Request.
  Time since last request: 0.000026 seconds.
  path: Assets/Media/Audio/SFX/Game SFX/teacup ride.wav
  artifactKey: Guid(790d325a84556334cb86798c798ae1e4) Importer(2089858483,0ecaa5967403d082aa24f35e1b516d23)
Start importing Assets/Media/Audio/SFX/Game SFX/teacup ride.wav using Guid(790d325a84556334cb86798c798ae1e4) Importer(2089858483,0ecaa5967403d082aa24f35e1b516d23)  -> (artifact id: '1651a7a701c6babfd42dc18276f2432c') in 0.056051 seconds
Number of updated asset objects reloaded before import = 0
Number of asset objects unloaded after import = 1
========================================================================
Received Import Request.
  Time since last request: 0.000021 seconds.
  path: Assets/Media/Audio/Dialogue/Pier A Plume  (edited)/what calm down am i inside a robot.wav
  artifactKey: Guid(d05265d05834aaa4ab3a2c63b0e69cbc) Importer(2089858483,0ecaa5967403d082aa24f35e1b516d23)
Start importing Assets/Media/Audio/Dialogue/Pier A Plume  (edited)/what calm down am i inside a robot.wav using Guid(d05265d05834aaa4ab3a2c63b0e69cbc) Importer(2089858483,0ecaa5967403d082aa24f35e1b516d23)  -> (artifact id: '29906d9da11bb8adeb5650f91b27aa8a') in 0.041132 seconds
Number of updated asset objects reloaded before import = 0
Number of asset objects unloaded after import = 1
========================================================================
Received Import Request.
  Time since last request: 0.000022 seconds.
  path: Assets/Media/Audio/SFX/MenuSFX/Thunder1.mp3
  artifactKey: Guid(493266ead35021c4dbd414898712b664) Importer(2089858483,0ecaa5967403d082aa24f35e1b516d23)
Start importing Assets/Media/Audio/SFX/MenuSFX/Thunder1.mp3 using Guid(493266ead35021c4dbd414898712b664) Importer(2089858483,0ecaa5967403d082aa24f35e1b516d23)  -> (artifact id: '81f53cac01df5a791a4fa98b4d6f716d') in 0.693948 seconds
Number of updated asset objects reloaded before import = 0
Number of asset objects unloaded after import = 1
========================================================================
Received Import Request.
  Time since last request: 0.000026 seconds.
  path: Assets/Prefabs/Gwangju_3D asset/28_SamhuiRestaurant/Textures/SamhuiRestaurant_Trim_Etc_MaskMap.png
  artifactKey: Guid(8699686df70eb7540972083ba7552576) Importer(2089858483,0ecaa5967403d082aa24f35e1b516d23)
Start importing Assets/Prefabs/Gwangju_3D asset/28_SamhuiRestaurant/Textures/SamhuiRestaurant_Trim_Etc_MaskMap.png using Guid(8699686df70eb7540972083ba7552576) Importer(2089858483,0ecaa5967403d082aa24f35e1b516d23)  -> (artifact id: 'c4a63fdde7a0f92321fcc31a410341b4') in 0.030927 seconds
Number of updated asset objects reloaded before import = 0
Number of asset objects unloaded after import = 1
========================================================================
Received Import Request.
  Time since last request: 0.000035 seconds.
  path: Assets/Prefabs/Gwangju_3D asset/28_SamhuiRestaurant/Textures/SamhuiRestaurant_Trim_Etc_Normal.png
  artifactKey: Guid(f06cdfc80d97e5b498510ad1121b76ab) Importer(2089858483,0ecaa5967403d082aa24f35e1b516d23)
Start importing Assets/Prefabs/Gwangju_3D asset/28_SamhuiRestaurant/Textures/SamhuiRestaurant_Trim_Etc_Normal.png using Guid(f06cdfc80d97e5b498510ad1121b76ab) Importer(2089858483,0ecaa5967403d082aa24f35e1b516d23)  -> (artifact id: '1561e8ef615866a914dc90b0561f9fca') in 0.022480 seconds
Number of updated asset objects reloaded before import = 0
Number of asset objects unloaded after import = 1
========================================================================
Received Import Request.
  Time since last request: 0.000025 seconds.
  path: Assets/Prefabs/Gwangju_3D asset/28_SamhuiRestaurant/Textures/SamhuiRestaurant_Diorama_BaseMap.png
  artifactKey: Guid(bb3730bd52215f24ab04d80d00d2bd3a) Importer(2089858483,0ecaa5967403d082aa24f35e1b516d23)
Start importing Assets/Prefabs/Gwangju_3D asset/28_SamhuiRestaurant/Textures/SamhuiRestaurant_Diorama_BaseMap.png using Guid(bb3730bd52215f24ab04d80d00d2bd3a) Importer(2089858483,0ecaa5967403d082aa24f35e1b516d23)  -> (artifact id: 'c1a8b90acce9c7fd8796d5ca9f4206de') in 0.116566 seconds
Number of updated asset objects reloaded before import = 0
Number of asset objects unloaded after import = 1
========================================================================
Received Import Request.
  Time since last request: 0.000021 seconds.
  path: Assets/Prefabs/Gwangju_3D asset/28_SamhuiRestaurant/Textures/SamhuiRestaurant_Diorama_Normal.png
  artifactKey: Guid(17b5d28e89a2caa4d85172ceac95a07d) Importer(2089858483,0ecaa5967403d082aa24f35e1b516d23)
Start importing Assets/Prefabs/Gwangju_3D asset/28_SamhuiRestaurant/Textures/SamhuiRestaurant_Diorama_Normal.png using Guid(17b5d28e89a2caa4d85172ceac95a07d) Importer(2089858483,0ecaa5967403d082aa24f35e1b516d23)  -> (artifact id: 'bd3bc694f56a797822719fd3d153fb23') in 0.105110 seconds
Number of updated asset objects reloaded before import = 0
Number of asset objects unloaded after import = 1
========================================================================
Received Import Request.
  Time since last request: 0.000039 seconds.
  path: Assets/Prefabs/Gwangju_3D asset/28_SamhuiRestaurant/Textures/SamhuiRestaurant_Trim_Floor_Normal.png
  artifactKey: Guid(46787e8604e9a4c4c9ac47b553d25f2c) Importer(2089858483,0ecaa5967403d082aa24f35e1b516d23)
Start importing Assets/Prefabs/Gwangju_3D asset/28_SamhuiRestaurant/Textures/SamhuiRestaurant_Trim_Floor_Normal.png using Guid(46787e8604e9a4c4c9ac47b553d25f2c) Importer(2089858483,0ecaa5967403d082aa24f35e1b516d23)  -> (artifact id: '1347da25e7dfb38e2606edcb22ade736') in 0.064007 seconds
Number of updated asset objects reloaded before import = 0
Number of asset objects unloaded after import = 1
========================================================================
Received Import Request.
  Time since last request: 0.000025 seconds.
  path: Assets/Prefabs/Gwangju_3D asset/28_SamhuiRestaurant/Textures/SamhuiRestaurant_Trim_Floor_MaskMap.png
  artifactKey: Guid(44ffbccbe467ee249a0e9649999153b0) Importer(2089858483,0ecaa5967403d082aa24f35e1b516d23)
Start importing Assets/Prefabs/Gwangju_3D asset/28_SamhuiRestaurant/Textures/SamhuiRestaurant_Trim_Floor_MaskMap.png using Guid(44ffbccbe467ee249a0e9649999153b0) Importer(2089858483,0ecaa5967403d082aa24f35e1b516d23)  -> (artifact id: 'e2b192e670919fed5a0d0d86d6ce0ab2') in 0.045025 seconds
Number of updated asset objects reloaded before import = 0
Number of asset objects unloaded after import = 1
========================================================================
Received Import Request.
  Time since last request: 0.000023 seconds.
  path: Assets/Prefabs/Gwangju_3D asset/Common_Assets/Bg_Preset/Ground_Checker.prefab
  artifactKey: Guid(d77c066d537436643b099fbd106277d0) Importer(2089858483,0ecaa5967403d082aa24f35e1b516d23)
Start importing Assets/Prefabs/Gwangju_3D asset/Common_Assets/Bg_Preset/Ground_Checker.prefab using Guid(d77c066d537436643b099fbd106277d0) Importer(2089858483,0ecaa5967403d082aa24f35e1b516d23)  -> (artifact id: '1ca64ec3c60081a82d3fbc53a825d7db') in 0.094387 seconds
Number of updated asset objects reloaded before import = 0
Number of asset objects unloaded after import = 7
========================================================================
Received Import Request.
  Time since last request: 0.000029 seconds.
  path: Assets/Prefabs/Gwangju_3D asset/28_SamhuiRestaurant/Textures/SamhuiRestaurant_Trim_Floor_BaseMap.png
  artifactKey: Guid(99c2933dde6faaa43b007fc00afc79be) Importer(2089858483,0ecaa5967403d082aa24f35e1b516d23)
Start importing Assets/Prefabs/Gwangju_3D asset/28_SamhuiRestaurant/Textures/SamhuiRestaurant_Trim_Floor_BaseMap.png using Guid(99c2933dde6faaa43b007fc00afc79be) Importer(2089858483,0ecaa5967403d082aa24f35e1b516d23)  -> (artifact id: '679fbab896d63246599d63839601e047') in 0.019973 seconds
Number of updated asset objects reloaded before import = 0
Number of asset objects unloaded after import = 1
========================================================================
Received Import Request.
  Time since last request: 0.000037 seconds.
  path: Assets/Prefabs/Gwangju_3D asset/Scenes/28_SamhuiRestaurant/Lightmap-0_comp_dir.png
  artifactKey: Guid(272e0082c88dca54b8d7e29bb0a97101) Importer(2089858483,0ecaa5967403d082aa24f35e1b516d23)
Start importing Assets/Prefabs/Gwangju_3D asset/Scenes/28_SamhuiRestaurant/Lightmap-0_comp_dir.png using Guid(272e0082c88dca54b8d7e29bb0a97101) Importer(2089858483,0ecaa5967403d082aa24f35e1b516d23)  -> (artifact id: 'e01f8dcd155545ec255f48acc6e93082') in 0.300484 seconds
Number of updated asset objects reloaded before import = 0
Number of asset objects unloaded after import = 1
========================================================================
Received Import Request.
  Time since last request: 0.000035 seconds.
  path: Assets/Prefabs/Gwangju_3D asset/Scenes/28_SamhuiRestaurant/Lightmap-0_comp_shadowmask.png
  artifactKey: Guid(d8359f2e7a0f20f40b8d882cc024aefb) Importer(2089858483,0ecaa5967403d082aa24f35e1b516d23)
Start importing Assets/Prefabs/Gwangju_3D asset/Scenes/28_SamhuiRestaurant/Lightmap-0_comp_shadowmask.png using Guid(d8359f2e7a0f20f40b8d882cc024aefb) Importer(2089858483,0ecaa5967403d082aa24f35e1b516d23)  -> (artifact id: '685a78ffa1fcfcb72e62d84a97e73383') in 0.115569 seconds
Number of updated asset objects reloaded before import = 0
Number of asset objects unloaded after import = 1
========================================================================
Received Import Request.
  Time since last request: 0.000025 seconds.
  path: Assets/Prefabs/Gwangju_3D asset/28_SamhuiRestaurant/Prefabs/SamhuiRestaurant_Diorama.prefab
  artifactKey: Guid(ab24dddddc3c63247a48df346dc6c17f) Importer(2089858483,0ecaa5967403d082aa24f35e1b516d23)
Start importing Assets/Prefabs/Gwangju_3D asset/28_SamhuiRestaurant/Prefabs/SamhuiRestaurant_Diorama.prefab using Guid(ab24dddddc3c63247a48df346dc6c17f) Importer(2089858483,0ecaa5967403d082aa24f35e1b516d23)  -> (artifact id: '54507b2f65374a90b2731f37c0e6a562') in 0.085354 seconds
Number of updated asset objects reloaded before import = 0
Number of asset objects unloaded after import = 19
========================================================================
Received Import Request.
  Time since last request: 0.000031 seconds.
  path: Assets/Prefabs/Gwangju_3D asset/28_SamhuiRestaurant/Materials/SamhuiRestaurant_Trim_Etc_Glass.mat
  artifactKey: Guid(423f28e443b0a0243ae03da5e9ee5d16) Importer(2089858483,0ecaa5967403d082aa24f35e1b516d23)
Start importing Assets/Prefabs/Gwangju_3D asset/28_SamhuiRestaurant/Materials/SamhuiRestaurant_Trim_Etc_Glass.mat using Guid(423f28e443b0a0243ae03da5e9ee5d16) Importer(2089858483,0ecaa5967403d082aa24f35e1b516d23)  -> (artifact id: '897564a3b4c5c293fc25cd2efdce087a') in 0.024686 seconds
Number of updated asset objects reloaded before import = 0
Number of asset objects unloaded after import = 4
========================================================================
Received Import Request.
  Time since last request: 0.000023 seconds.
  path: Assets/Prefabs/Gwangju_3D asset/28_SamhuiRestaurant/Materials/SamhuiRestaurant_Trim_Etc.mat
  artifactKey: Guid(5810cf99804c91746b4e72aa62cb59f9) Importer(2089858483,0ecaa5967403d082aa24f35e1b516d23)
Start importing Assets/Prefabs/Gwangju_3D asset/28_SamhuiRestaurant/Materials/SamhuiRestaurant_Trim_Etc.mat using Guid(5810cf99804c91746b4e72aa62cb59f9) Importer(2089858483,0ecaa5967403d082aa24f35e1b516d23)  -> (artifact id: '39479e22e6d33de04b529fef5329b387') in 0.024180 seconds
Number of updated asset objects reloaded before import = 0
Number of asset objects unloaded after import = 5
========================================================================
Received Import Request.
  Time since last request: 0.000022 seconds.
  path: Assets/Prefabs/Gwangju_3D asset/28_SamhuiRestaurant/Materials/SamhuiRestaurant_Trim_Wall.mat
  artifactKey: Guid(77dfc465aff9b0b4ea7c7ffc68ce9f19) Importer(2089858483,0ecaa5967403d082aa24f35e1b516d23)
Start importing Assets/Prefabs/Gwangju_3D asset/28_SamhuiRestaurant/Materials/SamhuiRestaurant_Trim_Wall.mat using Guid(77dfc465aff9b0b4ea7c7ffc68ce9f19) Importer(2089858483,0ecaa5967403d082aa24f35e1b516d23)  -> (artifact id: '3e9eb4c8e11ec753a04ec5ec32abb01c') in 0.042062 seconds
Number of updated asset objects reloaded before import = 0
Number of asset objects unloaded after import = 4
========================================================================
Received Import Request.
  Time since last request: 0.000018 seconds.
  path: Assets/_Scripts/Systems/Audio/Music/MusicSelector.cs
  artifactKey: Guid(a98372de905ef724f959810b2930e2cb) Importer(2089858483,0ecaa5967403d082aa24f35e1b516d23)
Start importing Assets/_Scripts/Systems/Audio/Music/MusicSelector.cs using Guid(a98372de905ef724f959810b2930e2cb) Importer(2089858483,0ecaa5967403d082aa24f35e1b516d23)  -> (artifact id: '91c78843ed0931f1a06e04c6308aa45d') in 0.014453 seconds
Number of updated asset objects reloaded before import = 0
Number of asset objects unloaded after import = 1
========================================================================
Received Import Request.
  Time since last request: 0.000018 seconds.
  path: Assets/_Scripts/Systems/Audio/Sound/SoundBuilder.cs
  artifactKey: Guid(bfd4612fd48042b7bd4306e6221e3fc3) Importer(2089858483,0ecaa5967403d082aa24f35e1b516d23)
Start importing Assets/_Scripts/Systems/Audio/Sound/SoundBuilder.cs using Guid(bfd4612fd48042b7bd4306e6221e3fc3) Importer(2089858483,0ecaa5967403d082aa24f35e1b516d23)  -> (artifact id: 'c3b2c029f4258445562a0b4ce78e8611') in 0.015978 seconds
Number of updated asset objects reloaded before import = 0
Number of asset objects unloaded after import = 1
========================================================================
Received Import Request.
  Time since last request: 0.000019 seconds.
  path: Assets/Prefabs/MonstersTextures/CoralGolem/Coral_Golem/Coral_Golem.fbx
  artifactKey: Guid(7f4a633bd29756b47bfb005c182c0545) Importer(2089858483,0ecaa5967403d082aa24f35e1b516d23)
Start importing Assets/Prefabs/MonstersTextures/CoralGolem/Coral_Golem/Coral_Golem.fbx using Guid(7f4a633bd29756b47bfb005c182c0545) Importer(2089858483,0ecaa5967403d082aa24f35e1b516d23)  -> (artifact id: 'e3fb7e05f509c44865f233c933be9c89') in 0.022345 seconds
Number of updated asset objects reloaded before import = 0
Number of asset objects unloaded after import = 8
========================================================================
Received Import Request.
  Time since last request: 0.000039 seconds.
  path: Assets/_Scripts/Systems/Audio/Sound/SoundManager.cs
  artifactKey: Guid(b3a6f7fee90847f8a6abe3fa2964e45b) Importer(2089858483,0ecaa5967403d082aa24f35e1b516d23)
Start importing Assets/_Scripts/Systems/Audio/Sound/SoundManager.cs using Guid(b3a6f7fee90847f8a6abe3fa2964e45b) Importer(2089858483,0ecaa5967403d082aa24f35e1b516d23)  -> (artifact id: '6e8badfc84d3151dae1d2574dfc51bd6') in 0.013874 seconds
Number of updated asset objects reloaded before import = 0
Number of asset objects unloaded after import = 1
========================================================================
Received Import Request.
  Time since last request: 0.000053 seconds.
  path: Assets/Media/Audio/Dialogue/Fish (edited)/group fish/group fish 1.wav
  artifactKey: Guid(d516a1abedb515041ad58145ae676dab) Importer(2089858483,0ecaa5967403d082aa24f35e1b516d23)
Start importing Assets/Media/Audio/Dialogue/Fish (edited)/group fish/group fish 1.wav using Guid(d516a1abedb515041ad58145ae676dab) Importer(2089858483,0ecaa5967403d082aa24f35e1b516d23)  -> (artifact id: '65c1823af4ab671db6f483657964b3dc') in 0.034752 seconds
Number of updated asset objects reloaded before import = 0
Number of asset objects unloaded after import = 1
========================================================================
Received Import Request.
  Time since last request: 0.000018 seconds.
  path: Assets/_Scripts/Systems/Audio/Sound/SoundEmitter.cs
  artifactKey: Guid(d33fa71f5c76490799f6b2f371b3e18d) Importer(2089858483,0ecaa5967403d082aa24f35e1b516d23)
Start importing Assets/_Scripts/Systems/Audio/Sound/SoundEmitter.cs using Guid(d33fa71f5c76490799f6b2f371b3e18d) Importer(2089858483,0ecaa5967403d082aa24f35e1b516d23)  -> (artifact id: '7c3ee351d1727d590f098497ef16898e') in 0.012967 seconds
Number of updated asset objects reloaded before import = 0
Number of asset objects unloaded after import = 1
========================================================================
Received Import Request.
  Time since last request: 0.000024 seconds.
  path: Assets/Media/Audio/SFX/Game SFX/frog jumpscare.wav
  artifactKey: Guid(4421c48edc1db6940a38d2bd0cb85afb) Importer(2089858483,0ecaa5967403d082aa24f35e1b516d23)
Start importing Assets/Media/Audio/SFX/Game SFX/frog jumpscare.wav using Guid(4421c48edc1db6940a38d2bd0cb85afb) Importer(2089858483,0ecaa5967403d082aa24f35e1b516d23)  -> (artifact id: '0e44a5a033983bcc210af7070b16518b') in 0.026457 seconds
Number of updated asset objects reloaded before import = 0
Number of asset objects unloaded after import = 1
========================================================================
Received Import Request.
  Time since last request: 0.000023 seconds.
  path: Assets/Prefabs/Gwangju_3D asset/Scenes/28_SamhuiRestaurant/ReflectionProbe-2.exr
  artifactKey: Guid(a6739f0709d04f3468714c5dd21bd1e2) Importer(2089858483,0ecaa5967403d082aa24f35e1b516d23)
Start importing Assets/Prefabs/Gwangju_3D asset/Scenes/28_SamhuiRestaurant/ReflectionProbe-2.exr using Guid(a6739f0709d04f3468714c5dd21bd1e2) Importer(2089858483,0ecaa5967403d082aa24f35e1b516d23)  -> (artifact id: '303721b924bcb7e7e9ce6236af409358') in 0.048947 seconds
Number of updated asset objects reloaded before import = 0
Number of asset objects unloaded after import = 1
========================================================================
Received Import Request.
  Time since last request: 0.000059 seconds.
  path: Assets/Media/Audio/Dialogue/Pier A Wisteria (edited)/ill explain everything in a bit_01.wav
  artifactKey: Guid(0615aecdce2ecda4281a79c04b0732d2) Importer(2089858483,0ecaa5967403d082aa24f35e1b516d23)
Start importing Assets/Media/Audio/Dialogue/Pier A Wisteria (edited)/ill explain everything in a bit_01.wav using Guid(0615aecdce2ecda4281a79c04b0732d2) Importer(2089858483,0ecaa5967403d082aa24f35e1b516d23)  -> (artifact id: '5b5d2e92eabf1e853c23616c932886cc') in 0.040255 seconds
Number of updated asset objects reloaded before import = 0
Number of asset objects unloaded after import = 1
========================================================================
Received Import Request.
  Time since last request: 0.000022 seconds.
  path: Assets/Prefabs/Gwangju_3D asset/28_SamhuiRestaurant/Textures/SamhuiRestaurant_Trim_Etc_BaseMap.png
  artifactKey: Guid(f70fcf61b5a1b9347abce543800f661b) Importer(2089858483,0ecaa5967403d082aa24f35e1b516d23)
Start importing Assets/Prefabs/Gwangju_3D asset/28_SamhuiRestaurant/Textures/SamhuiRestaurant_Trim_Etc_BaseMap.png using Guid(f70fcf61b5a1b9347abce543800f661b) Importer(2089858483,0ecaa5967403d082aa24f35e1b516d23)  -> (artifact id: 'e02c0c67e20f0d947e3e1cd5998d32e9') in 0.020149 seconds
Number of updated asset objects reloaded before import = 0
Number of asset objects unloaded after import = 1
========================================================================
Received Import Request.
  Time since last request: 0.000023 seconds.
  path: Assets/Media/Audio/Dialogue/Fish (edited)/group fish/group fish 3.wav
  artifactKey: Guid(71e463c79a9561a4788064a4e4c9a00c) Importer(2089858483,0ecaa5967403d082aa24f35e1b516d23)
Start importing Assets/Media/Audio/Dialogue/Fish (edited)/group fish/group fish 3.wav using Guid(71e463c79a9561a4788064a4e4c9a00c) Importer(2089858483,0ecaa5967403d082aa24f35e1b516d23)  -> (artifact id: '06b3f7bea57eda5f086408f9c36baf23') in 0.038654 seconds
Number of updated asset objects reloaded before import = 0
Number of asset objects unloaded after import = 1
========================================================================
Received Import Request.
  Time since last request: 0.000022 seconds.
  path: Assets/Plugins/Demigiant/DOTween/Editor/Imgs/DOTweenIcon.png
  artifactKey: Guid(8da095e39e9b4df488dfd436f81116d6) Importer(2089858483,0ecaa5967403d082aa24f35e1b516d23)
Start importing Assets/Plugins/Demigiant/DOTween/Editor/Imgs/DOTweenIcon.png using Guid(8da095e39e9b4df488dfd436f81116d6) Importer(2089858483,0ecaa5967403d082aa24f35e1b516d23)  -> (artifact id: 'aec27f42996a4c6dd782f5747989bec6') in 0.061084 seconds
Number of updated asset objects reloaded before import = 0
Number of asset objects unloaded after import = 1
========================================================================
Received Import Request.
  Time since last request: 0.000039 seconds.
  path: Assets/Prefabs/MonstersTextures/CoralGolem/Coral_Golem/Materials/Coral_Golem_Material.001_AlbedoTransparency.mat
  artifactKey: Guid(449ece1462c6da7419a22db2167e0bc3) Importer(2089858483,0ecaa5967403d082aa24f35e1b516d23)
Start importing Assets/Prefabs/MonstersTextures/CoralGolem/Coral_Golem/Materials/Coral_Golem_Material.001_AlbedoTransparency.mat using Guid(449ece1462c6da7419a22db2167e0bc3) Importer(2089858483,0ecaa5967403d082aa24f35e1b516d23)  -> (artifact id: '169403fc429b4ab2eb73d415761013af') in 0.458350 seconds
Number of updated asset objects reloaded before import = 0
Number of asset objects unloaded after import = 6
========================================================================
Received Import Request.
  Time since last request: 0.000022 seconds.
  path: Assets/Media/Audio/Dialogue/Fish (edited)/group fish/group fish 5.wav
  artifactKey: Guid(968d21e85ed4ed54dadf84d3e2883667) Importer(2089858483,0ecaa5967403d082aa24f35e1b516d23)
Start importing Assets/Media/Audio/Dialogue/Fish (edited)/group fish/group fish 5.wav using Guid(968d21e85ed4ed54dadf84d3e2883667) Importer(2089858483,0ecaa5967403d082aa24f35e1b516d23)  -> (artifact id: '9d9633cbacd9145e074123d3901ec30b') in 0.040331 seconds
Number of updated asset objects reloaded before import = 0
Number of asset objects unloaded after import = 1
========================================================================
Received Import Request.
  Time since last request: 0.000041 seconds.
  path: Assets/Prefabs/MonstersTextures/CoralGolem/Coral_Golem/Coral_Golem_Material.001_AmbientOcclusion.png
  artifactKey: Guid(e5765d5bbad55eb489c62d41c786b6c5) Importer(2089858483,0ecaa5967403d082aa24f35e1b516d23)
Start importing Assets/Prefabs/MonstersTextures/CoralGolem/Coral_Golem/Coral_Golem_Material.001_AmbientOcclusion.png using Guid(e5765d5bbad55eb489c62d41c786b6c5) Importer(2089858483,0ecaa5967403d082aa24f35e1b516d23)  -> (artifact id: '521dec84c3e60e70d193f6bb91d27b50') in 0.021139 seconds
Number of updated asset objects reloaded before import = 0
Number of asset objects unloaded after import = 1
========================================================================
Received Import Request.
  Time since last request: 0.000023 seconds.
  path: Assets/Prefabs/Camera_Waking/Camera_Waking_Up_Animation 1 1.prefab
  artifactKey: Guid(06674f91b8874de4ba7c698feb45cf06) Importer(2089858483,0ecaa5967403d082aa24f35e1b516d23)
Start importing Assets/Prefabs/Camera_Waking/Camera_Waking_Up_Animation 1 1.prefab using Guid(06674f91b8874de4ba7c698feb45cf06) Importer(2089858483,0ecaa5967403d082aa24f35e1b516d23)  -> (artifact id: '702ecae1c62b85d4892efeb1809a53c9') in 0.052675 seconds
Number of updated asset objects reloaded before import = 0
Number of asset objects unloaded after import = 21
========================================================================
Received Import Request.
  Time since last request: 0.000021 seconds.
  path: Assets/Plugins/Demigiant/DOTween/DOTween.dll.mdb
  artifactKey: Guid(4f007001a22b3d24dae350342c4d19c8) Importer(2089858483,0ecaa5967403d082aa24f35e1b516d23)
Start importing Assets/Plugins/Demigiant/DOTween/DOTween.dll.mdb using Guid(4f007001a22b3d24dae350342c4d19c8) Importer(2089858483,0ecaa5967403d082aa24f35e1b516d23)  -> (artifact id: 'dd2b4e88a91420c5528049b503d7731f') in 0.012325 seconds
Number of updated asset objects reloaded before import = 0
Number of asset objects unloaded after import = 1
========================================================================
Received Import Request.
  Time since last request: 0.000021 seconds.
  path: Assets/Prefabs/Carousel/Carousel_Animation_Controller.controller
  artifactKey: Guid(628428e72a02cef499540a9dd32bcabf) Importer(2089858483,0ecaa5967403d082aa24f35e1b516d23)
Start importing Assets/Prefabs/Carousel/Carousel_Animation_Controller.controller using Guid(628428e72a02cef499540a9dd32bcabf) Importer(2089858483,0ecaa5967403d082aa24f35e1b516d23)  -> (artifact id: 'dcf318a1b21742f7df45192e1af8317e') in 0.013057 seconds
Number of updated asset objects reloaded before import = 0
Number of asset objects unloaded after import = 4
========================================================================
Received Import Request.
  Time since last request: 0.000029 seconds.
  path: Assets/AQUARIUM LAB TEXTURED/Aquarium Lab (Layout w fixed UVs) (1)_Material_Normal.1001.png
  artifactKey: Guid(39724baae846ea943ba9da3de21ac3b9) Importer(2089858483,0ecaa5967403d082aa24f35e1b516d23)
Start importing Assets/AQUARIUM LAB TEXTURED/Aquarium Lab (Layout w fixed UVs) (1)_Material_Normal.1001.png using Guid(39724baae846ea943ba9da3de21ac3b9) Importer(2089858483,0ecaa5967403d082aa24f35e1b516d23)  -> (artifact id: 'eaf05cfdf2345d4737ecf5d19e79452b') in 0.136884 seconds
Number of updated asset objects reloaded before import = 0
Number of asset objects unloaded after import = 1
========================================================================
Received Import Request.
  Time since last request: 0.000024 seconds.
  path: Assets/Prefabs/Lever_Final/Lever_Unwrapped.fbx
  artifactKey: Guid(db9c2eac7232a634a8cb172e751535d0) Importer(2089858483,0ecaa5967403d082aa24f35e1b516d23)
Start importing Assets/Prefabs/Lever_Final/Lever_Unwrapped.fbx using Guid(db9c2eac7232a634a8cb172e751535d0) Importer(2089858483,0ecaa5967403d082aa24f35e1b516d23)  -> (artifact id: '0d88fa910fa57d942de30c3768e035ac') in 0.103480 seconds
Number of updated asset objects reloaded before import = 0
Number of asset objects unloaded after import = 18
========================================================================
Received Import Request.
  Time since last request: 0.000034 seconds.
  path: Assets/Prefabs/Rubble 1/RUBBLE 1.obj
  artifactKey: Guid(c224bcd2f12e8ce438a848c89c95dc36) Importer(2089858483,0ecaa5967403d082aa24f35e1b516d23)
Start importing Assets/Prefabs/Rubble 1/RUBBLE 1.obj using Guid(c224bcd2f12e8ce438a848c89c95dc36) Importer(2089858483,0ecaa5967403d082aa24f35e1b516d23)  -> (artifact id: '2075176d289f0c3440defa3ecf1db487') in 0.022320 seconds
Number of updated asset objects reloaded before import = 0
Number of asset objects unloaded after import = 10
========================================================================
Received Import Request.
  Time since last request: 0.000020 seconds.
  path: Assets/Prefabs/Lamp Post 1/Lamp_Post_Unwrapped_Lamp_Post_Emission.1001.png
  artifactKey: Guid(4d4d9712063db2545a0e6f39952b3e3f) Importer(2089858483,0ecaa5967403d082aa24f35e1b516d23)
Start importing Assets/Prefabs/Lamp Post 1/Lamp_Post_Unwrapped_Lamp_Post_Emission.1001.png using Guid(4d4d9712063db2545a0e6f39952b3e3f) Importer(2089858483,0ecaa5967403d082aa24f35e1b516d23)  -> (artifact id: 'b46805c3cf0ff380548fea5d75c71d52') in 0.019967 seconds
Number of updated asset objects reloaded before import = 0
Number of asset objects unloaded after import = 1
========================================================================
Received Import Request.
  Time since last request: 0.000028 seconds.
  path: Assets/Assets/Wall_Security_Camera 1/Security_Wall_Camera_Material.030_AlbedoTransparency.png
  artifactKey: Guid(257d5588493bd1143a547e1e2fa3bbe2) Importer(2089858483,0ecaa5967403d082aa24f35e1b516d23)
Start importing Assets/Assets/Wall_Security_Camera 1/Security_Wall_Camera_Material.030_AlbedoTransparency.png using Guid(257d5588493bd1143a547e1e2fa3bbe2) Importer(2089858483,0ecaa5967403d082aa24f35e1b516d23)  -> (artifact id: '2c0f99e5ef977c7ea9fe765d0068897e') in 0.024906 seconds
Number of updated asset objects reloaded before import = 0
Number of asset objects unloaded after import = 1
========================================================================
Received Import Request.
  Time since last request: 0.000017 seconds.
  path: Assets/Prefabs/Wood_Plank/Wood_Plank_Material.090_Metallic.1001.png
  artifactKey: Guid(0555847a50f6b3a428a6e384f0d59529) Importer(2089858483,0ecaa5967403d082aa24f35e1b516d23)
Start importing Assets/Prefabs/Wood_Plank/Wood_Plank_Material.090_Metallic.1001.png using Guid(0555847a50f6b3a428a6e384f0d59529) Importer(2089858483,0ecaa5967403d082aa24f35e1b516d23)  -> (artifact id: 'd144a2f362f9525f24231b538b905bf0') in 0.020944 seconds
Number of updated asset objects reloaded before import = 0
Number of asset objects unloaded after import = 1
========================================================================
Received Import Request.
  Time since last request: 0.000022 seconds.
  path: Assets/Materials/Emissive Red.mat
  artifactKey: Guid(1942936467589a144aa6bb6eb34fe2bb) Importer(2089858483,0ecaa5967403d082aa24f35e1b516d23)
Start importing Assets/Materials/Emissive Red.mat using Guid(1942936467589a144aa6bb6eb34fe2bb) Importer(2089858483,0ecaa5967403d082aa24f35e1b516d23)  -> (artifact id: 'aca67685a7cefdd3f5e816f752fecdd8') in 0.014185 seconds
Number of updated asset objects reloaded before import = 0
Number of asset objects unloaded after import = 1
========================================================================
Received Import Request.
  Time since last request: 0.000031 seconds.
  path: Assets/Prefabs/Teacup BaseRide/Tea_Ride_Base_NoTextures_DefaultMaterial_Normal.1001.png
  artifactKey: Guid(5734485fcb895ed47adea05f7063e44e) Importer(2089858483,0ecaa5967403d082aa24f35e1b516d23)
Start importing Assets/Prefabs/Teacup BaseRide/Tea_Ride_Base_NoTextures_DefaultMaterial_Normal.1001.png using Guid(5734485fcb895ed47adea05f7063e44e) Importer(2089858483,0ecaa5967403d082aa24f35e1b516d23)  -> (artifact id: '35e7add41dfc5aba3fade0b969784fa1') in 0.022330 seconds
Number of updated asset objects reloaded before import = 0
Number of asset objects unloaded after import = 1
========================================================================
Received Import Request.
  Time since last request: 0.000016 seconds.
  path: Assets/Materials/ferry rental poster at ticket booth.png
  artifactKey: Guid(67eb97192c7c16e4f8ff5dc1527f57fe) Importer(2089858483,0ecaa5967403d082aa24f35e1b516d23)
Start importing Assets/Materials/ferry rental poster at ticket booth.png using Guid(67eb97192c7c16e4f8ff5dc1527f57fe) Importer(2089858483,0ecaa5967403d082aa24f35e1b516d23)  -> (artifact id: '1f685e7a1486414c72757dfa9203641f') in 0.023114 seconds
Number of updated asset objects reloaded before import = 0
Number of asset objects unloaded after import = 1
========================================================================
Received Import Request.
  Time since last request: 0.000025 seconds.
  path: Assets/Materials/blood splatter 3.mat
  artifactKey: Guid(bfefa6827319ab04cb96edc4848d7174) Importer(2089858483,0ecaa5967403d082aa24f35e1b516d23)
Start importing Assets/Materials/blood splatter 3.mat using Guid(bfefa6827319ab04cb96edc4848d7174) Importer(2089858483,0ecaa5967403d082aa24f35e1b516d23)  -> (artifact id: '396bcbf5d84400437d7e296f31e1496c') in 0.022818 seconds
Number of updated asset objects reloaded before import = 0
Number of asset objects unloaded after import = 2
========================================================================
Received Import Request.
  Time since last request: 0.000037 seconds.
  path: Assets/Prefabs/Tentacle/Tentacle_Animation_Tentacle_Height_).png
  artifactKey: Guid(dd865fd2e5fd2634b89fd8f71909d93e) Importer(2089858483,0ecaa5967403d082aa24f35e1b516d23)
Start importing Assets/Prefabs/Tentacle/Tentacle_Animation_Tentacle_Height_).png using Guid(dd865fd2e5fd2634b89fd8f71909d93e) Importer(2089858483,0ecaa5967403d082aa24f35e1b516d23)  -> (artifact id: '363b7d3c0f96f5a489b8c23d9fe0e65a') in 0.018447 seconds
Number of updated asset objects reloaded before import = 0
Number of asset objects unloaded after import = 1
========================================================================
Received Import Request.
  Time since last request: 0.000020 seconds.
  path: Assets/Prefabs/Carnival Stall/New Material 1.mat
  artifactKey: Guid(61221b152d8251e449247418499eb1c9) Importer(2089858483,0ecaa5967403d082aa24f35e1b516d23)
Start importing Assets/Prefabs/Carnival Stall/New Material 1.mat using Guid(61221b152d8251e449247418499eb1c9) Importer(2089858483,0ecaa5967403d082aa24f35e1b516d23)  -> (artifact id: 'febab4dc077892564f870e8b91356d52') in 0.025535 seconds
Number of updated asset objects reloaded before import = 0
Number of asset objects unloaded after import = 6
========================================================================
Received Import Request.
  Time since last request: 0.000024 seconds.
  path: Assets/Assets/Table_N_Chair/Table_N_Chair_Material.047_Emission.png
  artifactKey: Guid(0260166037f36094c84c4d2972064573) Importer(2089858483,0ecaa5967403d082aa24f35e1b516d23)
Start importing Assets/Assets/Table_N_Chair/Table_N_Chair_Material.047_Emission.png using Guid(0260166037f36094c84c4d2972064573) Importer(2089858483,0ecaa5967403d082aa24f35e1b516d23)  -> (artifact id: '61261377c323ed3bfc69894e68ba7beb') in 0.020517 seconds
Number of updated asset objects reloaded before import = 0
Number of asset objects unloaded after import = 1
========================================================================
Received Import Request.
  Time since last request: 0.000017 seconds.
  path: Assets/Materials/moon_squarebox.png
  artifactKey: Guid(e00fe2482d1e554449ddad5620ec9812) Importer(2089858483,0ecaa5967403d082aa24f35e1b516d23)
Start importing Assets/Materials/moon_squarebox.png using Guid(e00fe2482d1e554449ddad5620ec9812) Importer(2089858483,0ecaa5967403d082aa24f35e1b516d23)  -> (artifact id: 'c208864166f3aedaa6dbee7b0e38cd37') in 0.021539 seconds
Number of updated asset objects reloaded before import = 0
Number of asset objects unloaded after import = 1
========================================================================
Received Import Request.
  Time since last request: 0.000022 seconds.
  path: Assets/Media/UI/top-l.png
  artifactKey: Guid(a3976005b7ce0a047abafbd5be002592) Importer(2089858483,0ecaa5967403d082aa24f35e1b516d23)
Start importing Assets/Media/UI/top-l.png using Guid(a3976005b7ce0a047abafbd5be002592) Importer(2089858483,0ecaa5967403d082aa24f35e1b516d23)  -> (artifact id: '889a75994b70632fb1d9fb3fd2abc0c8') in 0.171939 seconds
Number of updated asset objects reloaded before import = 0
Number of asset objects unloaded after import = 3
========================================================================
Received Import Request.
  Time since last request: 0.000022 seconds.
  path: Assets/Media/Cutscene/LastFishCutsceneTimeline.playable
  artifactKey: Guid(6459dc1f7da30c54b90f04913a02a259) Importer(2089858483,0ecaa5967403d082aa24f35e1b516d23)
Start importing Assets/Media/Cutscene/LastFishCutsceneTimeline.playable using Guid(6459dc1f7da30c54b90f04913a02a259) Importer(2089858483,0ecaa5967403d082aa24f35e1b516d23)  -> (artifact id: 'a6eb062853fc5ebdcca02e2861033ae9') in 0.022622 seconds
Number of updated asset objects reloaded before import = 0
Number of asset objects unloaded after import = 43
========================================================================
Received Import Request.
  Time since last request: 0.000093 seconds.
  path: Assets/Media/UI/bottom-r.png
  artifactKey: Guid(2cf6c3bd1f1f0d14fb1204307f724d0c) Importer(2089858483,0ecaa5967403d082aa24f35e1b516d23)
Start importing Assets/Media/UI/bottom-r.png using Guid(2cf6c3bd1f1f0d14fb1204307f724d0c) Importer(2089858483,0ecaa5967403d082aa24f35e1b516d23)  -> (artifact id: '4be265e398437d49eb2e7392f8b77f5c') in 0.093656 seconds
Number of updated asset objects reloaded before import = 0
Number of asset objects unloaded after import = 3
========================================================================
Received Import Request.
  Time since last request: 0.000022 seconds.
  path: Assets/Assets/Trash_Bin/Trash_Bin_Material.019_AlbedoTransparency.png
  artifactKey: Guid(83cf5b7b9cdc5dc43a07577a7911cde6) Importer(2089858483,0ecaa5967403d082aa24f35e1b516d23)
Start importing Assets/Assets/Trash_Bin/Trash_Bin_Material.019_AlbedoTransparency.png using Guid(83cf5b7b9cdc5dc43a07577a7911cde6) Importer(2089858483,0ecaa5967403d082aa24f35e1b516d23)  -> (artifact id: '3673cddd50e4e60ae4315226538d5bee') in 0.022557 seconds
Number of updated asset objects reloaded before import = 0
Number of asset objects unloaded after import = 1
========================================================================
Received Import Request.
  Time since last request: 0.000022 seconds.
  path: Assets/Prefabs/Carnival Stall/carnival stall_DefaultMaterial_Emission.1001.png
  artifactKey: Guid(c8fdcac4d65c59c4b99fd57548fe1ff8) Importer(2089858483,0ecaa5967403d082aa24f35e1b516d23)
Start importing Assets/Prefabs/Carnival Stall/carnival stall_DefaultMaterial_Emission.1001.png using Guid(c8fdcac4d65c59c4b99fd57548fe1ff8) Importer(2089858483,0ecaa5967403d082aa24f35e1b516d23)  -> (artifact id: '870a674e2b4059a504929115fd2a55ff') in 0.104664 seconds
Number of updated asset objects reloaded before import = 0
Number of asset objects unloaded after import = 1
========================================================================
Received Import Request.
  Time since last request: 0.000041 seconds.
  path: Assets/Level_1_Assets_Prefab/Storage_Door/Storage_Lockers_Separeted_Doors_Material.003_AlbedoTransparency.png
  artifactKey: Guid(d5db3834b9b738d47b6ea5b894c59ac7) Importer(2089858483,0ecaa5967403d082aa24f35e1b516d23)
Start importing Assets/Level_1_Assets_Prefab/Storage_Door/Storage_Lockers_Separeted_Doors_Material.003_AlbedoTransparency.png using Guid(d5db3834b9b738d47b6ea5b894c59ac7) Importer(2089858483,0ecaa5967403d082aa24f35e1b516d23)  -> (artifact id: '7b5a7aab88b3f97b804eb62437fa3a06') in 0.019403 seconds
Number of updated asset objects reloaded before import = 0
Number of asset objects unloaded after import = 1
========================================================================
Received Import Request.
  Time since last request: 38.401751 seconds.
  path: Assets/Media/UI/UI/image_2025-05-23_153241300-removebg-preview.png
  artifactKey: Guid(13992bb79d6c3ec408255d2803a6480c) Importer(815301076,1909f56bfc062723c751e8b465ee728b)
Start importing Assets/Media/UI/UI/image_2025-05-23_153241300-removebg-preview.png using Guid(13992bb79d6c3ec408255d2803a6480c) Importer(815301076,1909f56bfc062723c751e8b465ee728b)  -> (artifact id: '6b31f56fef4082065d31e4467d94c500') in 0.030552 seconds
Number of updated asset objects reloaded before import = 0
Number of asset objects unloaded after import = 3
========================================================================
Received Import Request.
  Time since last request: 0.000018 seconds.
  path: Assets/Media/UI/UI/scaryImage.png
  artifactKey: Guid(1afbcaf073c5bf949b7f1155eaaa5695) Importer(815301076,1909f56bfc062723c751e8b465ee728b)
Start importing Assets/Media/UI/UI/scaryImage.png using Guid(1afbcaf073c5bf949b7f1155eaaa5695) Importer(815301076,1909f56bfc062723c751e8b465ee728b)  -> (artifact id: '8fd55c93c6aed49dc96335c0a22d8a6c') in 0.020549 seconds
Number of updated asset objects reloaded before import = 0
Number of asset objects unloaded after import = 3
========================================================================
Received Import Request.
  Time since last request: 0.000024 seconds.
  path: Assets/Media/UI/UI/IMG_2322.png
  artifactKey: Guid(7f24b3caf108cd34d98330fbca2d1ad7) Importer(815301076,1909f56bfc062723c751e8b465ee728b)
Start importing Assets/Media/UI/UI/IMG_2322.png using Guid(7f24b3caf108cd34d98330fbca2d1ad7) Importer(815301076,1909f56bfc062723c751e8b465ee728b)  -> (artifact id: 'b1e06fd209b801e4c0072450a1152bc3') in 0.018537 seconds
Number of updated asset objects reloaded before import = 0
Number of asset objects unloaded after import = 3
========================================================================
Received Import Request.
  Time since last request: 0.000022 seconds.
  path: Assets/Media/UI/UI/triangle warning.png
  artifactKey: Guid(a8d227e0f87b90f47854fe26fdf178a4) Importer(815301076,1909f56bfc062723c751e8b465ee728b)
Start importing Assets/Media/UI/UI/triangle warning.png using Guid(a8d227e0f87b90f47854fe26fdf178a4) Importer(815301076,1909f56bfc062723c751e8b465ee728b)  -> (artifact id: 'b319b68cb921bce0a339b57150c75d41') in 0.018676 seconds
Number of updated asset objects reloaded before import = 0
Number of asset objects unloaded after import = 3
========================================================================
Received Import Request.
  Time since last request: 0.000028 seconds.
  path: Assets/Media/UI/UI/settings_ui_handle.png
  artifactKey: Guid(26466b6dd1b7f91449fa9dd903966856) Importer(815301076,1909f56bfc062723c751e8b465ee728b)
Start importing Assets/Media/UI/UI/settings_ui_handle.png using Guid(26466b6dd1b7f91449fa9dd903966856) Importer(815301076,1909f56bfc062723c751e8b465ee728b)  -> (artifact id: '74b5728a18ea7397b467dcafaf46d8dc') in 0.017371 seconds
Number of updated asset objects reloaded before import = 0
Number of asset objects unloaded after import = 3
========================================================================
Received Import Request.
  Time since last request: 0.000023 seconds.
  path: Assets/Media/UI/UI/IMG_0719.png
  artifactKey: Guid(9fe21eb01a3f39d458c5735b593a061f) Importer(815301076,1909f56bfc062723c751e8b465ee728b)
Start importing Assets/Media/UI/UI/IMG_0719.png using Guid(9fe21eb01a3f39d458c5735b593a061f) Importer(815301076,1909f56bfc062723c751e8b465ee728b)  -> (artifact id: '05c39658b7e53030ee6e5460efee4e05') in 0.016106 seconds
Number of updated asset objects reloaded before import = 0
Number of asset objects unloaded after import = 3
========================================================================
Received Import Request.
  Time since last request: 0.000023 seconds.
  path: Assets/Media/UI/UI/settings_ui_bg.png
  artifactKey: Guid(cb7a937e50a6fd743bebdce727901d46) Importer(815301076,1909f56bfc062723c751e8b465ee728b)
Start importing Assets/Media/UI/UI/settings_ui_bg.png using Guid(cb7a937e50a6fd743bebdce727901d46) Importer(815301076,1909f56bfc062723c751e8b465ee728b)  -> (artifact id: '1cffc5bd7a169f3c20201b5bfd232a19') in 0.019415 seconds
Number of updated asset objects reloaded before import = 0
Number of asset objects unloaded after import = 3
========================================================================
Received Import Request.
  Time since last request: 0.000021 seconds.
  path: Assets/Media/UI/UI/triangle_warning-removebg-preview.png
  artifactKey: Guid(42457955a2eab704684cd4daa9036575) Importer(815301076,1909f56bfc062723c751e8b465ee728b)
Start importing Assets/Media/UI/UI/triangle_warning-removebg-preview.png using Guid(42457955a2eab704684cd4daa9036575) Importer(815301076,1909f56bfc062723c751e8b465ee728b)  -> (artifact id: '094bdbc32f28931a0bedc00e2c2060f3') in 0.016965 seconds
Number of updated asset objects reloaded before import = 0
Number of asset objects unloaded after import = 3
========================================================================
Received Import Request.
  Time since last request: 0.000022 seconds.
  path: Assets/Media/UI/UI/IMG_0785.png
  artifactKey: Guid(fb07a6df0a880554ca2c312d62a5511b) Importer(815301076,1909f56bfc062723c751e8b465ee728b)
Start importing Assets/Media/UI/UI/IMG_0785.png using Guid(fb07a6df0a880554ca2c312d62a5511b) Importer(815301076,1909f56bfc062723c751e8b465ee728b)  -> (artifact id: 'ea0d9f4f06b3ea87e9a86f0723f03c11') in 0.018010 seconds
Number of updated asset objects reloaded before import = 0
Number of asset objects unloaded after import = 3
Editor requested this worker to shutdown with reason: Scaling down because of idle timeout
TcpMessagingSession - receive error: operation aborted. errorcode: 995, details: The I/O operation has been aborted because of either a thread exit or an application request.
AssetImportWorker is now disconnected from the server
Process exiting
Exiting without the bug reporter. Application will terminate with return code 0