Using pre-set license
Built from '2022.3/staging' branch; Version is '2022.3.22f1 (887be4894c44) revision 8944612'; Using compiler version '192829333'; Build Type 'Release'
OS: 'Windows 11  (10.0.26100) 64bit Professional' Language: 'en' Physical Memory: 28565 MB
BatchMode: 1, IsHumanControllingUs: 0, StartBugReporterOnCrash: 0, Is64bit: 1, IsPro: 1

COMMAND LINE ARGUMENTS:
C:\Program Files\Unity\Hub\Editor\2022.3.22f1\Editor\Unity.exe
-adb2
-batchMode
-noUpm
-name
AssetImportWorker2
-projectPath
D:/Unity/MonitorLeg8
-logFile
Logs/AssetImportWorker2.log
-srvPort
58601
Successfully changed project path to: D:/Unity/MonitorLeg8
D:/Unity/MonitorLeg8
[UnityMemory] Configuration Parameters - Can be set up in boot.config
    "memorysetup-bucket-allocator-granularity=16"
    "memorysetup-bucket-allocator-bucket-count=8"
    "memorysetup-bucket-allocator-block-size=33554432"
    "memorysetup-bucket-allocator-block-count=8"
    "memorysetup-main-allocator-block-size=16777216"
    "memorysetup-thread-allocator-block-size=16777216"
    "memorysetup-gfx-main-allocator-block-size=16777216"
    "memorysetup-gfx-thread-allocator-block-size=16777216"
    "memorysetup-cache-allocator-block-size=4194304"
    "memorysetup-typetree-allocator-block-size=2097152"
    "memorysetup-profiler-bucket-allocator-granularity=16"
    "memorysetup-profiler-bucket-allocator-bucket-count=8"
    "memorysetup-profiler-bucket-allocator-block-size=33554432"
    "memorysetup-profiler-bucket-allocator-block-count=8"
    "memorysetup-profiler-allocator-block-size=16777216"
    "memorysetup-profiler-editor-allocator-block-size=1048576"
    "memorysetup-temp-allocator-size-main=16777216"
    "memorysetup-job-temp-allocator-block-size=2097152"
    "memorysetup-job-temp-allocator-block-size-background=1048576"
    "memorysetup-job-temp-allocator-reduction-small-platforms=262144"
    "memorysetup-allocator-temp-initial-block-size-main=262144"
    "memorysetup-allocator-temp-initial-block-size-worker=262144"
    "memorysetup-temp-allocator-size-background-worker=32768"
    "memorysetup-temp-allocator-size-job-worker=262144"
    "memorysetup-temp-allocator-size-preload-manager=33554432"
    "memorysetup-temp-allocator-size-nav-mesh-worker=65536"
    "memorysetup-temp-allocator-size-audio-worker=65536"
    "memorysetup-temp-allocator-size-cloud-worker=32768"
    "memorysetup-temp-allocator-size-gi-baking-worker=262144"
    "memorysetup-temp-allocator-size-gfx=262144"
Player connection [20380] Host "[IP] 192.168.254.114 [Port] 0 [Flags] 2 [Guid] 340234636 [EditorId] 340234636 [Version] 1048832 [Id] WindowsEditor(7,DESKTOP-GSFHFT3) [Debug] 1 [PackageName] WindowsEditor [ProjectName] Editor" joined multi-casting on [225.0.0.222:54997]...

Player connection [20380] Host "[IP] 192.168.254.114 [Port] 0 [Flags] 2 [Guid] 340234636 [EditorId] 340234636 [Version] 1048832 [Id] WindowsEditor(7,DESKTOP-GSFHFT3) [Debug] 1 [PackageName] WindowsEditor [ProjectName] Editor" joined alternative multi-casting on [225.0.0.222:34997]...

[Physics::Module] Initialized MultithreadedJobDispatcher with 11 workers.
Refreshing native plugins compatible for Editor in 9.17 ms, found 3 plugins.
Preloading 0 native plugins for Editor in 0.00 ms.
Initialize engine version: 2022.3.22f1 (887be4894c44)
[Subsystems] Discovering subsystems at path C:/Program Files/Unity/Hub/Editor/2022.3.22f1/Editor/Data/Resources/UnitySubsystems
[Subsystems] Discovering subsystems at path D:/Unity/MonitorLeg8/Assets
GfxDevice: creating device client; threaded=0; jobified=0
Direct3D:
    Version:  Direct3D 11.0 [level 11.1]
    Renderer: NVIDIA GeForce RTX 4060 (ID=0x2882)
    Vendor:   NVIDIA
    VRAM:     7957 MB
    Driver:   32.0.15.6094
Initialize mono
Mono path[0] = 'C:/Program Files/Unity/Hub/Editor/2022.3.22f1/Editor/Data/Managed'
Mono path[1] = 'C:/Program Files/Unity/Hub/Editor/2022.3.22f1/Editor/Data/MonoBleedingEdge/lib/mono/unityjit-win32'
Mono config path = 'C:/Program Files/Unity/Hub/Editor/2022.3.22f1/Editor/Data/MonoBleedingEdge/etc'
Using monoOptions --debugger-agent=transport=dt_socket,embedding=1,server=y,suspend=n,address=127.0.0.1:56840
Begin MonoManager ReloadAssembly
Registering precompiled unity dll's ...
Register platform support module: C:/Program Files/Unity/Hub/Editor/2022.3.22f1/Editor/Data/PlaybackEngines/WebGLSupport/UnityEditor.WebGL.Extensions.dll
Register platform support module: C:/Program Files/Unity/Hub/Editor/2022.3.22f1/Editor/Data/PlaybackEngines/AndroidPlayer/UnityEditor.Android.Extensions.dll
Register platform support module: C:/Program Files/Unity/Hub/Editor/2022.3.22f1/Editor/Data/PlaybackEngines/WindowsStandaloneSupport/UnityEditor.WindowsStandalone.Extensions.dll
Registered in 0.009923 seconds.
- Loaded All Assemblies, in  0.301 seconds
Native extension for WindowsStandalone target not found
Native extension for Android target not found
Android Extension - Scanning For ADB Devices 261 ms
Native extension for WebGL target not found
Mono: successfully reloaded assembly
- Finished resetting the current domain, in  0.542 seconds
Domain Reload Profiling: 842ms
	BeginReloadAssembly (94ms)
		ExecutionOrderSort (0ms)
		DisableScriptedObjects (0ms)
		BackupInstance (0ms)
		ReleaseScriptingObjects (0ms)
		CreateAndSetChildDomain (1ms)
	RebuildCommonClasses (26ms)
	RebuildNativeTypeToScriptingClass (8ms)
	initialDomainReloadingComplete (55ms)
	LoadAllAssembliesAndSetupDomain (116ms)
		LoadAssemblies (92ms)
		RebuildTransferFunctionScriptingTraits (0ms)
		AnalyzeDomain (113ms)
			TypeCache.Refresh (112ms)
				TypeCache.ScanAssembly (101ms)
			ScanForSourceGeneratedMonoScriptInfo (0ms)
			ResolveRequiredComponents (0ms)
	FinalizeReload (543ms)
		ReleaseScriptCaches (0ms)
		RebuildScriptCaches (0ms)
		SetupLoadedEditorAssemblies (492ms)
			LogAssemblyErrors (0ms)
			InitializePlatformSupportModulesInManaged (351ms)
			SetLoadedEditorAssemblies (3ms)
			RefreshPlugins (0ms)
			BeforeProcessingInitializeOnLoad (2ms)
			ProcessInitializeOnLoadAttributes (98ms)
			ProcessInitializeOnLoadMethodAttributes (38ms)
			AfterProcessingInitializeOnLoad (0ms)
			EditorAssembliesLoaded (0ms)
		ExecutionOrderSort2 (0ms)
		AwakeInstancesAfterBackupRestoration (0ms)
========================================================================
Worker process is ready to serve import requests
Begin MonoManager ReloadAssembly
- Loaded All Assemblies, in  0.602 seconds
Refreshing native plugins compatible for Editor in 3.12 ms, found 3 plugins.
Native extension for WindowsStandalone target not found
Native extension for Android target not found
Native extension for WebGL target not found
<color=white>• You are using a <b>Non-Commercial</b> version of <b>VhsFx</b> developed by <b>NullTale</b></color>.
When using this version, please remember to specify <b>Author Attribution</b> according to the <b>Licence</b> used.
------------- - - - -  -  -
A full use <b>Licence</b> can be acquired on <a href="https://assetstore.unity.com/packages/vfx/shaders/fullscreen-camera-effects/270015">Asset Store</a> or negotiated with the Author in cases of special licensing.
 
UnityEngine.StackTraceUtility:ExtractStackTrace ()
UnityEngine.DebugLogHandler:LogFormat (UnityEngine.LogType,UnityEngine.Object,string,object[])
UnityEngine.Logger:Log (UnityEngine.LogType,object)
UnityEngine.Debug:Log (object)
VolFx.Editor.PassDrawer:CopyrightInfo () (at ./Library/PackageCache/www.nulltale.vhsfx@341ca660dd/Editor/PassDrawer.cs:162)
System.Reflection.RuntimeMethodInfo:Invoke (object,System.Reflection.BindingFlags,System.Reflection.Binder,object[],System.Globalization.CultureInfo)
System.Reflection.MethodBase:Invoke (object,object[])
UnityEditor.EditorAssemblies:ProcessInitializeOnLoadMethodAttributes ()

(Filename: ./Library/PackageCache/www.nulltale.vhsfx@341ca660dd/Editor/PassDrawer.cs Line: 162)

Mono: successfully reloaded assembly
- Finished resetting the current domain, in  0.670 seconds
Domain Reload Profiling: 1270ms
	BeginReloadAssembly (124ms)
		ExecutionOrderSort (0ms)
		DisableScriptedObjects (4ms)
		BackupInstance (0ms)
		ReleaseScriptingObjects (0ms)
		CreateAndSetChildDomain (18ms)
	RebuildCommonClasses (26ms)
	RebuildNativeTypeToScriptingClass (8ms)
	initialDomainReloadingComplete (36ms)
	LoadAllAssembliesAndSetupDomain (405ms)
		LoadAssemblies (287ms)
		RebuildTransferFunctionScriptingTraits (0ms)
		AnalyzeDomain (193ms)
			TypeCache.Refresh (159ms)
				TypeCache.ScanAssembly (145ms)
			ScanForSourceGeneratedMonoScriptInfo (22ms)
			ResolveRequiredComponents (11ms)
	FinalizeReload (671ms)
		ReleaseScriptCaches (0ms)
		RebuildScriptCaches (0ms)
		SetupLoadedEditorAssemblies (506ms)
			LogAssemblyErrors (0ms)
			InitializePlatformSupportModulesInManaged (23ms)
			SetLoadedEditorAssemblies (4ms)
			RefreshPlugins (0ms)
			BeforeProcessingInitializeOnLoad (73ms)
			ProcessInitializeOnLoadAttributes (341ms)
			ProcessInitializeOnLoadMethodAttributes (58ms)
			AfterProcessingInitializeOnLoad (7ms)
			EditorAssembliesLoaded (0ms)
		ExecutionOrderSort2 (0ms)
		AwakeInstancesAfterBackupRestoration (5ms)
Launched and connected shader compiler UnityShaderCompiler.exe after 0.04 seconds
Refreshing native plugins compatible for Editor in 2.86 ms, found 3 plugins.
Preloading 0 native plugins for Editor in 0.00 ms.
Unloading 6620 Unused Serialized files (Serialized files now loaded: 0)
Unloading 101 unused Assets / (2.9 MB). Loaded Objects now: 7088.
Memory consumption went from 292.1 MB to 289.2 MB.
Total: 4.377800 ms (FindLiveObjects: 0.425000 ms CreateObjectMapping: 0.184600 ms MarkObjects: 3.124600 ms  DeleteObjects: 0.642500 ms)

AssetImportParameters requested are different than current active one (requested -> active):
  custom:container-demuxer-ogg: 62fdf1f143b41e24485cea50d1cbac27 -> 
  custom:framework-win-MediaFoundation: 216162199b28c13a410421893ffa2e32 -> 
  custom:container-muxer-webm: aa71ff27fc2769a1b78a27578f13a17b -> 
  custom:video-decoder-webm-vp8: 9c59270c3fd7afecdb556c50c9e8de78 -> 
  custom:SearchIndexIgnoredProperties: e643bd26f0fe6173181afceb89e7c659 -> 
  custom:AudioImporter_EditorPlatform: d09bf68614088b80899f8185d706f6e7 -> 
  custom:audio-decoder-ogg-vorbis: bf7c407c2cedff20999df2af8eb42d56 -> 
  custom:audio-encoder-webm-vorbis: bf7c407c2cedff20999df2af8eb42d56 -> 
  custom:video-codec-MediaFoundation-h265: 746d11721c4dcdbdad8f713fa42b33f4 -> 
  custom:video-decoder-ogg-theora: a1e56fd34408186e4bbccfd4996cb3dc -> 
  custom:CustomObjectIndexerAttribute: 3ead1caaecf1c488f20bcfeb224b6af5 -> 
  custom:container-demuxer-webm: 4f35f7cbe854078d1ac9338744f61a02 -> 
  custom:video-encoder-webm-vp8: eb34c28f22e8b96e1ab97ce403110664 -> 
========================================================================
Received Import Request.
  Time since last request: 130807.702597 seconds.
  path: Assets/Prefabs/Viking Ride/Viking Ride_Fixed UV_Material.038_AlbedoTransparency.1001.png
  artifactKey: Guid(477d2c3ccb3249b4f907eaba931edccb) Importer(815301076,1909f56bfc062723c751e8b465ee728b)
Start importing Assets/Prefabs/Viking Ride/Viking Ride_Fixed UV_Material.038_AlbedoTransparency.1001.png using Guid(477d2c3ccb3249b4f907eaba931edccb) Importer(815301076,1909f56bfc062723c751e8b465ee728b)  -> (artifact id: 'b254574269ecc762dc1741eb6a73ec28') in 0.114454 seconds
Number of updated asset objects reloaded before import = 0
Number of asset objects unloaded after import = 2
========================================================================
Received Prepare
Begin MonoManager ReloadAssembly
- Loaded All Assemblies, in  0.443 seconds
Refreshing native plugins compatible for Editor in 2.83 ms, found 3 plugins.
Native extension for WindowsStandalone target not found
Native extension for Android target not found
Native extension for WebGL target not found
Mono: successfully reloaded assembly
- Finished resetting the current domain, in  1.212 seconds
Domain Reload Profiling: 1653ms
	BeginReloadAssembly (163ms)
		ExecutionOrderSort (0ms)
		DisableScriptedObjects (4ms)
		BackupInstance (0ms)
		ReleaseScriptingObjects (0ms)
		CreateAndSetChildDomain (37ms)
	RebuildCommonClasses (27ms)
	RebuildNativeTypeToScriptingClass (9ms)
	initialDomainReloadingComplete (26ms)
	LoadAllAssembliesAndSetupDomain (216ms)
		LoadAssemblies (284ms)
		RebuildTransferFunctionScriptingTraits (0ms)
		AnalyzeDomain (17ms)
			TypeCache.Refresh (5ms)
				TypeCache.ScanAssembly (0ms)
			ScanForSourceGeneratedMonoScriptInfo (0ms)
			ResolveRequiredComponents (11ms)
	FinalizeReload (1213ms)
		ReleaseScriptCaches (0ms)
		RebuildScriptCaches (0ms)
		SetupLoadedEditorAssemblies (509ms)
			LogAssemblyErrors (0ms)
			InitializePlatformSupportModulesInManaged (24ms)
			SetLoadedEditorAssemblies (4ms)
			RefreshPlugins (0ms)
			BeforeProcessingInitializeOnLoad (80ms)
			ProcessInitializeOnLoadAttributes (335ms)
			ProcessInitializeOnLoadMethodAttributes (57ms)
			AfterProcessingInitializeOnLoad (9ms)
			EditorAssembliesLoaded (0ms)
		ExecutionOrderSort2 (0ms)
		AwakeInstancesAfterBackupRestoration (21ms)
Refreshing native plugins compatible for Editor in 3.85 ms, found 3 plugins.
Preloading 0 native plugins for Editor in 0.00 ms.
Unloading 6187 Unused Serialized files (Serialized files now loaded: 0)
Unloading 58 unused Assets / (2.9 MB). Loaded Objects now: 7111.
Memory consumption went from 236.6 MB to 233.7 MB.
Total: 6.590300 ms (FindLiveObjects: 0.951800 ms CreateObjectMapping: 0.549900 ms MarkObjects: 4.099100 ms  DeleteObjects: 0.988400 ms)

Prepare: number of updated asset objects reloaded= 0
AssetImportParameters requested are different than current active one (requested -> active):
  custom:container-demuxer-ogg: 62fdf1f143b41e24485cea50d1cbac27 -> 
  custom:framework-win-MediaFoundation: 216162199b28c13a410421893ffa2e32 -> 
  custom:container-muxer-webm: aa71ff27fc2769a1b78a27578f13a17b -> 
  custom:video-decoder-webm-vp8: 9c59270c3fd7afecdb556c50c9e8de78 -> 
  custom:SearchIndexIgnoredProperties: e643bd26f0fe6173181afceb89e7c659 -> 
  custom:AudioImporter_EditorPlatform: d09bf68614088b80899f8185d706f6e7 -> 
  custom:audio-decoder-ogg-vorbis: bf7c407c2cedff20999df2af8eb42d56 -> 
  custom:audio-encoder-webm-vorbis: bf7c407c2cedff20999df2af8eb42d56 -> 
  custom:video-codec-MediaFoundation-h265: 746d11721c4dcdbdad8f713fa42b33f4 -> 
  custom:video-decoder-ogg-theora: a1e56fd34408186e4bbccfd4996cb3dc -> 
  custom:CustomObjectIndexerAttribute: 3ead1caaecf1c488f20bcfeb224b6af5 -> 
  custom:container-demuxer-webm: 4f35f7cbe854078d1ac9338744f61a02 -> 
  custom:video-encoder-webm-vp8: eb34c28f22e8b96e1ab97ce403110664 -> 
========================================================================
Received Import Request.
  Time since last request: 1675.380482 seconds.
  path: Assets/Materials/NewUnlitShader.shader
  artifactKey: Guid(4b5510eeadc58f34eb8b29dac18661a6) Importer(815301076,1909f56bfc062723c751e8b465ee728b)
Start importing Assets/Materials/NewUnlitShader.shader using Guid(4b5510eeadc58f34eb8b29dac18661a6) Importer(815301076,1909f56bfc062723c751e8b465ee728b)  -> (artifact id: '8737f3ea44648f7f10dc308c841de1f0') in 0.033316 seconds
Number of updated asset objects reloaded before import = 0
Number of asset objects unloaded after import = 1
========================================================================
Received Import Request.
  Time since last request: 10.189053 seconds.
  path: Assets/Materials/VolumetricLIght.shader
  artifactKey: Guid(4b5510eeadc58f34eb8b29dac18661a6) Importer(815301076,1909f56bfc062723c751e8b465ee728b)
Start importing Assets/Materials/VolumetricLIght.shader using Guid(4b5510eeadc58f34eb8b29dac18661a6) Importer(815301076,1909f56bfc062723c751e8b465ee728b)  -> (artifact id: '09845ddfe8a07816fd934b559a3a9d3f') in 0.002116 seconds
Number of updated asset objects reloaded before import = 0
Number of asset objects unloaded after import = 1
========================================================================
Received Import Request.
  Time since last request: 24.963213 seconds.
  path: Assets/Materials/Particle_Godray.mat
  artifactKey: Guid(6f350c7f885baac4aa0f78829d4bd765) Importer(815301076,1909f56bfc062723c751e8b465ee728b)
Start importing Assets/Materials/Particle_Godray.mat using Guid(6f350c7f885baac4aa0f78829d4bd765) Importer(815301076,1909f56bfc062723c751e8b465ee728b)  -> (artifact id: '2f7c3ec547951f012452731157fcfaf6') in 0.252465 seconds
Number of updated asset objects reloaded before import = 0
Number of asset objects unloaded after import = 21
========================================================================
Received Import Request.
  Time since last request: 67.787724 seconds.
  path: Assets/Materials/VolumetricShader.shadergraph
  artifactKey: Guid(159a52ecd1bbbc24c80fb53d71111afe) Importer(815301076,1909f56bfc062723c751e8b465ee728b)
Start importing Assets/Materials/VolumetricShader.shadergraph using Guid(159a52ecd1bbbc24c80fb53d71111afe) Importer(815301076,1909f56bfc062723c751e8b465ee728b)  -> (artifact id: 'd8c26de29c454e47b579b2397db136e8') in 0.470820 seconds
Number of updated asset objects reloaded before import = 0
Number of asset objects unloaded after import = 3
========================================================================
Received Import Request.
  Time since last request: 77.658505 seconds.
  path: Assets/Materials/VolumetricShader.shadergraph
  artifactKey: Guid(159a52ecd1bbbc24c80fb53d71111afe) Importer(815301076,1909f56bfc062723c751e8b465ee728b)
Start importing Assets/Materials/VolumetricShader.shadergraph using Guid(159a52ecd1bbbc24c80fb53d71111afe) Importer(815301076,1909f56bfc062723c751e8b465ee728b)  -> (artifact id: 'c5e9b9013f549cd1edf7dab5e54f1510') in 0.229289 seconds
Number of updated asset objects reloaded before import = 0
Number of asset objects unloaded after import = 3
========================================================================
Received Import Request.
  Time since last request: 2619.159505 seconds.
  path: Assets/Materials/VolumetricLIght.mat
  artifactKey: Guid(c474524961805bd47b43c14bf8505330) Importer(815301076,1909f56bfc062723c751e8b465ee728b)
Start importing Assets/Materials/VolumetricLIght.mat using Guid(c474524961805bd47b43c14bf8505330) Importer(815301076,1909f56bfc062723c751e8b465ee728b)  -> (artifact id: '9dbcbbcadbf466562e00a049b303f8f8') in 0.251398 seconds
Number of updated asset objects reloaded before import = 0
Number of asset objects unloaded after import = 3
========================================================================
Received Import Request.
  Time since last request: 217.916899 seconds.
  path: Assets/Materials/VolumetricLIght.mat
  artifactKey: Guid(c474524961805bd47b43c14bf8505330) Importer(815301076,1909f56bfc062723c751e8b465ee728b)
Start importing Assets/Materials/VolumetricLIght.mat using Guid(c474524961805bd47b43c14bf8505330) Importer(815301076,1909f56bfc062723c751e8b465ee728b)  -> (artifact id: 'aeb029d1fa63b172b4f7787395e01f22') in 0.235547 seconds
Number of updated asset objects reloaded before import = 0
Number of asset objects unloaded after import = 3
========================================================================
Received Import Request.
  Time since last request: 85.671717 seconds.
  path: Assets/Materials/VolumetricLIght.mat
  artifactKey: Guid(c474524961805bd47b43c14bf8505330) Importer(815301076,1909f56bfc062723c751e8b465ee728b)
Start importing Assets/Materials/VolumetricLIght.mat using Guid(c474524961805bd47b43c14bf8505330) Importer(815301076,1909f56bfc062723c751e8b465ee728b)  -> (artifact id: '364bd8451b1d1c3a7f3e8da04188c5bc') in 0.238405 seconds
Number of updated asset objects reloaded before import = 0
Number of asset objects unloaded after import = 3
========================================================================
Received Import Request.
  Time since last request: 52.567495 seconds.
  path: Assets/Materials/VolumetricLIght.mat
  artifactKey: Guid(c474524961805bd47b43c14bf8505330) Importer(815301076,1909f56bfc062723c751e8b465ee728b)
Start importing Assets/Materials/VolumetricLIght.mat using Guid(c474524961805bd47b43c14bf8505330) Importer(815301076,1909f56bfc062723c751e8b465ee728b)  -> (artifact id: '6aa334cfa91144b5b35bda335ef125ce') in 0.124328 seconds
Number of updated asset objects reloaded before import = 0
Number of asset objects unloaded after import = 3
========================================================================
Received Import Request.
  Time since last request: 16.745191 seconds.
  path: Assets/Materials/VolumetricLIght.mat
  artifactKey: Guid(c474524961805bd47b43c14bf8505330) Importer(815301076,1909f56bfc062723c751e8b465ee728b)
Start importing Assets/Materials/VolumetricLIght.mat using Guid(c474524961805bd47b43c14bf8505330) Importer(815301076,1909f56bfc062723c751e8b465ee728b)  -> (artifact id: '95d14e1a1988dcb28696e33e9faaafa1') in 0.017609 seconds
Number of updated asset objects reloaded before import = 0
Number of asset objects unloaded after import = 3
========================================================================
Received Prepare
Begin MonoManager ReloadAssembly
- Loaded All Assemblies, in  0.639 seconds
Refreshing native plugins compatible for Editor in 3.14 ms, found 3 plugins.
Native extension for WindowsStandalone target not found
Native extension for Android target not found
Native extension for WebGL target not found
Mono: successfully reloaded assembly
- Finished resetting the current domain, in  1.550 seconds
Domain Reload Profiling: 2188ms
	BeginReloadAssembly (236ms)
		ExecutionOrderSort (0ms)
		DisableScriptedObjects (18ms)
		BackupInstance (0ms)
		ReleaseScriptingObjects (0ms)
		CreateAndSetChildDomain (87ms)
	RebuildCommonClasses (28ms)
	RebuildNativeTypeToScriptingClass (9ms)
	initialDomainReloadingComplete (30ms)
	LoadAllAssembliesAndSetupDomain (335ms)
		LoadAssemblies (408ms)
		RebuildTransferFunctionScriptingTraits (0ms)
		AnalyzeDomain (20ms)
			TypeCache.Refresh (6ms)
				TypeCache.ScanAssembly (0ms)
			ScanForSourceGeneratedMonoScriptInfo (0ms)
			ResolveRequiredComponents (13ms)
	FinalizeReload (1550ms)
		ReleaseScriptCaches (0ms)
		RebuildScriptCaches (0ms)
		SetupLoadedEditorAssemblies (512ms)
			LogAssemblyErrors (0ms)
			InitializePlatformSupportModulesInManaged (30ms)
			SetLoadedEditorAssemblies (5ms)
			RefreshPlugins (0ms)
			BeforeProcessingInitializeOnLoad (85ms)
			ProcessInitializeOnLoadAttributes (328ms)
			ProcessInitializeOnLoadMethodAttributes (55ms)
			AfterProcessingInitializeOnLoad (8ms)
			EditorAssembliesLoaded (0ms)
		ExecutionOrderSort2 (0ms)
		AwakeInstancesAfterBackupRestoration (19ms)
Refreshing native plugins compatible for Editor in 3.07 ms, found 3 plugins.
Preloading 0 native plugins for Editor in 0.00 ms.
Unloading 6188 Unused Serialized files (Serialized files now loaded: 0)
Unloading 59 unused Assets / (2.9 MB). Loaded Objects now: 7216.
Memory consumption went from 240.0 MB to 237.1 MB.
Total: 4.113900 ms (FindLiveObjects: 0.471300 ms CreateObjectMapping: 0.169900 ms MarkObjects: 2.899800 ms  DeleteObjects: 0.572000 ms)

Prepare: number of updated asset objects reloaded= 0
AssetImportParameters requested are different than current active one (requested -> active):
  custom:container-demuxer-ogg: 62fdf1f143b41e24485cea50d1cbac27 -> 
  custom:framework-win-MediaFoundation: 216162199b28c13a410421893ffa2e32 -> 
  custom:container-muxer-webm: aa71ff27fc2769a1b78a27578f13a17b -> 
  custom:video-decoder-webm-vp8: 9c59270c3fd7afecdb556c50c9e8de78 -> 
  custom:SearchIndexIgnoredProperties: e643bd26f0fe6173181afceb89e7c659 -> 
  custom:AudioImporter_EditorPlatform: d09bf68614088b80899f8185d706f6e7 -> 
  custom:audio-decoder-ogg-vorbis: bf7c407c2cedff20999df2af8eb42d56 -> 
  custom:audio-encoder-webm-vorbis: bf7c407c2cedff20999df2af8eb42d56 -> 
  custom:video-codec-MediaFoundation-h265: 746d11721c4dcdbdad8f713fa42b33f4 -> 
  custom:video-decoder-ogg-theora: a1e56fd34408186e4bbccfd4996cb3dc -> 
  custom:CustomObjectIndexerAttribute: 3ead1caaecf1c488f20bcfeb224b6af5 -> 
  custom:container-demuxer-webm: 4f35f7cbe854078d1ac9338744f61a02 -> 
  custom:video-encoder-webm-vp8: eb34c28f22e8b96e1ab97ce403110664 -> 
========================================================================
Received Prepare
Begin MonoManager ReloadAssembly
- Loaded All Assemblies, in  0.458 seconds
Refreshing native plugins compatible for Editor in 2.78 ms, found 3 plugins.
Native extension for WindowsStandalone target not found
Native extension for Android target not found
Native extension for WebGL target not found
Mono: successfully reloaded assembly
- Finished resetting the current domain, in  1.263 seconds
Domain Reload Profiling: 1718ms
	BeginReloadAssembly (156ms)
		ExecutionOrderSort (0ms)
		DisableScriptedObjects (4ms)
		BackupInstance (0ms)
		ReleaseScriptingObjects (0ms)
		CreateAndSetChildDomain (38ms)
	RebuildCommonClasses (27ms)
	RebuildNativeTypeToScriptingClass (8ms)
	initialDomainReloadingComplete (28ms)
	LoadAllAssembliesAndSetupDomain (235ms)
		LoadAssemblies (291ms)
		RebuildTransferFunctionScriptingTraits (0ms)
		AnalyzeDomain (19ms)
			TypeCache.Refresh (6ms)
				TypeCache.ScanAssembly (0ms)
			ScanForSourceGeneratedMonoScriptInfo (0ms)
			ResolveRequiredComponents (12ms)
	FinalizeReload (1263ms)
		ReleaseScriptCaches (0ms)
		RebuildScriptCaches (0ms)
		SetupLoadedEditorAssemblies (516ms)
			LogAssemblyErrors (0ms)
			InitializePlatformSupportModulesInManaged (26ms)
			SetLoadedEditorAssemblies (4ms)
			RefreshPlugins (0ms)
			BeforeProcessingInitializeOnLoad (86ms)
			ProcessInitializeOnLoadAttributes (330ms)
			ProcessInitializeOnLoadMethodAttributes (61ms)
			AfterProcessingInitializeOnLoad (9ms)
			EditorAssembliesLoaded (0ms)
		ExecutionOrderSort2 (0ms)
		AwakeInstancesAfterBackupRestoration (22ms)
Refreshing native plugins compatible for Editor in 3.29 ms, found 3 plugins.
Preloading 0 native plugins for Editor in 0.00 ms.
Unloading 6187 Unused Serialized files (Serialized files now loaded: 0)
Unloading 58 unused Assets / (2.9 MB). Loaded Objects now: 7236.
Memory consumption went from 241.4 MB to 238.6 MB.
Total: 5.509900 ms (FindLiveObjects: 0.852100 ms CreateObjectMapping: 0.535300 ms MarkObjects: 3.410100 ms  DeleteObjects: 0.709900 ms)

Prepare: number of updated asset objects reloaded= 0
AssetImportParameters requested are different than current active one (requested -> active):
  custom:container-demuxer-ogg: 62fdf1f143b41e24485cea50d1cbac27 -> 
  custom:framework-win-MediaFoundation: 216162199b28c13a410421893ffa2e32 -> 
  custom:container-muxer-webm: aa71ff27fc2769a1b78a27578f13a17b -> 
  custom:video-decoder-webm-vp8: 9c59270c3fd7afecdb556c50c9e8de78 -> 
  custom:SearchIndexIgnoredProperties: e643bd26f0fe6173181afceb89e7c659 -> 
  custom:AudioImporter_EditorPlatform: d09bf68614088b80899f8185d706f6e7 -> 
  custom:audio-decoder-ogg-vorbis: bf7c407c2cedff20999df2af8eb42d56 -> 
  custom:audio-encoder-webm-vorbis: bf7c407c2cedff20999df2af8eb42d56 -> 
  custom:video-codec-MediaFoundation-h265: 746d11721c4dcdbdad8f713fa42b33f4 -> 
  custom:video-decoder-ogg-theora: a1e56fd34408186e4bbccfd4996cb3dc -> 
  custom:CustomObjectIndexerAttribute: 3ead1caaecf1c488f20bcfeb224b6af5 -> 
  custom:container-demuxer-webm: 4f35f7cbe854078d1ac9338744f61a02 -> 
  custom:video-encoder-webm-vp8: eb34c28f22e8b96e1ab97ce403110664 -> 
========================================================================
Received Prepare
Begin MonoManager ReloadAssembly
- Loaded All Assemblies, in  0.450 seconds
Refreshing native plugins compatible for Editor in 2.67 ms, found 3 plugins.
Native extension for WindowsStandalone target not found
Native extension for Android target not found
Native extension for WebGL target not found
Mono: successfully reloaded assembly
- Finished resetting the current domain, in  1.353 seconds
Domain Reload Profiling: 1801ms
	BeginReloadAssembly (160ms)
		ExecutionOrderSort (0ms)
		DisableScriptedObjects (4ms)
		BackupInstance (0ms)
		ReleaseScriptingObjects (0ms)
		CreateAndSetChildDomain (40ms)
	RebuildCommonClasses (32ms)
	RebuildNativeTypeToScriptingClass (9ms)
	initialDomainReloadingComplete (27ms)
	LoadAllAssembliesAndSetupDomain (219ms)
		LoadAssemblies (278ms)
		RebuildTransferFunctionScriptingTraits (0ms)
		AnalyzeDomain (18ms)
			TypeCache.Refresh (5ms)
				TypeCache.ScanAssembly (0ms)
			ScanForSourceGeneratedMonoScriptInfo (0ms)
			ResolveRequiredComponents (12ms)
	FinalizeReload (1353ms)
		ReleaseScriptCaches (0ms)
		RebuildScriptCaches (0ms)
		SetupLoadedEditorAssemblies (563ms)
			LogAssemblyErrors (0ms)
			InitializePlatformSupportModulesInManaged (29ms)
			SetLoadedEditorAssemblies (4ms)
			RefreshPlugins (0ms)
			BeforeProcessingInitializeOnLoad (80ms)
			ProcessInitializeOnLoadAttributes (384ms)
			ProcessInitializeOnLoadMethodAttributes (57ms)
			AfterProcessingInitializeOnLoad (8ms)
			EditorAssembliesLoaded (0ms)
		ExecutionOrderSort2 (0ms)
		AwakeInstancesAfterBackupRestoration (18ms)
Refreshing native plugins compatible for Editor in 5.40 ms, found 3 plugins.
Preloading 0 native plugins for Editor in 0.00 ms.
Unloading 6187 Unused Serialized files (Serialized files now loaded: 0)
Unloading 58 unused Assets / (2.9 MB). Loaded Objects now: 7256.
Memory consumption went from 243.4 MB to 240.5 MB.
Total: 3.824600 ms (FindLiveObjects: 0.431800 ms CreateObjectMapping: 0.192500 ms MarkObjects: 2.682500 ms  DeleteObjects: 0.516800 ms)

Prepare: number of updated asset objects reloaded= 1
AssetImportParameters requested are different than current active one (requested -> active):
  custom:container-demuxer-ogg: 62fdf1f143b41e24485cea50d1cbac27 -> 
  custom:framework-win-MediaFoundation: 216162199b28c13a410421893ffa2e32 -> 
  custom:container-muxer-webm: aa71ff27fc2769a1b78a27578f13a17b -> 
  custom:video-decoder-webm-vp8: 9c59270c3fd7afecdb556c50c9e8de78 -> 
  custom:SearchIndexIgnoredProperties: e643bd26f0fe6173181afceb89e7c659 -> 
  custom:AudioImporter_EditorPlatform: d09bf68614088b80899f8185d706f6e7 -> 
  custom:audio-decoder-ogg-vorbis: bf7c407c2cedff20999df2af8eb42d56 -> 
  custom:audio-encoder-webm-vorbis: bf7c407c2cedff20999df2af8eb42d56 -> 
  custom:video-codec-MediaFoundation-h265: 746d11721c4dcdbdad8f713fa42b33f4 -> 
  custom:video-decoder-ogg-theora: a1e56fd34408186e4bbccfd4996cb3dc -> 
  custom:CustomObjectIndexerAttribute: 3ead1caaecf1c488f20bcfeb224b6af5 -> 
  custom:container-demuxer-webm: 4f35f7cbe854078d1ac9338744f61a02 -> 
  custom:video-encoder-webm-vp8: eb34c28f22e8b96e1ab97ce403110664 -> 
========================================================================
Received Prepare
Begin MonoManager ReloadAssembly
- Loaded All Assemblies, in  0.430 seconds
Refreshing native plugins compatible for Editor in 2.76 ms, found 3 plugins.
Native extension for WindowsStandalone target not found
Native extension for Android target not found
Native extension for WebGL target not found
Mono: successfully reloaded assembly
- Finished resetting the current domain, in  1.311 seconds
Domain Reload Profiling: 1739ms
	BeginReloadAssembly (149ms)
		ExecutionOrderSort (0ms)
		DisableScriptedObjects (5ms)
		BackupInstance (0ms)
		ReleaseScriptingObjects (0ms)
		CreateAndSetChildDomain (40ms)
	RebuildCommonClasses (29ms)
	RebuildNativeTypeToScriptingClass (9ms)
	initialDomainReloadingComplete (29ms)
	LoadAllAssembliesAndSetupDomain (211ms)
		LoadAssemblies (267ms)
		RebuildTransferFunctionScriptingTraits (0ms)
		AnalyzeDomain (18ms)
			TypeCache.Refresh (5ms)
				TypeCache.ScanAssembly (0ms)
			ScanForSourceGeneratedMonoScriptInfo (0ms)
			ResolveRequiredComponents (12ms)
	FinalizeReload (1311ms)
		ReleaseScriptCaches (0ms)
		RebuildScriptCaches (0ms)
		SetupLoadedEditorAssemblies (520ms)
			LogAssemblyErrors (0ms)
			InitializePlatformSupportModulesInManaged (25ms)
			SetLoadedEditorAssemblies (4ms)
			RefreshPlugins (0ms)
			BeforeProcessingInitializeOnLoad (81ms)
			ProcessInitializeOnLoadAttributes (339ms)
			ProcessInitializeOnLoadMethodAttributes (63ms)
			AfterProcessingInitializeOnLoad (8ms)
			EditorAssembliesLoaded (1ms)
		ExecutionOrderSort2 (0ms)
		AwakeInstancesAfterBackupRestoration (25ms)
Refreshing native plugins compatible for Editor in 3.12 ms, found 3 plugins.
Preloading 0 native plugins for Editor in 0.00 ms.
Unloading 6187 Unused Serialized files (Serialized files now loaded: 0)
Unloading 58 unused Assets / (2.9 MB). Loaded Objects now: 7276.
Memory consumption went from 245.2 MB to 242.4 MB.
Total: 4.915700 ms (FindLiveObjects: 0.470700 ms CreateObjectMapping: 0.204200 ms MarkObjects: 3.735800 ms  DeleteObjects: 0.504300 ms)

Prepare: number of updated asset objects reloaded= 2
AssetImportParameters requested are different than current active one (requested -> active):
  custom:container-demuxer-ogg: 62fdf1f143b41e24485cea50d1cbac27 -> 
  custom:framework-win-MediaFoundation: 216162199b28c13a410421893ffa2e32 -> 
  custom:container-muxer-webm: aa71ff27fc2769a1b78a27578f13a17b -> 
  custom:video-decoder-webm-vp8: 9c59270c3fd7afecdb556c50c9e8de78 -> 
  custom:SearchIndexIgnoredProperties: e643bd26f0fe6173181afceb89e7c659 -> 
  custom:AudioImporter_EditorPlatform: d09bf68614088b80899f8185d706f6e7 -> 
  custom:audio-decoder-ogg-vorbis: bf7c407c2cedff20999df2af8eb42d56 -> 
  custom:audio-encoder-webm-vorbis: bf7c407c2cedff20999df2af8eb42d56 -> 
  custom:video-codec-MediaFoundation-h265: 746d11721c4dcdbdad8f713fa42b33f4 -> 
  custom:video-decoder-ogg-theora: a1e56fd34408186e4bbccfd4996cb3dc -> 
  custom:CustomObjectIndexerAttribute: 3ead1caaecf1c488f20bcfeb224b6af5 -> 
  custom:container-demuxer-webm: 4f35f7cbe854078d1ac9338744f61a02 -> 
  custom:video-encoder-webm-vp8: eb34c28f22e8b96e1ab97ce403110664 -> 
========================================================================
Received Import Request.
  Time since last request: 721.263077 seconds.
  path: Assets/Materials/VolumetricLIght.mat
  artifactKey: Guid(c474524961805bd47b43c14bf8505330) Importer(815301076,1909f56bfc062723c751e8b465ee728b)
Start importing Assets/Materials/VolumetricLIght.mat using Guid(c474524961805bd47b43c14bf8505330) Importer(815301076,1909f56bfc062723c751e8b465ee728b)  -> (artifact id: '3ceda3d8d5cda8d7654d6eeadab1be93') in 0.453588 seconds
Number of updated asset objects reloaded before import = 0
Number of asset objects unloaded after import = 21
========================================================================
Received Prepare
Begin MonoManager ReloadAssembly
- Loaded All Assemblies, in  0.451 seconds
Refreshing native plugins compatible for Editor in 3.28 ms, found 3 plugins.
Native extension for WindowsStandalone target not found
Native extension for Android target not found
Native extension for WebGL target not found
Mono: successfully reloaded assembly
- Finished resetting the current domain, in  1.284 seconds
Domain Reload Profiling: 1734ms
	BeginReloadAssembly (168ms)
		ExecutionOrderSort (0ms)
		DisableScriptedObjects (8ms)
		BackupInstance (0ms)
		ReleaseScriptingObjects (0ms)
		CreateAndSetChildDomain (55ms)
	RebuildCommonClasses (27ms)
	RebuildNativeTypeToScriptingClass (8ms)
	initialDomainReloadingComplete (28ms)
	LoadAllAssembliesAndSetupDomain (218ms)
		LoadAssemblies (276ms)
		RebuildTransferFunctionScriptingTraits (0ms)
		AnalyzeDomain (17ms)
			TypeCache.Refresh (5ms)
				TypeCache.ScanAssembly (0ms)
			ScanForSourceGeneratedMonoScriptInfo (0ms)
			ResolveRequiredComponents (11ms)
	FinalizeReload (1285ms)
		ReleaseScriptCaches (0ms)
		RebuildScriptCaches (0ms)
		SetupLoadedEditorAssemblies (537ms)
			LogAssemblyErrors (0ms)
			InitializePlatformSupportModulesInManaged (25ms)
			SetLoadedEditorAssemblies (4ms)
			RefreshPlugins (0ms)
			BeforeProcessingInitializeOnLoad (78ms)
			ProcessInitializeOnLoadAttributes (361ms)
			ProcessInitializeOnLoadMethodAttributes (61ms)
			AfterProcessingInitializeOnLoad (8ms)
			EditorAssembliesLoaded (0ms)
		ExecutionOrderSort2 (0ms)
		AwakeInstancesAfterBackupRestoration (25ms)
Refreshing native plugins compatible for Editor in 3.26 ms, found 3 plugins.
Preloading 0 native plugins for Editor in 0.00 ms.
Unloading 6187 Unused Serialized files (Serialized files now loaded: 0)
Unloading 58 unused Assets / (2.9 MB). Loaded Objects now: 7338.
Memory consumption went from 247.3 MB to 244.4 MB.
Total: 5.697300 ms (FindLiveObjects: 0.636900 ms CreateObjectMapping: 0.314500 ms MarkObjects: 3.957200 ms  DeleteObjects: 0.787500 ms)

Prepare: number of updated asset objects reloaded= 0
AssetImportParameters requested are different than current active one (requested -> active):
  custom:container-demuxer-ogg: 62fdf1f143b41e24485cea50d1cbac27 -> 
  custom:framework-win-MediaFoundation: 216162199b28c13a410421893ffa2e32 -> 
  custom:container-muxer-webm: aa71ff27fc2769a1b78a27578f13a17b -> 
  custom:video-decoder-webm-vp8: 9c59270c3fd7afecdb556c50c9e8de78 -> 
  custom:SearchIndexIgnoredProperties: e643bd26f0fe6173181afceb89e7c659 -> 
  custom:AudioImporter_EditorPlatform: d09bf68614088b80899f8185d706f6e7 -> 
  custom:audio-decoder-ogg-vorbis: bf7c407c2cedff20999df2af8eb42d56 -> 
  custom:audio-encoder-webm-vorbis: bf7c407c2cedff20999df2af8eb42d56 -> 
  custom:video-codec-MediaFoundation-h265: 746d11721c4dcdbdad8f713fa42b33f4 -> 
  custom:video-decoder-ogg-theora: a1e56fd34408186e4bbccfd4996cb3dc -> 
  custom:CustomObjectIndexerAttribute: 3ead1caaecf1c488f20bcfeb224b6af5 -> 
  custom:container-demuxer-webm: 4f35f7cbe854078d1ac9338744f61a02 -> 
  custom:video-encoder-webm-vp8: eb34c28f22e8b96e1ab97ce403110664 -> 
========================================================================
Received Prepare
Begin MonoManager ReloadAssembly
- Loaded All Assemblies, in  0.473 seconds
Refreshing native plugins compatible for Editor in 4.69 ms, found 3 plugins.
Native extension for WindowsStandalone target not found
Native extension for Android target not found
Native extension for WebGL target not found
Mono: successfully reloaded assembly
- Finished resetting the current domain, in  1.341 seconds
Domain Reload Profiling: 1811ms
	BeginReloadAssembly (172ms)
		ExecutionOrderSort (0ms)
		DisableScriptedObjects (4ms)
		BackupInstance (0ms)
		ReleaseScriptingObjects (0ms)
		CreateAndSetChildDomain (56ms)
	RebuildCommonClasses (27ms)
	RebuildNativeTypeToScriptingClass (8ms)
	initialDomainReloadingComplete (30ms)
	LoadAllAssembliesAndSetupDomain (232ms)
		LoadAssemblies (284ms)
		RebuildTransferFunctionScriptingTraits (0ms)
		AnalyzeDomain (28ms)
			TypeCache.Refresh (5ms)
				TypeCache.ScanAssembly (0ms)
			ScanForSourceGeneratedMonoScriptInfo (0ms)
			ResolveRequiredComponents (22ms)
	FinalizeReload (1342ms)
		ReleaseScriptCaches (0ms)
		RebuildScriptCaches (0ms)
		SetupLoadedEditorAssemblies (520ms)
			LogAssemblyErrors (0ms)
			InitializePlatformSupportModulesInManaged (25ms)
			SetLoadedEditorAssemblies (4ms)
			RefreshPlugins (0ms)
			BeforeProcessingInitializeOnLoad (87ms)
			ProcessInitializeOnLoadAttributes (341ms)
			ProcessInitializeOnLoadMethodAttributes (55ms)
			AfterProcessingInitializeOnLoad (8ms)
			EditorAssembliesLoaded (0ms)
		ExecutionOrderSort2 (0ms)
		AwakeInstancesAfterBackupRestoration (19ms)
Refreshing native plugins compatible for Editor in 4.39 ms, found 3 plugins.
Preloading 0 native plugins for Editor in 0.00 ms.
Unloading 6187 Unused Serialized files (Serialized files now loaded: 0)
Unloading 58 unused Assets / (2.9 MB). Loaded Objects now: 7358.
Memory consumption went from 249.2 MB to 246.3 MB.
Total: 5.513900 ms (FindLiveObjects: 0.724300 ms CreateObjectMapping: 0.407300 ms MarkObjects: 3.491900 ms  DeleteObjects: 0.889200 ms)

Prepare: number of updated asset objects reloaded= 1
AssetImportParameters requested are different than current active one (requested -> active):
  custom:container-demuxer-ogg: 62fdf1f143b41e24485cea50d1cbac27 -> 
  custom:framework-win-MediaFoundation: 216162199b28c13a410421893ffa2e32 -> 
  custom:container-muxer-webm: aa71ff27fc2769a1b78a27578f13a17b -> 
  custom:video-decoder-webm-vp8: 9c59270c3fd7afecdb556c50c9e8de78 -> 
  custom:SearchIndexIgnoredProperties: e643bd26f0fe6173181afceb89e7c659 -> 
  custom:AudioImporter_EditorPlatform: d09bf68614088b80899f8185d706f6e7 -> 
  custom:audio-decoder-ogg-vorbis: bf7c407c2cedff20999df2af8eb42d56 -> 
  custom:audio-encoder-webm-vorbis: bf7c407c2cedff20999df2af8eb42d56 -> 
  custom:video-codec-MediaFoundation-h265: 746d11721c4dcdbdad8f713fa42b33f4 -> 
  custom:video-decoder-ogg-theora: a1e56fd34408186e4bbccfd4996cb3dc -> 
  custom:CustomObjectIndexerAttribute: 3ead1caaecf1c488f20bcfeb224b6af5 -> 
  custom:container-demuxer-webm: 4f35f7cbe854078d1ac9338744f61a02 -> 
  custom:video-encoder-webm-vp8: eb34c28f22e8b96e1ab97ce403110664 -> 
========================================================================
Received Import Request.
  Time since last request: 1157.363364 seconds.
  path: Assets/Prefabs/Gwangju_3D asset/Common_Assets/Bg_Preset/Ground.png
  artifactKey: Guid(526aac580bc98d944883b3ff0e894d54) Importer(815301076,1909f56bfc062723c751e8b465ee728b)
Start importing Assets/Prefabs/Gwangju_3D asset/Common_Assets/Bg_Preset/Ground.png using Guid(526aac580bc98d944883b3ff0e894d54) Importer(815301076,1909f56bfc062723c751e8b465ee728b)  -> (artifact id: 'c52748934296483d2cf41073c5b779dd') in 0.231541 seconds
Number of updated asset objects reloaded before import = 0
Number of asset objects unloaded after import = 2
========================================================================
Received Import Request.
  Time since last request: 4.251801 seconds.
  path: Assets/TextMesh Pro/Resources/Fonts & Materials/LiberationSans SDF - Fallback.asset
  artifactKey: Guid(2e498d1c8094910479dc3e1b768306a4) Importer(815301076,1909f56bfc062723c751e8b465ee728b)
Start importing Assets/TextMesh Pro/Resources/Fonts & Materials/LiberationSans SDF - Fallback.asset using Guid(2e498d1c8094910479dc3e1b768306a4) Importer(815301076,1909f56bfc062723c751e8b465ee728b)  -> (artifact id: 'c477cdadbe5b28b0ae3d0de4b218ff69') in 0.307636 seconds
Number of updated asset objects reloaded before import = 0
Number of asset objects unloaded after import = 26
========================================================================
Received Import Request.
  Time since last request: 0.074082 seconds.
  path: Assets/Scenes/Level3Pol/Lightmap-2_comp_dir.png
  artifactKey: Guid(260fd1d908ddfb648b542b1436732354) Importer(815301076,1909f56bfc062723c751e8b465ee728b)
Start importing Assets/Scenes/Level3Pol/Lightmap-2_comp_dir.png using Guid(260fd1d908ddfb648b542b1436732354) Importer(815301076,1909f56bfc062723c751e8b465ee728b)  -> (artifact id: 'ff8a0a9e01cbe754fe32523ef44c4535') in 0.017545 seconds
Number of updated asset objects reloaded before import = 0
Number of asset objects unloaded after import = 2
========================================================================
Received Import Request.
  Time since last request: 0.000112 seconds.
  path: Assets/Scenes/Level3Pol/Lightmap-8_comp_light.exr
  artifactKey: Guid(ac3e3fabcedfb774386bbdd763e6d709) Importer(815301076,1909f56bfc062723c751e8b465ee728b)
Start importing Assets/Scenes/Level3Pol/Lightmap-8_comp_light.exr using Guid(ac3e3fabcedfb774386bbdd763e6d709) Importer(815301076,1909f56bfc062723c751e8b465ee728b)  -> (artifact id: '283a5959292708b8f4d26aca22c5ae9a') in 0.022546 seconds
Number of updated asset objects reloaded before import = 0
Number of asset objects unloaded after import = 2
========================================================================
Received Import Request.
  Time since last request: 0.000029 seconds.
  path: Assets/Scenes/Level3Pol/Lightmap-6_comp_dir.png
  artifactKey: Guid(3582099c28787ed4f9ce50234c445334) Importer(815301076,1909f56bfc062723c751e8b465ee728b)
Start importing Assets/Scenes/Level3Pol/Lightmap-6_comp_dir.png using Guid(3582099c28787ed4f9ce50234c445334) Importer(815301076,1909f56bfc062723c751e8b465ee728b)  -> (artifact id: '380d85a1b274057d99b65b349f111118') in 0.014949 seconds
Number of updated asset objects reloaded before import = 0
Number of asset objects unloaded after import = 2
========================================================================
Received Import Request.
  Time since last request: 0.000023 seconds.
  path: Assets/Scenes/Level3Pol/Lightmap-7_comp_dir.png
  artifactKey: Guid(189e5fba004baa6468f760810030d56c) Importer(815301076,1909f56bfc062723c751e8b465ee728b)
Start importing Assets/Scenes/Level3Pol/Lightmap-7_comp_dir.png using Guid(189e5fba004baa6468f760810030d56c) Importer(815301076,1909f56bfc062723c751e8b465ee728b)  -> (artifact id: '7a9c57572daa07076f2bd750572ba6de') in 0.018164 seconds
Number of updated asset objects reloaded before import = 0
Number of asset objects unloaded after import = 2
========================================================================
Received Import Request.
  Time since last request: 0.000029 seconds.
  path: Assets/Scenes/Level3Pol/Lightmap-9_comp_light.exr
  artifactKey: Guid(00e47139716f89341a9bd88b6e93b9a5) Importer(815301076,1909f56bfc062723c751e8b465ee728b)
Start importing Assets/Scenes/Level3Pol/Lightmap-9_comp_light.exr using Guid(00e47139716f89341a9bd88b6e93b9a5) Importer(815301076,1909f56bfc062723c751e8b465ee728b)  -> (artifact id: '2e929aa7b6b936861f0a707035119472') in 0.018668 seconds
Number of updated asset objects reloaded before import = 0
Number of asset objects unloaded after import = 2
========================================================================
Received Import Request.
  Time since last request: 0.000019 seconds.
  path: Assets/Scenes/Level3Pol/Lightmap-3_comp_dir.png
  artifactKey: Guid(3acb2703c4f98804d964b59aa2e7b500) Importer(815301076,1909f56bfc062723c751e8b465ee728b)
Start importing Assets/Scenes/Level3Pol/Lightmap-3_comp_dir.png using Guid(3acb2703c4f98804d964b59aa2e7b500) Importer(815301076,1909f56bfc062723c751e8b465ee728b)  -> (artifact id: '4786a26232c4f14270a15d2ef8f33a17') in 0.016733 seconds
Number of updated asset objects reloaded before import = 0
Number of asset objects unloaded after import = 2
========================================================================
Received Import Request.
  Time since last request: 0.000026 seconds.
  path: Assets/Scenes/Level3Pol/Lightmap-7_comp_light.exr
  artifactKey: Guid(3551246edd9d65b458bc7013f70b89a9) Importer(815301076,1909f56bfc062723c751e8b465ee728b)
Start importing Assets/Scenes/Level3Pol/Lightmap-7_comp_light.exr using Guid(3551246edd9d65b458bc7013f70b89a9) Importer(815301076,1909f56bfc062723c751e8b465ee728b)  -> (artifact id: '7832fb7eba6d1e6b832ce5de6dc1f383') in 0.015295 seconds
Number of updated asset objects reloaded before import = 0
Number of asset objects unloaded after import = 2
========================================================================
Received Import Request.
  Time since last request: 0.000019 seconds.
  path: Assets/Scenes/Level3Pol/Lightmap-6_comp_light.exr
  artifactKey: Guid(5f12a8499e2343a40afb18b5a90f4d0f) Importer(815301076,1909f56bfc062723c751e8b465ee728b)
Start importing Assets/Scenes/Level3Pol/Lightmap-6_comp_light.exr using Guid(5f12a8499e2343a40afb18b5a90f4d0f) Importer(815301076,1909f56bfc062723c751e8b465ee728b)  -> (artifact id: '672534f12aefa6c9ae6337ec58c4daaa') in 0.016051 seconds
Number of updated asset objects reloaded before import = 0
Number of asset objects unloaded after import = 2
========================================================================
Received Import Request.
  Time since last request: 0.596009 seconds.
  path: Assets/Scenes/Level3Pol/Lightmap-10_comp_dir.png
  artifactKey: Guid(5f6144a1771e06e43855d703cbdb2527) Importer(815301076,1909f56bfc062723c751e8b465ee728b)
Start importing Assets/Scenes/Level3Pol/Lightmap-10_comp_dir.png using Guid(5f6144a1771e06e43855d703cbdb2527) Importer(815301076,1909f56bfc062723c751e8b465ee728b)  -> (artifact id: 'cf92bda5a085ef7a168c852e306d5274') in 0.014686 seconds
Number of updated asset objects reloaded before import = 0
Number of asset objects unloaded after import = 2
========================================================================
Received Import Request.
  Time since last request: 0.000015 seconds.
  path: Assets/Scenes/Level3Pol/Lightmap-11_comp_dir.png
  artifactKey: Guid(48454a9d1e6fabd479bbe6092d25565b) Importer(815301076,1909f56bfc062723c751e8b465ee728b)
Start importing Assets/Scenes/Level3Pol/Lightmap-11_comp_dir.png using Guid(48454a9d1e6fabd479bbe6092d25565b) Importer(815301076,1909f56bfc062723c751e8b465ee728b)  -> (artifact id: '72d4ff825b7ae587266abc8f1fd6f929') in 0.012820 seconds
Number of updated asset objects reloaded before import = 0
Number of asset objects unloaded after import = 2
========================================================================
Received Import Request.
  Time since last request: 0.000016 seconds.
  path: Assets/Scenes/Level3Pol/Lightmap-15_comp_light.exr
  artifactKey: Guid(a26c0f9440ee7b84f8aad04d547d7488) Importer(815301076,1909f56bfc062723c751e8b465ee728b)
Start importing Assets/Scenes/Level3Pol/Lightmap-15_comp_light.exr using Guid(a26c0f9440ee7b84f8aad04d547d7488) Importer(815301076,1909f56bfc062723c751e8b465ee728b)  -> (artifact id: 'abe28e684d05d5985f19c7fd0f28b56f') in 0.013147 seconds
Number of updated asset objects reloaded before import = 0
Number of asset objects unloaded after import = 2
========================================================================
Received Import Request.
  Time since last request: 0.000021 seconds.
  path: Assets/Scenes/Level3Pol/Lightmap-12_comp_light.exr
  artifactKey: Guid(86fcc120ff72fe24f97e72b6ff69470d) Importer(815301076,1909f56bfc062723c751e8b465ee728b)
Start importing Assets/Scenes/Level3Pol/Lightmap-12_comp_light.exr using Guid(86fcc120ff72fe24f97e72b6ff69470d) Importer(815301076,1909f56bfc062723c751e8b465ee728b)  -> (artifact id: '9c48eb7d264ce7ec646ffdcfaacb59d9') in 0.012571 seconds
Number of updated asset objects reloaded before import = 0
Number of asset objects unloaded after import = 2
========================================================================
Received Import Request.
  Time since last request: 0.000030 seconds.
  path: Assets/Scenes/Level3Pol/Lightmap-14_comp_dir.png
  artifactKey: Guid(3bbc07250e7817b489efe5a8d2ed9eac) Importer(815301076,1909f56bfc062723c751e8b465ee728b)
Start importing Assets/Scenes/Level3Pol/Lightmap-14_comp_dir.png using Guid(3bbc07250e7817b489efe5a8d2ed9eac) Importer(815301076,1909f56bfc062723c751e8b465ee728b)  -> (artifact id: '0e271509e0f158fd0d4ec14a59f240be') in 0.013257 seconds
Number of updated asset objects reloaded before import = 0
Number of asset objects unloaded after import = 2
========================================================================
Received Import Request.
  Time since last request: 0.000023 seconds.
  path: Assets/Scenes/Level3Pol/Lightmap-17_comp_light.exr
  artifactKey: Guid(e3f68baf7a4994f49bb7d3f8df15ccd5) Importer(815301076,1909f56bfc062723c751e8b465ee728b)
Start importing Assets/Scenes/Level3Pol/Lightmap-17_comp_light.exr using Guid(e3f68baf7a4994f49bb7d3f8df15ccd5) Importer(815301076,1909f56bfc062723c751e8b465ee728b)  -> (artifact id: '81db3107039c7955cd859d86e9799345') in 0.013661 seconds
Number of updated asset objects reloaded before import = 0
Number of asset objects unloaded after import = 2
========================================================================
Received Import Request.
  Time since last request: 0.000018 seconds.
  path: Assets/Scenes/Level3Pol/Lightmap-13_comp_dir.png
  artifactKey: Guid(55a7e3e496cdc984f882fa6775014fdf) Importer(815301076,1909f56bfc062723c751e8b465ee728b)
Start importing Assets/Scenes/Level3Pol/Lightmap-13_comp_dir.png using Guid(55a7e3e496cdc984f882fa6775014fdf) Importer(815301076,1909f56bfc062723c751e8b465ee728b)  -> (artifact id: 'eb6c6a30a2bf198faae489b92b11de7a') in 0.016810 seconds
Number of updated asset objects reloaded before import = 0
Number of asset objects unloaded after import = 2
========================================================================
Received Import Request.
  Time since last request: 0.000021 seconds.
  path: Assets/Scenes/Level3Pol/Lightmap-14_comp_light.exr
  artifactKey: Guid(8b82af1bec9ffc346b3d9109780301c5) Importer(815301076,1909f56bfc062723c751e8b465ee728b)
Start importing Assets/Scenes/Level3Pol/Lightmap-14_comp_light.exr using Guid(8b82af1bec9ffc346b3d9109780301c5) Importer(815301076,1909f56bfc062723c751e8b465ee728b)  -> (artifact id: '0c90c01b5811f55a20a4529215a35649') in 0.013958 seconds
Number of updated asset objects reloaded before import = 0
Number of asset objects unloaded after import = 2
========================================================================
Received Import Request.
  Time since last request: 0.273943 seconds.
  path: Assets/Scenes/Level3Pol/Lightmap-18_comp_dir.png
  artifactKey: Guid(2fe601653b6c56a439b487d2d0968bc0) Importer(815301076,1909f56bfc062723c751e8b465ee728b)
Start importing Assets/Scenes/Level3Pol/Lightmap-18_comp_dir.png using Guid(2fe601653b6c56a439b487d2d0968bc0) Importer(815301076,1909f56bfc062723c751e8b465ee728b)  -> (artifact id: '7a522b6137b4eccbb9ae57856cbbb8a2') in 0.014730 seconds
Number of updated asset objects reloaded before import = 0
Number of asset objects unloaded after import = 2
========================================================================
Received Import Request.
  Time since last request: 0.000023 seconds.
  path: Assets/Scenes/Level3Pol/Lightmap-24_comp_dir.png
  artifactKey: Guid(868189b655c61c443bdc642dfc57af5e) Importer(815301076,1909f56bfc062723c751e8b465ee728b)
Start importing Assets/Scenes/Level3Pol/Lightmap-24_comp_dir.png using Guid(868189b655c61c443bdc642dfc57af5e) Importer(815301076,1909f56bfc062723c751e8b465ee728b)  -> (artifact id: '86202bce1baef8a620bb2b0daaa8bbec') in 0.019355 seconds
Number of updated asset objects reloaded before import = 0
Number of asset objects unloaded after import = 2
========================================================================
Received Import Request.
  Time since last request: 0.000029 seconds.
  path: Assets/Scenes/Level3Pol/Lightmap-33_comp_light.exr
  artifactKey: Guid(86c904acad53f184c80fb9bc91b2b12a) Importer(815301076,1909f56bfc062723c751e8b465ee728b)
Start importing Assets/Scenes/Level3Pol/Lightmap-33_comp_light.exr using Guid(86c904acad53f184c80fb9bc91b2b12a) Importer(815301076,1909f56bfc062723c751e8b465ee728b)  -> (artifact id: '338bc3620d22ab9a13d2973119e5c2d0') in 0.015662 seconds
Number of updated asset objects reloaded before import = 0
Number of asset objects unloaded after import = 2
========================================================================
Received Import Request.
  Time since last request: 0.000017 seconds.
  path: Assets/Scenes/Level3Pol/Lightmap-25_comp_light.exr
  artifactKey: Guid(d55dd5cb7eae57146b7edaaad3354e15) Importer(815301076,1909f56bfc062723c751e8b465ee728b)
Start importing Assets/Scenes/Level3Pol/Lightmap-25_comp_light.exr using Guid(d55dd5cb7eae57146b7edaaad3354e15) Importer(815301076,1909f56bfc062723c751e8b465ee728b)  -> (artifact id: '20bf6b3f1a01dc1b1702f285758a97e5') in 0.016622 seconds
Number of updated asset objects reloaded before import = 0
Number of asset objects unloaded after import = 2
========================================================================
Received Import Request.
  Time since last request: 0.000016 seconds.
  path: Assets/Scenes/Level3Pol/Lightmap-19_comp_light.exr
  artifactKey: Guid(6c2c8241435fe1c4cb13c0a9d2a647bd) Importer(815301076,1909f56bfc062723c751e8b465ee728b)
Start importing Assets/Scenes/Level3Pol/Lightmap-19_comp_light.exr using Guid(6c2c8241435fe1c4cb13c0a9d2a647bd) Importer(815301076,1909f56bfc062723c751e8b465ee728b)  -> (artifact id: '637bbf9a35613474e8fba9829cd6672b') in 0.013705 seconds
Number of updated asset objects reloaded before import = 0
Number of asset objects unloaded after import = 2
========================================================================
Received Import Request.
  Time since last request: 0.000019 seconds.
  path: Assets/Scenes/Level3Pol/Lightmap-23_comp_light.exr
  artifactKey: Guid(fbdb524d25ba10f4f9316955f1fbe5f8) Importer(815301076,1909f56bfc062723c751e8b465ee728b)
Start importing Assets/Scenes/Level3Pol/Lightmap-23_comp_light.exr using Guid(fbdb524d25ba10f4f9316955f1fbe5f8) Importer(815301076,1909f56bfc062723c751e8b465ee728b)  -> (artifact id: '6bf1f695ffe5b53993eda9b475e11efb') in 0.013627 seconds
Number of updated asset objects reloaded before import = 0
Number of asset objects unloaded after import = 2
========================================================================
Received Import Request.
  Time since last request: 0.000020 seconds.
  path: Assets/Scenes/Level3Pol/Lightmap-28_comp_light.exr
  artifactKey: Guid(508431fd70278594884688835a2be904) Importer(815301076,1909f56bfc062723c751e8b465ee728b)
Start importing Assets/Scenes/Level3Pol/Lightmap-28_comp_light.exr using Guid(508431fd70278594884688835a2be904) Importer(815301076,1909f56bfc062723c751e8b465ee728b)  -> (artifact id: '51ab6ef890928fe4d718e196cb004370') in 0.015410 seconds
Number of updated asset objects reloaded before import = 0
Number of asset objects unloaded after import = 2
========================================================================
Received Import Request.
  Time since last request: 0.000016 seconds.
  path: Assets/Scenes/Level3Pol/Lightmap-19_comp_dir.png
  artifactKey: Guid(66128ab771723964ca73e07692c68543) Importer(815301076,1909f56bfc062723c751e8b465ee728b)
Start importing Assets/Scenes/Level3Pol/Lightmap-19_comp_dir.png using Guid(66128ab771723964ca73e07692c68543) Importer(815301076,1909f56bfc062723c751e8b465ee728b)  -> (artifact id: '69c93416816813d6901ef2d8a72e2a3e') in 0.016188 seconds
Number of updated asset objects reloaded before import = 0
Number of asset objects unloaded after import = 2
========================================================================
Received Import Request.
  Time since last request: 0.000019 seconds.
  path: Assets/Scenes/Level3Pol/Lightmap-29_comp_light.exr
  artifactKey: Guid(4b55b71d3fc683043838d3736674352f) Importer(815301076,1909f56bfc062723c751e8b465ee728b)
Start importing Assets/Scenes/Level3Pol/Lightmap-29_comp_light.exr using Guid(4b55b71d3fc683043838d3736674352f) Importer(815301076,1909f56bfc062723c751e8b465ee728b)  -> (artifact id: 'fc824eed4c81e85b31af4357dbeef76e') in 0.014320 seconds
Number of updated asset objects reloaded before import = 0
Number of asset objects unloaded after import = 2
========================================================================
Received Import Request.
  Time since last request: 0.000028 seconds.
  path: Assets/Scenes/Level3Pol/Lightmap-26_comp_dir.png
  artifactKey: Guid(b30d2d6b03dbdae49afcc51ce5f51bfc) Importer(815301076,1909f56bfc062723c751e8b465ee728b)
Start importing Assets/Scenes/Level3Pol/Lightmap-26_comp_dir.png using Guid(b30d2d6b03dbdae49afcc51ce5f51bfc) Importer(815301076,1909f56bfc062723c751e8b465ee728b)  -> (artifact id: '129e27a3b49812d0039f845b69ef1229') in 0.012243 seconds
Number of updated asset objects reloaded before import = 0
Number of asset objects unloaded after import = 2
========================================================================
Received Import Request.
  Time since last request: 0.012876 seconds.
  path: Assets/Scenes/Level3Pol/Lightmap-21_comp_light.exr
  artifactKey: Guid(562ef17ec099a404ca0f4c5d3f46121d) Importer(815301076,1909f56bfc062723c751e8b465ee728b)
Start importing Assets/Scenes/Level3Pol/Lightmap-21_comp_light.exr using Guid(562ef17ec099a404ca0f4c5d3f46121d) Importer(815301076,1909f56bfc062723c751e8b465ee728b)  -> (artifact id: '8cf0c483daaeba0a736ae293cec18407') in 0.012618 seconds
Number of updated asset objects reloaded before import = 0
Number of asset objects unloaded after import = 2
========================================================================
Received Import Request.
  Time since last request: 0.000028 seconds.
  path: Assets/Scenes/Level3Pol/Lightmap-23_comp_dir.png
  artifactKey: Guid(2fc24a49a6f788e4cba59e22a4d44dac) Importer(815301076,1909f56bfc062723c751e8b465ee728b)
Start importing Assets/Scenes/Level3Pol/Lightmap-23_comp_dir.png using Guid(2fc24a49a6f788e4cba59e22a4d44dac) Importer(815301076,1909f56bfc062723c751e8b465ee728b)  -> (artifact id: 'c2ac7cda2957e97b1925acd7a1c58938') in 0.013997 seconds
Number of updated asset objects reloaded before import = 0
Number of asset objects unloaded after import = 2
========================================================================
Received Import Request.
  Time since last request: 0.000017 seconds.
  path: Assets/Scenes/Level3Pol/Lightmap-21_comp_dir.png
  artifactKey: Guid(1c8324f617bd6204493c639554c4c6af) Importer(815301076,1909f56bfc062723c751e8b465ee728b)
Start importing Assets/Scenes/Level3Pol/Lightmap-21_comp_dir.png using Guid(1c8324f617bd6204493c639554c4c6af) Importer(815301076,1909f56bfc062723c751e8b465ee728b)  -> (artifact id: 'de57e5dd02e77c105dfce07a6ed51fa9') in 0.016074 seconds
Number of updated asset objects reloaded before import = 0
Number of asset objects unloaded after import = 2
========================================================================
Received Import Request.
  Time since last request: 0.000018 seconds.
  path: Assets/Scenes/Level3Pol/Lightmap-27_comp_light.exr
  artifactKey: Guid(82751fa0b108619459e9dcfac2d7a4e3) Importer(815301076,1909f56bfc062723c751e8b465ee728b)
Start importing Assets/Scenes/Level3Pol/Lightmap-27_comp_light.exr using Guid(82751fa0b108619459e9dcfac2d7a4e3) Importer(815301076,1909f56bfc062723c751e8b465ee728b)  -> (artifact id: '3c98e7d0d376e11a8bdd30a51932475d') in 0.014326 seconds
Number of updated asset objects reloaded before import = 0
Number of asset objects unloaded after import = 2
========================================================================
Received Import Request.
  Time since last request: 0.000017 seconds.
  path: Assets/Scenes/Level3Pol/Lightmap-29_comp_dir.png
  artifactKey: Guid(b37824016fe5dc94bbb5589a890ca121) Importer(815301076,1909f56bfc062723c751e8b465ee728b)
Start importing Assets/Scenes/Level3Pol/Lightmap-29_comp_dir.png using Guid(b37824016fe5dc94bbb5589a890ca121) Importer(815301076,1909f56bfc062723c751e8b465ee728b)  -> (artifact id: '2f7671d88e05c56b4aee926b164802d9') in 0.016822 seconds
Number of updated asset objects reloaded before import = 0
Number of asset objects unloaded after import = 2
========================================================================
Received Import Request.
  Time since last request: 0.000018 seconds.
  path: Assets/Scenes/Level3Pol/Lightmap-32_comp_light.exr
  artifactKey: Guid(1ca51648d3ceeed4797405cedc34f0ff) Importer(815301076,1909f56bfc062723c751e8b465ee728b)
Start importing Assets/Scenes/Level3Pol/Lightmap-32_comp_light.exr using Guid(1ca51648d3ceeed4797405cedc34f0ff) Importer(815301076,1909f56bfc062723c751e8b465ee728b)  -> (artifact id: '4b738fc2c1265373e6fdcf6b14dbc3e9') in 0.014394 seconds
Number of updated asset objects reloaded before import = 0
Number of asset objects unloaded after import = 2
========================================================================
Received Import Request.
  Time since last request: 0.353998 seconds.
  path: Assets/Scenes/Level3Pol/Lightmap-34_comp_dir.png
  artifactKey: Guid(39481df041c40e94e8064272521a64e4) Importer(815301076,1909f56bfc062723c751e8b465ee728b)
Start importing Assets/Scenes/Level3Pol/Lightmap-34_comp_dir.png using Guid(39481df041c40e94e8064272521a64e4) Importer(815301076,1909f56bfc062723c751e8b465ee728b)  -> (artifact id: 'b6f359d095377ac7882bac6e81ca00ea') in 0.013789 seconds
Number of updated asset objects reloaded before import = 0
Number of asset objects unloaded after import = 2
========================================================================
Received Import Request.
  Time since last request: 0.000018 seconds.
  path: Assets/Scenes/Level3Pol/Lightmap-36_comp_light.exr
  artifactKey: Guid(b4d9c82a4aff32a4db39cb292aa20d06) Importer(815301076,1909f56bfc062723c751e8b465ee728b)
Start importing Assets/Scenes/Level3Pol/Lightmap-36_comp_light.exr using Guid(b4d9c82a4aff32a4db39cb292aa20d06) Importer(815301076,1909f56bfc062723c751e8b465ee728b)  -> (artifact id: '23f5bdddc3e58edb64215ba90f91f521') in 0.012644 seconds
Number of updated asset objects reloaded before import = 0
Number of asset objects unloaded after import = 2
========================================================================
Received Import Request.
  Time since last request: 0.000019 seconds.
  path: Assets/Scenes/Level3Pol/Lightmap-38_comp_light.exr
  artifactKey: Guid(b981bff628c60a5439982db30c41e606) Importer(815301076,1909f56bfc062723c751e8b465ee728b)
Start importing Assets/Scenes/Level3Pol/Lightmap-38_comp_light.exr using Guid(b981bff628c60a5439982db30c41e606) Importer(815301076,1909f56bfc062723c751e8b465ee728b)  -> (artifact id: '52dcb7a7316c221d47092d0fd13091a0') in 0.012519 seconds
Number of updated asset objects reloaded before import = 0
Number of asset objects unloaded after import = 2
========================================================================
Received Import Request.
  Time since last request: 0.000029 seconds.
  path: Assets/Scenes/Level3Pol/Lightmap-40_comp_dir.png
  artifactKey: Guid(35f0d37652624f741a89eb5749f02e64) Importer(815301076,1909f56bfc062723c751e8b465ee728b)
Start importing Assets/Scenes/Level3Pol/Lightmap-40_comp_dir.png using Guid(35f0d37652624f741a89eb5749f02e64) Importer(815301076,1909f56bfc062723c751e8b465ee728b)  -> (artifact id: '03399967c94d200365ca43c980c03020') in 0.014518 seconds
Number of updated asset objects reloaded before import = 0
Number of asset objects unloaded after import = 2
========================================================================
Received Import Request.
  Time since last request: 0.000021 seconds.
  path: Assets/Scenes/Level3Pol/Lightmap-44_comp_light.exr
  artifactKey: Guid(3a6559e768cb6b3419cbf4ad804ad98e) Importer(815301076,1909f56bfc062723c751e8b465ee728b)
Start importing Assets/Scenes/Level3Pol/Lightmap-44_comp_light.exr using Guid(3a6559e768cb6b3419cbf4ad804ad98e) Importer(815301076,1909f56bfc062723c751e8b465ee728b)  -> (artifact id: '8cd85031d720e1ed9e396cac0e8d9e30') in 0.013587 seconds
Number of updated asset objects reloaded before import = 0
Number of asset objects unloaded after import = 2
========================================================================
Received Import Request.
  Time since last request: 0.000018 seconds.
  path: Assets/Scenes/Level3Pol/Lightmap-45_comp_dir.png
  artifactKey: Guid(70b9783778b9dbe47b87c6a19996d6b5) Importer(815301076,1909f56bfc062723c751e8b465ee728b)
Start importing Assets/Scenes/Level3Pol/Lightmap-45_comp_dir.png using Guid(70b9783778b9dbe47b87c6a19996d6b5) Importer(815301076,1909f56bfc062723c751e8b465ee728b)  -> (artifact id: 'bb38cfe09a29cb08d64b9e4fcafcb5d2') in 0.014915 seconds
Number of updated asset objects reloaded before import = 0
Number of asset objects unloaded after import = 2
========================================================================
Received Import Request.
  Time since last request: 0.000016 seconds.
  path: Assets/Scenes/Level3Pol/Lightmap-40_comp_light.exr
  artifactKey: Guid(67e2b77fb867db446ae409ab76cb621c) Importer(815301076,1909f56bfc062723c751e8b465ee728b)
Start importing Assets/Scenes/Level3Pol/Lightmap-40_comp_light.exr using Guid(67e2b77fb867db446ae409ab76cb621c) Importer(815301076,1909f56bfc062723c751e8b465ee728b)  -> (artifact id: '78f13487d2e60574fd5d5d98ead27fba') in 0.014580 seconds
Number of updated asset objects reloaded before import = 0
Number of asset objects unloaded after import = 2
========================================================================
Received Import Request.
  Time since last request: 0.000022 seconds.
  path: Assets/Scenes/Level3Pol/Lightmap-41_comp_light.exr
  artifactKey: Guid(f2f39c2151f67a94586f730a4505beca) Importer(815301076,1909f56bfc062723c751e8b465ee728b)
Start importing Assets/Scenes/Level3Pol/Lightmap-41_comp_light.exr using Guid(f2f39c2151f67a94586f730a4505beca) Importer(815301076,1909f56bfc062723c751e8b465ee728b)  -> (artifact id: '87a0e6b1b04f29110bcdc8193c072ed8') in 0.017514 seconds
Number of updated asset objects reloaded before import = 0
Number of asset objects unloaded after import = 2
========================================================================
Received Import Request.
  Time since last request: 0.000017 seconds.
  path: Assets/Scenes/Level3Pol/Lightmap-39_comp_light.exr
  artifactKey: Guid(24117100dcba3a848ae54999ad405572) Importer(815301076,1909f56bfc062723c751e8b465ee728b)
Start importing Assets/Scenes/Level3Pol/Lightmap-39_comp_light.exr using Guid(24117100dcba3a848ae54999ad405572) Importer(815301076,1909f56bfc062723c751e8b465ee728b)  -> (artifact id: '5aa5b7800c48d3bb41372adb15fa9921') in 0.098455 seconds
Number of updated asset objects reloaded before import = 0
Number of asset objects unloaded after import = 2
========================================================================
Received Import Request.
  Time since last request: 0.000018 seconds.
  path: Assets/Scenes/Level3Pol/Lightmap-39_comp_dir.png
  artifactKey: Guid(40b9011d9d91e4849930712d1aa25000) Importer(815301076,1909f56bfc062723c751e8b465ee728b)
Start importing Assets/Scenes/Level3Pol/Lightmap-39_comp_dir.png using Guid(40b9011d9d91e4849930712d1aa25000) Importer(815301076,1909f56bfc062723c751e8b465ee728b)  -> (artifact id: 'fc0bd500d091d16f883c8af2073f5642') in 0.013770 seconds
Number of updated asset objects reloaded before import = 0
Number of asset objects unloaded after import = 2
========================================================================
Received Import Request.
  Time since last request: 0.000029 seconds.
  path: Assets/Scenes/Level3Pol/Lightmap-44_comp_dir.png
  artifactKey: Guid(8b13fde68b766e74c93e06c8d6ee8875) Importer(815301076,1909f56bfc062723c751e8b465ee728b)
Start importing Assets/Scenes/Level3Pol/Lightmap-44_comp_dir.png using Guid(8b13fde68b766e74c93e06c8d6ee8875) Importer(815301076,1909f56bfc062723c751e8b465ee728b)  -> (artifact id: 'c77ed8153c4544df819100edef35e106') in 0.013617 seconds
Number of updated asset objects reloaded before import = 0
Number of asset objects unloaded after import = 2
========================================================================
Received Import Request.
  Time since last request: 0.000019 seconds.
  path: Assets/Scenes/Level3Pol/Lightmap-43_comp_dir.png
  artifactKey: Guid(90170eefbd110a045b16cfd22fe3bad8) Importer(815301076,1909f56bfc062723c751e8b465ee728b)
Start importing Assets/Scenes/Level3Pol/Lightmap-43_comp_dir.png using Guid(90170eefbd110a045b16cfd22fe3bad8) Importer(815301076,1909f56bfc062723c751e8b465ee728b)  -> (artifact id: '1d279c00d17db6e1abdfadbafbfc27ca') in 0.014068 seconds
Number of updated asset objects reloaded before import = 0
Number of asset objects unloaded after import = 2
========================================================================
Received Import Request.
  Time since last request: 0.000017 seconds.
  path: Assets/Scenes/Level3Pol/Lightmap-37_comp_dir.png
  artifactKey: Guid(deee903e0e6fe2d40ad8fc2c408baa60) Importer(815301076,1909f56bfc062723c751e8b465ee728b)
Start importing Assets/Scenes/Level3Pol/Lightmap-37_comp_dir.png using Guid(deee903e0e6fe2d40ad8fc2c408baa60) Importer(815301076,1909f56bfc062723c751e8b465ee728b)  -> (artifact id: '4c035ea5143ddcf59bb8903300d3ea4d') in 0.017028 seconds
Number of updated asset objects reloaded before import = 0
Number of asset objects unloaded after import = 2
========================================================================
Received Import Request.
  Time since last request: 0.328679 seconds.
  path: Assets/Scenes/Level3Pol/Lightmap-46_comp_dir.png
  artifactKey: Guid(86d4fe5bd1bfe8247b1aed8c48c8bfd2) Importer(815301076,1909f56bfc062723c751e8b465ee728b)
Start importing Assets/Scenes/Level3Pol/Lightmap-46_comp_dir.png using Guid(86d4fe5bd1bfe8247b1aed8c48c8bfd2) Importer(815301076,1909f56bfc062723c751e8b465ee728b)  -> (artifact id: 'a5461fe7f8efcaf83a97921036700b2f') in 0.012877 seconds
Number of updated asset objects reloaded before import = 0
Number of asset objects unloaded after import = 2
========================================================================
Received Import Request.
  Time since last request: 0.000021 seconds.
  path: Assets/Scenes/Level3Pol/Lightmap-47_comp_dir.png
  artifactKey: Guid(e4e939dd61399124faf7e7e8cf24bb02) Importer(815301076,1909f56bfc062723c751e8b465ee728b)
Start importing Assets/Scenes/Level3Pol/Lightmap-47_comp_dir.png using Guid(e4e939dd61399124faf7e7e8cf24bb02) Importer(815301076,1909f56bfc062723c751e8b465ee728b)  -> (artifact id: 'e1bef034c6085b7ed6211eb2d6c28481') in 0.016252 seconds
Number of updated asset objects reloaded before import = 0
Number of asset objects unloaded after import = 2
========================================================================
Received Import Request.
  Time since last request: 0.000031 seconds.
  path: Assets/Scenes/Level3Pol/Lightmap-47_comp_light.exr
  artifactKey: Guid(fc791ee3b85ae884f9ec3f559a1d139d) Importer(815301076,1909f56bfc062723c751e8b465ee728b)
Start importing Assets/Scenes/Level3Pol/Lightmap-47_comp_light.exr using Guid(fc791ee3b85ae884f9ec3f559a1d139d) Importer(815301076,1909f56bfc062723c751e8b465ee728b)  -> (artifact id: '46a3e25a87b460f225df38baffc1002c') in 0.015486 seconds
Number of updated asset objects reloaded before import = 0
Number of asset objects unloaded after import = 2
========================================================================
Received Import Request.
  Time since last request: 0.000024 seconds.
  path: Assets/Scenes/Level3Pol/Lightmap-55_comp_dir.png
  artifactKey: Guid(40f017624ba139a43ad7ea2214090b3d) Importer(815301076,1909f56bfc062723c751e8b465ee728b)
Start importing Assets/Scenes/Level3Pol/Lightmap-55_comp_dir.png using Guid(40f017624ba139a43ad7ea2214090b3d) Importer(815301076,1909f56bfc062723c751e8b465ee728b)  -> (artifact id: 'b8dd9664a2e06bdb7a2ba121fd59e871') in 0.017107 seconds
Number of updated asset objects reloaded before import = 0
Number of asset objects unloaded after import = 2
========================================================================
Received Import Request.
  Time since last request: 0.000020 seconds.
  path: Assets/Scenes/Level3Pol/Lightmap-60_comp_light.exr
  artifactKey: Guid(6d0e006389840714e8aa8e17e9f329d5) Importer(815301076,1909f56bfc062723c751e8b465ee728b)
Start importing Assets/Scenes/Level3Pol/Lightmap-60_comp_light.exr using Guid(6d0e006389840714e8aa8e17e9f329d5) Importer(815301076,1909f56bfc062723c751e8b465ee728b)  -> (artifact id: 'd0167425f985c0bb16b7462bd5d13cf9') in 0.015525 seconds
Number of updated asset objects reloaded before import = 0
Number of asset objects unloaded after import = 2
========================================================================
Received Import Request.
  Time since last request: 0.000019 seconds.
  path: Assets/Scenes/Level3Pol/Lightmap-51_comp_light.exr
  artifactKey: Guid(400373cdc1a129c43b9693aef6390d54) Importer(815301076,1909f56bfc062723c751e8b465ee728b)
Start importing Assets/Scenes/Level3Pol/Lightmap-51_comp_light.exr using Guid(400373cdc1a129c43b9693aef6390d54) Importer(815301076,1909f56bfc062723c751e8b465ee728b)  -> (artifact id: 'cea8f600c358bf351ccfc5d04a857db0') in 0.017815 seconds
Number of updated asset objects reloaded before import = 0
Number of asset objects unloaded after import = 2
========================================================================
Received Import Request.
  Time since last request: 0.000030 seconds.
  path: Assets/Scenes/Level3Pol/Lightmap-48_comp_light.exr
  artifactKey: Guid(30d41eb09a6041d48b0bdc3a06bb2a86) Importer(815301076,1909f56bfc062723c751e8b465ee728b)
Start importing Assets/Scenes/Level3Pol/Lightmap-48_comp_light.exr using Guid(30d41eb09a6041d48b0bdc3a06bb2a86) Importer(815301076,1909f56bfc062723c751e8b465ee728b)  -> (artifact id: 'efe2b9322a04926612f9b0932cb0c640') in 0.017029 seconds
Number of updated asset objects reloaded before import = 0
Number of asset objects unloaded after import = 2
========================================================================
Received Import Request.
  Time since last request: 0.000023 seconds.
  path: Assets/Scenes/Level3Pol/Lightmap-58_comp_dir.png
  artifactKey: Guid(7e056502523d2154cb2f2efded6fc70e) Importer(815301076,1909f56bfc062723c751e8b465ee728b)
Start importing Assets/Scenes/Level3Pol/Lightmap-58_comp_dir.png using Guid(7e056502523d2154cb2f2efded6fc70e) Importer(815301076,1909f56bfc062723c751e8b465ee728b)  -> (artifact id: 'b03f7e23ca3567fe0a1ad4381a900834') in 0.018872 seconds
Number of updated asset objects reloaded before import = 0
Number of asset objects unloaded after import = 2
========================================================================
Received Import Request.
  Time since last request: 0.000021 seconds.
  path: Assets/Scenes/Level3Pol/Lightmap-58_comp_light.exr
  artifactKey: Guid(11f693a60f0f3aa4db4228ebc8f7953b) Importer(815301076,1909f56bfc062723c751e8b465ee728b)
Start importing Assets/Scenes/Level3Pol/Lightmap-58_comp_light.exr using Guid(11f693a60f0f3aa4db4228ebc8f7953b) Importer(815301076,1909f56bfc062723c751e8b465ee728b)  -> (artifact id: '74eec5472415a61e07aba5aeb11bb736') in 0.015742 seconds
Number of updated asset objects reloaded before import = 0
Number of asset objects unloaded after import = 2
========================================================================
Received Import Request.
  Time since last request: 0.000019 seconds.
  path: Assets/Scenes/Level3Pol/Lightmap-52_comp_dir.png
  artifactKey: Guid(b96528afc8113bd4a9c94de943566520) Importer(815301076,1909f56bfc062723c751e8b465ee728b)
Start importing Assets/Scenes/Level3Pol/Lightmap-52_comp_dir.png using Guid(b96528afc8113bd4a9c94de943566520) Importer(815301076,1909f56bfc062723c751e8b465ee728b)  -> (artifact id: 'fa8cad36e3c909b361c0a44f3f3df78d') in 0.013570 seconds
Number of updated asset objects reloaded before import = 0
Number of asset objects unloaded after import = 2
========================================================================
Received Import Request.
  Time since last request: 0.000016 seconds.
  path: Assets/Scenes/Level3Pol/Lightmap-52_comp_light.exr
  artifactKey: Guid(d517a5b2b41f2004e84cf7f658a56a36) Importer(815301076,1909f56bfc062723c751e8b465ee728b)
Start importing Assets/Scenes/Level3Pol/Lightmap-52_comp_light.exr using Guid(d517a5b2b41f2004e84cf7f658a56a36) Importer(815301076,1909f56bfc062723c751e8b465ee728b)  -> (artifact id: '7d872bf0e732b6bc72a4c4276ea0d21d') in 0.016140 seconds
Number of updated asset objects reloaded before import = 0
Number of asset objects unloaded after import = 2
========================================================================
Received Import Request.
  Time since last request: 0.000025 seconds.
  path: Assets/Scenes/Level3Pol/Lightmap-54_comp_dir.png
  artifactKey: Guid(4e2be76d2e59372479e445a315a551e5) Importer(815301076,1909f56bfc062723c751e8b465ee728b)
Start importing Assets/Scenes/Level3Pol/Lightmap-54_comp_dir.png using Guid(4e2be76d2e59372479e445a315a551e5) Importer(815301076,1909f56bfc062723c751e8b465ee728b)  -> (artifact id: '25cd040859e02435dbbf49da5822c068') in 0.018832 seconds
Number of updated asset objects reloaded before import = 0
Number of asset objects unloaded after import = 2
========================================================================
Received Import Request.
  Time since last request: 0.000022 seconds.
  path: Assets/Scenes/Level3Pol/Lightmap-53_comp_dir.png
  artifactKey: Guid(ce5b55ced18dee74d81da31e8e135883) Importer(815301076,1909f56bfc062723c751e8b465ee728b)
Start importing Assets/Scenes/Level3Pol/Lightmap-53_comp_dir.png using Guid(ce5b55ced18dee74d81da31e8e135883) Importer(815301076,1909f56bfc062723c751e8b465ee728b)  -> (artifact id: '3299d91a0912bed3c2c07a0de8e50454') in 0.018228 seconds
Number of updated asset objects reloaded before import = 0
Number of asset objects unloaded after import = 2
========================================================================
Received Import Request.
  Time since last request: 0.000020 seconds.
  path: Assets/Scenes/Level3Pol/Lightmap-55_comp_light.exr
  artifactKey: Guid(8e02a8fc103d413499f780c738f5a279) Importer(815301076,1909f56bfc062723c751e8b465ee728b)
Start importing Assets/Scenes/Level3Pol/Lightmap-55_comp_light.exr using Guid(8e02a8fc103d413499f780c738f5a279) Importer(815301076,1909f56bfc062723c751e8b465ee728b)  -> (artifact id: 'ebb1a352d190450b2fd3650c6d9304c5') in 0.015464 seconds
Number of updated asset objects reloaded before import = 0
Number of asset objects unloaded after import = 2
========================================================================
Received Import Request.
  Time since last request: 0.000026 seconds.
  path: Assets/Scenes/Level3Pol/Lightmap-59_comp_light.exr
  artifactKey: Guid(8e7e102087937a04cb603ce78bd2a096) Importer(815301076,1909f56bfc062723c751e8b465ee728b)
Start importing Assets/Scenes/Level3Pol/Lightmap-59_comp_light.exr using Guid(8e7e102087937a04cb603ce78bd2a096) Importer(815301076,1909f56bfc062723c751e8b465ee728b)  -> (artifact id: '743c7582ba6e00775e6e14c082e3fb75') in 0.021234 seconds
Number of updated asset objects reloaded before import = 0
Number of asset objects unloaded after import = 2
========================================================================
Received Import Request.
  Time since last request: 0.497115 seconds.
  path: Assets/Scenes/Level3Pol/Lightmap-62_comp_dir.png
  artifactKey: Guid(cf7705da97e3c72458582eaef61671a2) Importer(815301076,1909f56bfc062723c751e8b465ee728b)
Start importing Assets/Scenes/Level3Pol/Lightmap-62_comp_dir.png using Guid(cf7705da97e3c72458582eaef61671a2) Importer(815301076,1909f56bfc062723c751e8b465ee728b)  -> (artifact id: '0e6c34574fe7deef486cc2890ade7e10') in 0.014178 seconds
Number of updated asset objects reloaded before import = 0
Number of asset objects unloaded after import = 2
========================================================================
Received Import Request.
  Time since last request: 0.000017 seconds.
  path: Assets/Scenes/Level3Pol/Lightmap-65_comp_light.exr
  artifactKey: Guid(a2a6fe073ff37f948999a117aff16eda) Importer(815301076,1909f56bfc062723c751e8b465ee728b)
Start importing Assets/Scenes/Level3Pol/Lightmap-65_comp_light.exr using Guid(a2a6fe073ff37f948999a117aff16eda) Importer(815301076,1909f56bfc062723c751e8b465ee728b)  -> (artifact id: '53a4a42e1d44b4a576f19cea34b2fc26') in 0.014535 seconds
Number of updated asset objects reloaded before import = 0
Number of asset objects unloaded after import = 2
========================================================================
Received Import Request.
  Time since last request: 0.000096 seconds.
  path: Assets/Scenes/Level3Pol/Lightmap-64_comp_light.exr
  artifactKey: Guid(fba3f70a6c7dc0f45a338ceaccff938a) Importer(815301076,1909f56bfc062723c751e8b465ee728b)
Start importing Assets/Scenes/Level3Pol/Lightmap-64_comp_light.exr using Guid(fba3f70a6c7dc0f45a338ceaccff938a) Importer(815301076,1909f56bfc062723c751e8b465ee728b)  -> (artifact id: '0a8f48772cf7735427d22b818f0009c7') in 0.016478 seconds
Number of updated asset objects reloaded before import = 0
Number of asset objects unloaded after import = 2
========================================================================
Received Import Request.
  Time since last request: 0.000021 seconds.
  path: Assets/Scenes/Level3Pol/Lightmap-74_comp_light.exr
  artifactKey: Guid(79b3c1647500e4c41a02ba9d73136101) Importer(815301076,1909f56bfc062723c751e8b465ee728b)
Start importing Assets/Scenes/Level3Pol/Lightmap-74_comp_light.exr using Guid(79b3c1647500e4c41a02ba9d73136101) Importer(815301076,1909f56bfc062723c751e8b465ee728b)  -> (artifact id: '488ac41c328504b0328ae976e4a23b93') in 0.018251 seconds
Number of updated asset objects reloaded before import = 0
Number of asset objects unloaded after import = 2
========================================================================
Received Import Request.
  Time since last request: 0.000026 seconds.
  path: Assets/Scenes/Level3Pol/Lightmap-73_comp_dir.png
  artifactKey: Guid(935ddf815ece25442b3211b6e92794e6) Importer(815301076,1909f56bfc062723c751e8b465ee728b)
Start importing Assets/Scenes/Level3Pol/Lightmap-73_comp_dir.png using Guid(935ddf815ece25442b3211b6e92794e6) Importer(815301076,1909f56bfc062723c751e8b465ee728b)  -> (artifact id: '73368ea727de65fcb1216ddf98ade996') in 0.018374 seconds
Number of updated asset objects reloaded before import = 0
Number of asset objects unloaded after import = 2
========================================================================
Received Import Request.
  Time since last request: 0.000016 seconds.
  path: Assets/Scenes/Level3Pol/Lightmap-67_comp_light.exr
  artifactKey: Guid(68ed429ebda1a1b4ea06d3d518bca89a) Importer(815301076,1909f56bfc062723c751e8b465ee728b)
Start importing Assets/Scenes/Level3Pol/Lightmap-67_comp_light.exr using Guid(68ed429ebda1a1b4ea06d3d518bca89a) Importer(815301076,1909f56bfc062723c751e8b465ee728b)  -> (artifact id: 'e976318af9999e5df6679cd01610ef1d') in 0.013396 seconds
Number of updated asset objects reloaded before import = 0
Number of asset objects unloaded after import = 2
========================================================================
Received Import Request.
  Time since last request: 0.000022 seconds.
  path: Assets/Scenes/Level3Pol/Lightmap-68_comp_dir.png
  artifactKey: Guid(cb9224ae180470246aec93c0b8ab3400) Importer(815301076,1909f56bfc062723c751e8b465ee728b)
Start importing Assets/Scenes/Level3Pol/Lightmap-68_comp_dir.png using Guid(cb9224ae180470246aec93c0b8ab3400) Importer(815301076,1909f56bfc062723c751e8b465ee728b)  -> (artifact id: '0f3ca182e9d7498f17f2893a98a724de') in 0.016949 seconds
Number of updated asset objects reloaded before import = 0
Number of asset objects unloaded after import = 2
========================================================================
Received Import Request.
  Time since last request: 0.000020 seconds.
  path: Assets/Scenes/Level3Pol/Lightmap-69_comp_dir.png
  artifactKey: Guid(a34b56553d76dc9499948d2b3030df7b) Importer(815301076,1909f56bfc062723c751e8b465ee728b)
Start importing Assets/Scenes/Level3Pol/Lightmap-69_comp_dir.png using Guid(a34b56553d76dc9499948d2b3030df7b) Importer(815301076,1909f56bfc062723c751e8b465ee728b)  -> (artifact id: 'e3c6038ea714bdda375381a4b35fdd5c') in 0.016884 seconds
Number of updated asset objects reloaded before import = 0
Number of asset objects unloaded after import = 2
========================================================================
Received Import Request.
  Time since last request: 0.000206 seconds.
  path: Assets/Scenes/Level3Pol/Lightmap-70_comp_dir.png
  artifactKey: Guid(d5d0fa6dfba9cd942ae69cba8d1698f9) Importer(815301076,1909f56bfc062723c751e8b465ee728b)
Start importing Assets/Scenes/Level3Pol/Lightmap-70_comp_dir.png using Guid(d5d0fa6dfba9cd942ae69cba8d1698f9) Importer(815301076,1909f56bfc062723c751e8b465ee728b)  -> (artifact id: 'fd23042f9f24e4aff4d9dd011923ed0a') in 0.016111 seconds
Number of updated asset objects reloaded before import = 0
Number of asset objects unloaded after import = 2
========================================================================
Received Import Request.
  Time since last request: 0.000018 seconds.
  path: Assets/Scenes/Level3Pol/Lightmap-65_comp_dir.png
  artifactKey: Guid(0a84e1c04598cd54aa2c8ffe2aea39ff) Importer(815301076,1909f56bfc062723c751e8b465ee728b)
Start importing Assets/Scenes/Level3Pol/Lightmap-65_comp_dir.png using Guid(0a84e1c04598cd54aa2c8ffe2aea39ff) Importer(815301076,1909f56bfc062723c751e8b465ee728b)  -> (artifact id: '90701f7c06848820232216a8d208b461') in 0.018085 seconds
Number of updated asset objects reloaded before import = 0
Number of asset objects unloaded after import = 2
========================================================================
Received Import Request.
  Time since last request: 0.000017 seconds.
  path: Assets/Scenes/Level3Pol/Lightmap-71_comp_dir.png
  artifactKey: Guid(634968a3b52d63641a7ba483e203b94c) Importer(815301076,1909f56bfc062723c751e8b465ee728b)
Start importing Assets/Scenes/Level3Pol/Lightmap-71_comp_dir.png using Guid(634968a3b52d63641a7ba483e203b94c) Importer(815301076,1909f56bfc062723c751e8b465ee728b)  -> (artifact id: 'cab0f0c4eb0f30773510ba58cc05a2aa') in 0.018800 seconds
Number of updated asset objects reloaded before import = 0
Number of asset objects unloaded after import = 2
========================================================================
Received Import Request.
  Time since last request: 0.000018 seconds.
  path: Assets/Scenes/Level3Pol/Lightmap-70_comp_light.exr
  artifactKey: Guid(ad4078d835cef5f40b1da8fd1352a577) Importer(815301076,1909f56bfc062723c751e8b465ee728b)
Start importing Assets/Scenes/Level3Pol/Lightmap-70_comp_light.exr using Guid(ad4078d835cef5f40b1da8fd1352a577) Importer(815301076,1909f56bfc062723c751e8b465ee728b)  -> (artifact id: '88ffb5d5e212028be24c023d7979b607') in 0.020931 seconds
Number of updated asset objects reloaded before import = 0
Number of asset objects unloaded after import = 2
========================================================================
Received Import Request.
  Time since last request: 0.000017 seconds.
  path: Assets/Scenes/Level3Pol/Lightmap-72_comp_dir.png
  artifactKey: Guid(8d86cb4c0202c874bb04880cb9836e55) Importer(815301076,1909f56bfc062723c751e8b465ee728b)
Start importing Assets/Scenes/Level3Pol/Lightmap-72_comp_dir.png using Guid(8d86cb4c0202c874bb04880cb9836e55) Importer(815301076,1909f56bfc062723c751e8b465ee728b)  -> (artifact id: '1e729604140e34444ecbc639ca4b1b39') in 0.019030 seconds
Number of updated asset objects reloaded before import = 0
Number of asset objects unloaded after import = 2
========================================================================
Received Import Request.
  Time since last request: 0.000024 seconds.
  path: Assets/Scenes/Level3Pol/Lightmap-69_comp_light.exr
  artifactKey: Guid(33f370c2abd954942b4b067be317e29a) Importer(815301076,1909f56bfc062723c751e8b465ee728b)
Start importing Assets/Scenes/Level3Pol/Lightmap-69_comp_light.exr using Guid(33f370c2abd954942b4b067be317e29a) Importer(815301076,1909f56bfc062723c751e8b465ee728b)  -> (artifact id: '4e432423a642a72d13ec2b81d9461084') in 0.018164 seconds
Number of updated asset objects reloaded before import = 0
Number of asset objects unloaded after import = 2
========================================================================
Received Import Request.
  Time since last request: 0.000023 seconds.
  path: Assets/Scenes/Level3Pol/Lightmap-76_comp_light.exr
  artifactKey: Guid(d641241b1c5f6414aa340ac2edfc5a06) Importer(815301076,1909f56bfc062723c751e8b465ee728b)
Start importing Assets/Scenes/Level3Pol/Lightmap-76_comp_light.exr using Guid(d641241b1c5f6414aa340ac2edfc5a06) Importer(815301076,1909f56bfc062723c751e8b465ee728b)  -> (artifact id: '03b8639bb7c826435a1ce790fdf84b41') in 0.017325 seconds
Number of updated asset objects reloaded before import = 0
Number of asset objects unloaded after import = 2
========================================================================
Received Import Request.
  Time since last request: 0.000025 seconds.
  path: Assets/Scenes/Level3Pol/Lightmap-75_comp_light.exr
  artifactKey: Guid(98284ef91198b1148ad4791aa27090dc) Importer(815301076,1909f56bfc062723c751e8b465ee728b)
Start importing Assets/Scenes/Level3Pol/Lightmap-75_comp_light.exr using Guid(98284ef91198b1148ad4791aa27090dc) Importer(815301076,1909f56bfc062723c751e8b465ee728b)  -> (artifact id: '51418ec4cb2a248954b794a61bdab76b') in 0.020147 seconds
Number of updated asset objects reloaded before import = 0
Number of asset objects unloaded after import = 2
========================================================================
Received Import Request.
  Time since last request: 0.581076 seconds.
  path: Assets/Scenes/Level3Pol/Lightmap-78_comp_dir.png
  artifactKey: Guid(377d5782911c30943a724bc725b597d2) Importer(815301076,1909f56bfc062723c751e8b465ee728b)
Start importing Assets/Scenes/Level3Pol/Lightmap-78_comp_dir.png using Guid(377d5782911c30943a724bc725b597d2) Importer(815301076,1909f56bfc062723c751e8b465ee728b)  -> (artifact id: '35dd02f0ae2f090b7b280946b2395a86') in 0.017076 seconds
Number of updated asset objects reloaded before import = 0
Number of asset objects unloaded after import = 2
========================================================================
Received Import Request.
  Time since last request: 0.004115 seconds.
  path: Assets/Scenes/Level3Pol/Lightmap-93_comp_light.exr
  artifactKey: Guid(d1fe93a0822b40f4ea8b30f9f384c9d0) Importer(815301076,1909f56bfc062723c751e8b465ee728b)
Start importing Assets/Scenes/Level3Pol/Lightmap-93_comp_light.exr using Guid(d1fe93a0822b40f4ea8b30f9f384c9d0) Importer(815301076,1909f56bfc062723c751e8b465ee728b)  -> (artifact id: '9a80e3e5933b195c406b3c369613abbb') in 0.021666 seconds
Number of updated asset objects reloaded before import = 0
Number of asset objects unloaded after import = 2
========================================================================
Received Import Request.
  Time since last request: 0.000018 seconds.
  path: Assets/Scenes/Level3Pol/Lightmap-80_comp_dir.png
  artifactKey: Guid(44d1842cdd16f8b4f8d12a58bf5d45f7) Importer(815301076,1909f56bfc062723c751e8b465ee728b)
Start importing Assets/Scenes/Level3Pol/Lightmap-80_comp_dir.png using Guid(44d1842cdd16f8b4f8d12a58bf5d45f7) Importer(815301076,1909f56bfc062723c751e8b465ee728b)  -> (artifact id: 'f90320ed6ca627e77c8f2d3bf4783835') in 0.018738 seconds
Number of updated asset objects reloaded before import = 0
Number of asset objects unloaded after import = 2
========================================================================
Received Import Request.
  Time since last request: 0.000022 seconds.
  path: Assets/Scenes/Level3Pol/Lightmap-85_comp_dir.png
  artifactKey: Guid(f8f556dfab7cf4d4cb81eca1230f605d) Importer(815301076,1909f56bfc062723c751e8b465ee728b)
Start importing Assets/Scenes/Level3Pol/Lightmap-85_comp_dir.png using Guid(f8f556dfab7cf4d4cb81eca1230f605d) Importer(815301076,1909f56bfc062723c751e8b465ee728b)  -> (artifact id: '60e9e18d0a436e528d859625d04ce6ee') in 0.015175 seconds
Number of updated asset objects reloaded before import = 0
Number of asset objects unloaded after import = 2
========================================================================
Received Import Request.
  Time since last request: 0.000023 seconds.
  path: Assets/Scenes/Level3Pol/Lightmap-87_comp_dir.png
  artifactKey: Guid(12be030840d0fd840be265ee2d38865d) Importer(815301076,1909f56bfc062723c751e8b465ee728b)
Start importing Assets/Scenes/Level3Pol/Lightmap-87_comp_dir.png using Guid(12be030840d0fd840be265ee2d38865d) Importer(815301076,1909f56bfc062723c751e8b465ee728b)  -> (artifact id: '9a8ebd32b4dbaed69484f1734c6b5074') in 0.014254 seconds
Number of updated asset objects reloaded before import = 0
Number of asset objects unloaded after import = 2
========================================================================
Received Import Request.
  Time since last request: 0.000019 seconds.
  path: Assets/Scenes/Level3Pol/Lightmap-93_comp_dir.png
  artifactKey: Guid(cbcf25585f4cb0c44a6c26cbcb5cd77c) Importer(815301076,1909f56bfc062723c751e8b465ee728b)
Start importing Assets/Scenes/Level3Pol/Lightmap-93_comp_dir.png using Guid(cbcf25585f4cb0c44a6c26cbcb5cd77c) Importer(815301076,1909f56bfc062723c751e8b465ee728b)  -> (artifact id: 'ea7889f5c74868ceaa0baf65d4066b10') in 0.012653 seconds
Number of updated asset objects reloaded before import = 0
Number of asset objects unloaded after import = 2
========================================================================
Received Import Request.
  Time since last request: 0.000017 seconds.
  path: Assets/Scenes/Level3Pol/Lightmap-85_comp_light.exr
  artifactKey: Guid(4e3ea2c9f376706489a9c4bd29bb4faa) Importer(815301076,1909f56bfc062723c751e8b465ee728b)
Start importing Assets/Scenes/Level3Pol/Lightmap-85_comp_light.exr using Guid(4e3ea2c9f376706489a9c4bd29bb4faa) Importer(815301076,1909f56bfc062723c751e8b465ee728b)  -> (artifact id: 'd25ceed5f5f78e93a6bb3032a150c75e') in 0.016591 seconds
Number of updated asset objects reloaded before import = 0
Number of asset objects unloaded after import = 2
========================================================================
Received Import Request.
  Time since last request: 0.000040 seconds.
  path: Assets/Scenes/Level3Pol/Lightmap-84_comp_light.exr
  artifactKey: Guid(83d42a59f4c45d2489116a630c060311) Importer(815301076,1909f56bfc062723c751e8b465ee728b)
Start importing Assets/Scenes/Level3Pol/Lightmap-84_comp_light.exr using Guid(83d42a59f4c45d2489116a630c060311) Importer(815301076,1909f56bfc062723c751e8b465ee728b)  -> (artifact id: '30e47b62cbf6b706c03e1f08bb58fb10') in 0.017985 seconds
Number of updated asset objects reloaded before import = 0
Number of asset objects unloaded after import = 2
========================================================================
Received Import Request.
  Time since last request: 0.000024 seconds.
  path: Assets/Scenes/Level3Pol/Lightmap-91_comp_dir.png
  artifactKey: Guid(882da081d727d6947a523f61ce4628bc) Importer(815301076,1909f56bfc062723c751e8b465ee728b)
Start importing Assets/Scenes/Level3Pol/Lightmap-91_comp_dir.png using Guid(882da081d727d6947a523f61ce4628bc) Importer(815301076,1909f56bfc062723c751e8b465ee728b)  -> (artifact id: '05e64bdcf235a06d01bfcca8433f610e') in 0.015290 seconds
Number of updated asset objects reloaded before import = 0
Number of asset objects unloaded after import = 2
========================================================================
Received Import Request.
  Time since last request: 0.000019 seconds.
  path: Assets/Scenes/Level3Pol/Lightmap-82_comp_dir.png
  artifactKey: Guid(eac6d9929ae3f034aa8295a1c93386f2) Importer(815301076,1909f56bfc062723c751e8b465ee728b)
Start importing Assets/Scenes/Level3Pol/Lightmap-82_comp_dir.png using Guid(eac6d9929ae3f034aa8295a1c93386f2) Importer(815301076,1909f56bfc062723c751e8b465ee728b)  -> (artifact id: '416abc966295a162caf1d3880d82e395') in 0.015804 seconds
Number of updated asset objects reloaded before import = 0
Number of asset objects unloaded after import = 2
========================================================================
Received Import Request.
  Time since last request: 0.000017 seconds.
  path: Assets/Scenes/Level3Pol/Lightmap-82_comp_light.exr
  artifactKey: Guid(46afd34ee2c38fa49b637491b0a75e8a) Importer(815301076,1909f56bfc062723c751e8b465ee728b)
Start importing Assets/Scenes/Level3Pol/Lightmap-82_comp_light.exr using Guid(46afd34ee2c38fa49b637491b0a75e8a) Importer(815301076,1909f56bfc062723c751e8b465ee728b)  -> (artifact id: '36f5dea2e36e0f9b6d4e377ef70bafb5') in 0.028578 seconds
Number of updated asset objects reloaded before import = 0
Number of asset objects unloaded after import = 2
========================================================================
Received Import Request.
  Time since last request: 2.852938 seconds.
  path: Assets/Scenes/Level3Pol/Lightmap-94_comp_dir.png
  artifactKey: Guid(b21f77fc4b2a2504384e21690e201f1f) Importer(815301076,1909f56bfc062723c751e8b465ee728b)
Start importing Assets/Scenes/Level3Pol/Lightmap-94_comp_dir.png using Guid(b21f77fc4b2a2504384e21690e201f1f) Importer(815301076,1909f56bfc062723c751e8b465ee728b)  -> (artifact id: 'ffd4d76d0890b355a665903ef5a68938') in 0.013753 seconds
Number of updated asset objects reloaded before import = 0
Number of asset objects unloaded after import = 2
========================================================================
Received Import Request.
  Time since last request: 0.000038 seconds.
  path: Assets/Scenes/Level3Pol/Lightmap-95_comp_light.exr
  artifactKey: Guid(66a7b8502e8ca98418d0e2012ef6f10b) Importer(815301076,1909f56bfc062723c751e8b465ee728b)
Start importing Assets/Scenes/Level3Pol/Lightmap-95_comp_light.exr using Guid(66a7b8502e8ca98418d0e2012ef6f10b) Importer(815301076,1909f56bfc062723c751e8b465ee728b)  -> (artifact id: 'ca042e56ba6497d7ba2d02e6c8232081') in 0.013665 seconds
Number of updated asset objects reloaded before import = 0
Number of asset objects unloaded after import = 2
========================================================================
Received Import Request.
  Time since last request: 0.000018 seconds.
  path: Assets/Scenes/Level3Pol/Lightmap-97_comp_dir.png
  artifactKey: Guid(163a622916602f84abca7c91bbce2275) Importer(815301076,1909f56bfc062723c751e8b465ee728b)
Start importing Assets/Scenes/Level3Pol/Lightmap-97_comp_dir.png using Guid(163a622916602f84abca7c91bbce2275) Importer(815301076,1909f56bfc062723c751e8b465ee728b)  -> (artifact id: 'ed475571b14a71e354d88393c2a8ee5c') in 0.011881 seconds
Number of updated asset objects reloaded before import = 0
Number of asset objects unloaded after import = 2
========================================================================
Received Import Request.
  Time since last request: 263.121832 seconds.
  path: Assets/Prefabs/Rubble 1/New Material.mat
  artifactKey: Guid(c10ac22904fed5248bfe3344eedf44cd) Importer(815301076,1909f56bfc062723c751e8b465ee728b)
Start importing Assets/Prefabs/Rubble 1/New Material.mat using Guid(c10ac22904fed5248bfe3344eedf44cd) Importer(815301076,1909f56bfc062723c751e8b465ee728b)  -> (artifact id: 'c0cea1cea8913549a80a1f852b40990a') in 0.069876 seconds
Number of updated asset objects reloaded before import = 1
Number of asset objects unloaded after import = 6
========================================================================
Received Import Request.
  Time since last request: 183.583159 seconds.
  path: Assets/Prefabs/Blockers.prefab
  artifactKey: Guid(333d7f8ddbb03bf449f3d8e619bffc28) Importer(815301076,1909f56bfc062723c751e8b465ee728b)
Start importing Assets/Prefabs/Blockers.prefab using Guid(333d7f8ddbb03bf449f3d8e619bffc28) Importer(815301076,1909f56bfc062723c751e8b465ee728b)  -> (artifact id: 'fd5c591efccde57faa6b3855f28c0fc7') in 0.006948 seconds
Number of updated asset objects reloaded before import = 1
Number of asset objects unloaded after import = 44
========================================================================
Received Import Request.
  Time since last request: 0.009452 seconds.
  path: Assets/Prefabs/DeathScreen.prefab
  artifactKey: Guid(285e074d9ba887446ba0a064a58e3557) Importer(815301076,1909f56bfc062723c751e8b465ee728b)
Start importing Assets/Prefabs/DeathScreen.prefab using Guid(285e074d9ba887446ba0a064a58e3557) Importer(815301076,1909f56bfc062723c751e8b465ee728b)  -> (artifact id: 'e46315365be416cd4cfbb6536b4a601a') in 0.027777 seconds
Number of updated asset objects reloaded before import = 0
Number of asset objects unloaded after import = 42
========================================================================
Received Import Request.
  Time since last request: 0.862548 seconds.
  path: Assets/Prefabs/Systems.prefab
  artifactKey: Guid(1a32bb5aaf21df040a86121d1db770fb) Importer(815301076,1909f56bfc062723c751e8b465ee728b)
Start importing Assets/Prefabs/Systems.prefab using Guid(1a32bb5aaf21df040a86121d1db770fb) Importer(815301076,1909f56bfc062723c751e8b465ee728b)  -> (artifact id: '82285ed6a2202c131361bf71f3eb4fd8') in 0.038474 seconds
Number of updated asset objects reloaded before import = 0
Number of asset objects unloaded after import = 130
========================================================================
Received Import Request.
  Time since last request: 33.024478 seconds.
  path: Assets/Prefabs/cone.fbx
  artifactKey: Guid(aa3df1c243072b84ab79439f8ad90866) Importer(815301076,1909f56bfc062723c751e8b465ee728b)
Start importing Assets/Prefabs/cone.fbx using Guid(aa3df1c243072b84ab79439f8ad90866) Importer(815301076,1909f56bfc062723c751e8b465ee728b)  -> (artifact id: '0ffc25eaa57f5a9dcaf8a1dd68a727db') in 0.058027 seconds
Number of updated asset objects reloaded before import = 0
Number of asset objects unloaded after import = 8
========================================================================
Received Prepare
Begin MonoManager ReloadAssembly
- Loaded All Assemblies, in  0.513 seconds
Refreshing native plugins compatible for Editor in 3.65 ms, found 3 plugins.
Native extension for WindowsStandalone target not found
Native extension for Android target not found
Native extension for WebGL target not found
Mono: successfully reloaded assembly
- Finished resetting the current domain, in  1.323 seconds
Domain Reload Profiling: 1834ms
	BeginReloadAssembly (178ms)
		ExecutionOrderSort (0ms)
		DisableScriptedObjects (13ms)
		BackupInstance (0ms)
		ReleaseScriptingObjects (0ms)
		CreateAndSetChildDomain (57ms)
	RebuildCommonClasses (31ms)
	RebuildNativeTypeToScriptingClass (8ms)
	initialDomainReloadingComplete (29ms)
	LoadAllAssembliesAndSetupDomain (265ms)
		LoadAssemblies (325ms)
		RebuildTransferFunctionScriptingTraits (0ms)
		AnalyzeDomain (17ms)
			TypeCache.Refresh (5ms)
				TypeCache.ScanAssembly (0ms)
			ScanForSourceGeneratedMonoScriptInfo (0ms)
			ResolveRequiredComponents (11ms)
	FinalizeReload (1324ms)
		ReleaseScriptCaches (0ms)
		RebuildScriptCaches (0ms)
		SetupLoadedEditorAssemblies (548ms)
			LogAssemblyErrors (0ms)
			InitializePlatformSupportModulesInManaged (26ms)
			SetLoadedEditorAssemblies (4ms)
			RefreshPlugins (0ms)
			BeforeProcessingInitializeOnLoad (79ms)
			ProcessInitializeOnLoadAttributes (371ms)
			ProcessInitializeOnLoadMethodAttributes (59ms)
			AfterProcessingInitializeOnLoad (9ms)
			EditorAssembliesLoaded (0ms)
		ExecutionOrderSort2 (0ms)
		AwakeInstancesAfterBackupRestoration (20ms)
Refreshing native plugins compatible for Editor in 2.84 ms, found 3 plugins.
Preloading 0 native plugins for Editor in 0.00 ms.
Unloading 6187 Unused Serialized files (Serialized files now loaded: 0)
Unloading 61 unused Assets / (2.9 MB). Loaded Objects now: 7428.
Memory consumption went from 251.6 MB to 248.7 MB.
Total: 4.051500 ms (FindLiveObjects: 0.444000 ms CreateObjectMapping: 0.191700 ms MarkObjects: 2.953400 ms  DeleteObjects: 0.461100 ms)

Prepare: number of updated asset objects reloaded= 0
AssetImportParameters requested are different than current active one (requested -> active):
  custom:container-demuxer-ogg: 62fdf1f143b41e24485cea50d1cbac27 -> 
  custom:framework-win-MediaFoundation: 216162199b28c13a410421893ffa2e32 -> 
  custom:container-muxer-webm: aa71ff27fc2769a1b78a27578f13a17b -> 
  custom:video-decoder-webm-vp8: 9c59270c3fd7afecdb556c50c9e8de78 -> 
  custom:SearchIndexIgnoredProperties: e643bd26f0fe6173181afceb89e7c659 -> 
  custom:AudioImporter_EditorPlatform: d09bf68614088b80899f8185d706f6e7 -> 
  custom:audio-decoder-ogg-vorbis: bf7c407c2cedff20999df2af8eb42d56 -> 
  custom:audio-encoder-webm-vorbis: bf7c407c2cedff20999df2af8eb42d56 -> 
  custom:video-codec-MediaFoundation-h265: 746d11721c4dcdbdad8f713fa42b33f4 -> 
  custom:video-decoder-ogg-theora: a1e56fd34408186e4bbccfd4996cb3dc -> 
  custom:CustomObjectIndexerAttribute: 3ead1caaecf1c488f20bcfeb224b6af5 -> 
  custom:container-demuxer-webm: 4f35f7cbe854078d1ac9338744f61a02 -> 
  custom:video-encoder-webm-vp8: eb34c28f22e8b96e1ab97ce403110664 -> 
========================================================================
Received Prepare
Begin MonoManager ReloadAssembly
- Loaded All Assemblies, in  0.444 seconds
Refreshing native plugins compatible for Editor in 3.04 ms, found 3 plugins.
Native extension for WindowsStandalone target not found
Native extension for Android target not found
Native extension for WebGL target not found
Mono: successfully reloaded assembly
- Finished resetting the current domain, in  1.323 seconds
Domain Reload Profiling: 1765ms
	BeginReloadAssembly (162ms)
		ExecutionOrderSort (0ms)
		DisableScriptedObjects (4ms)
		BackupInstance (0ms)
		ReleaseScriptingObjects (0ms)
		CreateAndSetChildDomain (50ms)
	RebuildCommonClasses (28ms)
	RebuildNativeTypeToScriptingClass (11ms)
	initialDomainReloadingComplete (29ms)
	LoadAllAssembliesAndSetupDomain (211ms)
		LoadAssemblies (272ms)
		RebuildTransferFunctionScriptingTraits (0ms)
		AnalyzeDomain (18ms)
			TypeCache.Refresh (5ms)
				TypeCache.ScanAssembly (0ms)
			ScanForSourceGeneratedMonoScriptInfo (0ms)
			ResolveRequiredComponents (12ms)
	FinalizeReload (1323ms)
		ReleaseScriptCaches (0ms)
		RebuildScriptCaches (0ms)
		SetupLoadedEditorAssemblies (587ms)
			LogAssemblyErrors (0ms)
			InitializePlatformSupportModulesInManaged (24ms)
			SetLoadedEditorAssemblies (4ms)
			RefreshPlugins (0ms)
			BeforeProcessingInitializeOnLoad (86ms)
			ProcessInitializeOnLoadAttributes (400ms)
			ProcessInitializeOnLoadMethodAttributes (63ms)
			AfterProcessingInitializeOnLoad (10ms)
			EditorAssembliesLoaded (0ms)
		ExecutionOrderSort2 (0ms)
		AwakeInstancesAfterBackupRestoration (24ms)
Refreshing native plugins compatible for Editor in 3.25 ms, found 3 plugins.
Preloading 0 native plugins for Editor in 0.00 ms.
Unloading 6187 Unused Serialized files (Serialized files now loaded: 0)
Unloading 58 unused Assets / (2.9 MB). Loaded Objects now: 7448.
Memory consumption went from 253.4 MB to 250.6 MB.
Total: 4.593400 ms (FindLiveObjects: 0.468400 ms CreateObjectMapping: 0.230700 ms MarkObjects: 3.274200 ms  DeleteObjects: 0.618800 ms)

Prepare: number of updated asset objects reloaded= 0
AssetImportParameters requested are different than current active one (requested -> active):
  custom:container-demuxer-ogg: 62fdf1f143b41e24485cea50d1cbac27 -> 
  custom:framework-win-MediaFoundation: 216162199b28c13a410421893ffa2e32 -> 
  custom:container-muxer-webm: aa71ff27fc2769a1b78a27578f13a17b -> 
  custom:video-decoder-webm-vp8: 9c59270c3fd7afecdb556c50c9e8de78 -> 
  custom:SearchIndexIgnoredProperties: e643bd26f0fe6173181afceb89e7c659 -> 
  custom:AudioImporter_EditorPlatform: d09bf68614088b80899f8185d706f6e7 -> 
  custom:audio-decoder-ogg-vorbis: bf7c407c2cedff20999df2af8eb42d56 -> 
  custom:audio-encoder-webm-vorbis: bf7c407c2cedff20999df2af8eb42d56 -> 
  custom:video-codec-MediaFoundation-h265: 746d11721c4dcdbdad8f713fa42b33f4 -> 
  custom:video-decoder-ogg-theora: a1e56fd34408186e4bbccfd4996cb3dc -> 
  custom:CustomObjectIndexerAttribute: 3ead1caaecf1c488f20bcfeb224b6af5 -> 
  custom:container-demuxer-webm: 4f35f7cbe854078d1ac9338744f61a02 -> 
  custom:video-encoder-webm-vp8: eb34c28f22e8b96e1ab97ce403110664 -> 
========================================================================
Received Import Request.
  Time since last request: 304.474600 seconds.
  path: Assets/Materials/images-removebg-preview.png
  artifactKey: Guid(7cedad3a7a187f84ab2c984b0ae7d7fb) Importer(815301076,1909f56bfc062723c751e8b465ee728b)
Start importing Assets/Materials/images-removebg-preview.png using Guid(7cedad3a7a187f84ab2c984b0ae7d7fb) Importer(815301076,1909f56bfc062723c751e8b465ee728b)  -> (artifact id: '8e1f1ea11bc3f4c5461ac49e8be17bc2') in 0.052811 seconds
Number of updated asset objects reloaded before import = 0
Number of asset objects unloaded after import = 2
========================================================================
Received Prepare
Begin MonoManager ReloadAssembly
- Loaded All Assemblies, in  0.461 seconds
Refreshing native plugins compatible for Editor in 2.64 ms, found 3 plugins.
Native extension for WindowsStandalone target not found
Native extension for Android target not found
Native extension for WebGL target not found
Mono: successfully reloaded assembly
- Finished resetting the current domain, in  1.333 seconds
Domain Reload Profiling: 1792ms
	BeginReloadAssembly (175ms)
		ExecutionOrderSort (0ms)
		DisableScriptedObjects (5ms)
		BackupInstance (0ms)
		ReleaseScriptingObjects (0ms)
		CreateAndSetChildDomain (64ms)
	RebuildCommonClasses (27ms)
	RebuildNativeTypeToScriptingClass (8ms)
	initialDomainReloadingComplete (28ms)
	LoadAllAssembliesAndSetupDomain (220ms)
		LoadAssemblies (279ms)
		RebuildTransferFunctionScriptingTraits (0ms)
		AnalyzeDomain (17ms)
			TypeCache.Refresh (5ms)
				TypeCache.ScanAssembly (0ms)
			ScanForSourceGeneratedMonoScriptInfo (0ms)
			ResolveRequiredComponents (11ms)
	FinalizeReload (1334ms)
		ReleaseScriptCaches (0ms)
		RebuildScriptCaches (0ms)
		SetupLoadedEditorAssemblies (531ms)
			LogAssemblyErrors (0ms)
			InitializePlatformSupportModulesInManaged (25ms)
			SetLoadedEditorAssemblies (4ms)
			RefreshPlugins (0ms)
			BeforeProcessingInitializeOnLoad (75ms)
			ProcessInitializeOnLoadAttributes (332ms)
			ProcessInitializeOnLoadMethodAttributes (81ms)
			AfterProcessingInitializeOnLoad (13ms)
			EditorAssembliesLoaded (0ms)
		ExecutionOrderSort2 (0ms)
		AwakeInstancesAfterBackupRestoration (31ms)
Refreshing native plugins compatible for Editor in 3.74 ms, found 3 plugins.
Preloading 0 native plugins for Editor in 0.00 ms.
Unloading 6187 Unused Serialized files (Serialized files now loaded: 0)
Unloading 58 unused Assets / (2.9 MB). Loaded Objects now: 7468.
Memory consumption went from 255.4 MB to 252.5 MB.
Total: 4.236700 ms (FindLiveObjects: 0.482500 ms CreateObjectMapping: 0.291800 ms MarkObjects: 2.899400 ms  DeleteObjects: 0.561700 ms)

Prepare: number of updated asset objects reloaded= 1
AssetImportParameters requested are different than current active one (requested -> active):
  custom:container-demuxer-ogg: 62fdf1f143b41e24485cea50d1cbac27 -> 
  custom:framework-win-MediaFoundation: 216162199b28c13a410421893ffa2e32 -> 
  custom:container-muxer-webm: aa71ff27fc2769a1b78a27578f13a17b -> 
  custom:video-decoder-webm-vp8: 9c59270c3fd7afecdb556c50c9e8de78 -> 
  custom:SearchIndexIgnoredProperties: e643bd26f0fe6173181afceb89e7c659 -> 
  custom:AudioImporter_EditorPlatform: d09bf68614088b80899f8185d706f6e7 -> 
  custom:audio-decoder-ogg-vorbis: bf7c407c2cedff20999df2af8eb42d56 -> 
  custom:audio-encoder-webm-vorbis: bf7c407c2cedff20999df2af8eb42d56 -> 
  custom:video-codec-MediaFoundation-h265: 746d11721c4dcdbdad8f713fa42b33f4 -> 
  custom:video-decoder-ogg-theora: a1e56fd34408186e4bbccfd4996cb3dc -> 
  custom:CustomObjectIndexerAttribute: 3ead1caaecf1c488f20bcfeb224b6af5 -> 
  custom:container-demuxer-webm: 4f35f7cbe854078d1ac9338744f61a02 -> 
  custom:video-encoder-webm-vp8: eb34c28f22e8b96e1ab97ce403110664 -> 
========================================================================
Received Prepare
Begin MonoManager ReloadAssembly
- Loaded All Assemblies, in  0.500 seconds
Refreshing native plugins compatible for Editor in 3.59 ms, found 3 plugins.
Native extension for WindowsStandalone target not found
Native extension for Android target not found
Native extension for WebGL target not found
Mono: successfully reloaded assembly
- Finished resetting the current domain, in  1.383 seconds
Domain Reload Profiling: 1881ms
	BeginReloadAssembly (179ms)
		ExecutionOrderSort (0ms)
		DisableScriptedObjects (4ms)
		BackupInstance (0ms)
		ReleaseScriptingObjects (0ms)
		CreateAndSetChildDomain (55ms)
	RebuildCommonClasses (35ms)
	RebuildNativeTypeToScriptingClass (11ms)
	initialDomainReloadingComplete (32ms)
	LoadAllAssembliesAndSetupDomain (241ms)
		LoadAssemblies (306ms)
		RebuildTransferFunctionScriptingTraits (0ms)
		AnalyzeDomain (19ms)
			TypeCache.Refresh (5ms)
				TypeCache.ScanAssembly (0ms)
			ScanForSourceGeneratedMonoScriptInfo (0ms)
			ResolveRequiredComponents (12ms)
	FinalizeReload (1383ms)
		ReleaseScriptCaches (0ms)
		RebuildScriptCaches (0ms)
		SetupLoadedEditorAssemblies (547ms)
			LogAssemblyErrors (0ms)
			InitializePlatformSupportModulesInManaged (26ms)
			SetLoadedEditorAssemblies (4ms)
			RefreshPlugins (0ms)
			BeforeProcessingInitializeOnLoad (82ms)
			ProcessInitializeOnLoadAttributes (366ms)
			ProcessInitializeOnLoadMethodAttributes (61ms)
			AfterProcessingInitializeOnLoad (8ms)
			EditorAssembliesLoaded (0ms)
		ExecutionOrderSort2 (0ms)
		AwakeInstancesAfterBackupRestoration (25ms)
Refreshing native plugins compatible for Editor in 3.78 ms, found 3 plugins.
Preloading 0 native plugins for Editor in 0.00 ms.
Unloading 6187 Unused Serialized files (Serialized files now loaded: 0)
Unloading 58 unused Assets / (2.9 MB). Loaded Objects now: 7488.
Memory consumption went from 257.3 MB to 254.5 MB.
Total: 4.279600 ms (FindLiveObjects: 0.513500 ms CreateObjectMapping: 0.246700 ms MarkObjects: 2.925300 ms  DeleteObjects: 0.593300 ms)

Prepare: number of updated asset objects reloaded= 0
AssetImportParameters requested are different than current active one (requested -> active):
  custom:container-demuxer-ogg: 62fdf1f143b41e24485cea50d1cbac27 -> 
  custom:framework-win-MediaFoundation: 216162199b28c13a410421893ffa2e32 -> 
  custom:container-muxer-webm: aa71ff27fc2769a1b78a27578f13a17b -> 
  custom:video-decoder-webm-vp8: 9c59270c3fd7afecdb556c50c9e8de78 -> 
  custom:SearchIndexIgnoredProperties: e643bd26f0fe6173181afceb89e7c659 -> 
  custom:AudioImporter_EditorPlatform: d09bf68614088b80899f8185d706f6e7 -> 
  custom:audio-decoder-ogg-vorbis: bf7c407c2cedff20999df2af8eb42d56 -> 
  custom:audio-encoder-webm-vorbis: bf7c407c2cedff20999df2af8eb42d56 -> 
  custom:video-codec-MediaFoundation-h265: 746d11721c4dcdbdad8f713fa42b33f4 -> 
  custom:video-decoder-ogg-theora: a1e56fd34408186e4bbccfd4996cb3dc -> 
  custom:CustomObjectIndexerAttribute: 3ead1caaecf1c488f20bcfeb224b6af5 -> 
  custom:container-demuxer-webm: 4f35f7cbe854078d1ac9338744f61a02 -> 
  custom:video-encoder-webm-vp8: eb34c28f22e8b96e1ab97ce403110664 -> 
========================================================================
Received Import Request.
  Time since last request: 424.280788 seconds.
  path: Assets/Materials/VolumetricLIght.mat
  artifactKey: Guid(c474524961805bd47b43c14bf8505330) Importer(815301076,1909f56bfc062723c751e8b465ee728b)
Start importing Assets/Materials/VolumetricLIght.mat using Guid(c474524961805bd47b43c14bf8505330) Importer(815301076,1909f56bfc062723c751e8b465ee728b)  -> (artifact id: 'a2abccd3cf874ac4d39933bc38ba0b5b') in 0.514433 seconds
Number of updated asset objects reloaded before import = 0
Number of asset objects unloaded after import = 23
